<?xml version='1.0' encoding='UTF-8'?>
<gpx version="1.1" creator="https://www.komoot.de" xmlns="http://www.topografix.com/GPX/1/1" xmlns:xsi="http://www.w3.org/2001/XMLSchema-instance" xsi:schemaLocation="http://www.topografix.com/GPX/1/1 http://www.topografix.com/GPX/1/1/gpx.xsd">
  <trk>
    <trkseg>
      <trkpt lat="48.137654" lon="11.593280">
        <ele>517.916831</ele>
      </trkpt>
      <trkpt lat="48.137663" lon="11.593279">
        <ele>517.916831</ele>
      </trkpt>
      <trkpt lat="48.138216" lon="11.593487">
        <ele>517.916831</ele>
      </trkpt>
      <trkpt lat="48.138346" lon="11.593586">
        <ele>517.916831</ele>
      </trkpt>
      <trkpt lat="48.138588" lon="11.593750">
        <ele>517.809769</ele>
      </trkpt>
      <trkpt lat="48.139118" lon="11.594243">
        <ele>517.078097</ele>
      </trkpt>
      <trkpt lat="48.139267" lon="11.594393">
        <ele>516.867558</ele>
      </trkpt>
      <trkpt lat="48.139508" lon="11.594642">
        <ele>516.524211</ele>
      </trkpt>
      <trkpt lat="48.139706" lon="11.594828">
        <ele>516.250116</ele>
      </trkpt>
      <trkpt lat="48.139814" lon="11.594897">
        <ele>516.112409</ele>
      </trkpt>
      <trkpt lat="48.140155" lon="11.595056">
        <ele>515.785303</ele>
      </trkpt>
      <trkpt lat="48.140540" lon="11.595239">
        <ele>515.694105</ele>
      </trkpt>
      <trkpt lat="48.141056" lon="11.595491">
        <ele>515.571566</ele>
      </trkpt>
      <trkpt lat="48.141295" lon="11.595664">
        <ele>515.511637</ele>
      </trkpt>
      <trkpt lat="48.141350" lon="11.595689">
        <ele>515.498659</ele>
      </trkpt>
      <trkpt lat="48.141378" lon="11.595746">
        <ele>515.487995</ele>
      </trkpt>
      <trkpt lat="48.141437" lon="11.595956">
        <ele>515.453664</ele>
      </trkpt>
      <trkpt lat="48.141544" lon="11.596009">
        <ele>515.428219</ele>
      </trkpt>
      <trkpt lat="48.141657" lon="11.596062">
        <ele>515.401484</ele>
      </trkpt>
      <trkpt lat="48.141804" lon="11.595957">
        <ele>515.418586</ele>
      </trkpt>
      <trkpt lat="48.141873" lon="11.595932">
        <ele>515.426314</ele>
      </trkpt>
      <trkpt lat="48.141930" lon="11.595923">
        <ele>515.432553</ele>
      </trkpt>
      <trkpt lat="48.142014" lon="11.595948">
        <ele>515.441875</ele>
      </trkpt>
      <trkpt lat="48.142213" lon="11.596022">
        <ele>515.464195</ele>
      </trkpt>
      <trkpt lat="48.142421" lon="11.596101">
        <ele>515.487553</ele>
      </trkpt>
      <trkpt lat="48.142583" lon="11.596169">
        <ele>515.505866</ele>
      </trkpt>
      <trkpt lat="48.142975" lon="11.596409">
        <ele>515.551961</ele>
      </trkpt>
      <trkpt lat="48.143275" lon="11.596553">
        <ele>515.586252</ele>
      </trkpt>
      <trkpt lat="48.143523" lon="11.596636">
        <ele>515.559685</ele>
      </trkpt>
      <trkpt lat="48.143812" lon="11.596684">
        <ele>515.490711</ele>
      </trkpt>
      <trkpt lat="48.144351" lon="11.596745">
        <ele>515.362488</ele>
      </trkpt>
      <trkpt lat="48.145386" lon="11.597045">
        <ele>514.936943</ele>
      </trkpt>
      <trkpt lat="48.146067" lon="11.597197">
        <ele>514.277515</ele>
      </trkpt>
      <trkpt lat="48.146792" lon="11.597407">
        <ele>513.570290</ele>
      </trkpt>
      <trkpt lat="48.147583" lon="11.597808">
        <ele>512.724520</ele>
      </trkpt>
      <trkpt lat="48.148011" lon="11.598132">
        <ele>512.234061</ele>
      </trkpt>
      <trkpt lat="48.148071" lon="11.598176">
        <ele>512.165737</ele>
      </trkpt>
      <trkpt lat="48.148540" lon="11.598596">
        <ele>511.607708</ele>
      </trkpt>
      <trkpt lat="48.148585" lon="11.598655">
        <ele>511.603953</ele>
      </trkpt>
      <trkpt lat="48.148627" lon="11.598711">
        <ele>511.600422</ele>
      </trkpt>
      <trkpt lat="48.148897" lon="11.598885">
        <ele>511.581961</ele>
      </trkpt>
      <trkpt lat="48.149057" lon="11.599058">
        <ele>511.569569</ele>
      </trkpt>
      <trkpt lat="48.149280" lon="11.599457">
        <ele>511.547756</ele>
      </trkpt>
      <trkpt lat="48.149309" lon="11.599485">
        <ele>511.545589</ele>
      </trkpt>
      <trkpt lat="48.149296" lon="11.599559">
        <ele>511.542382</ele>
      </trkpt>
      <trkpt lat="48.150551" lon="11.600716">
        <ele>511.179532</ele>
      </trkpt>
      <trkpt lat="48.150587" lon="11.600641">
        <ele>511.152376</ele>
      </trkpt>
      <trkpt lat="48.150801" lon="11.600834">
        <ele>511.042350</ele>
      </trkpt>
      <trkpt lat="48.151011" lon="11.601051">
        <ele>510.929983</ele>
      </trkpt>
      <trkpt lat="48.152072" lon="11.602012">
        <ele>509.961897</ele>
      </trkpt>
      <trkpt lat="48.152341" lon="11.602265">
        <ele>509.636677</ele>
      </trkpt>
      <trkpt lat="48.153259" lon="11.603120">
        <ele>508.703808</ele>
      </trkpt>
      <trkpt lat="48.153493" lon="11.603360">
        <ele>508.566229</ele>
      </trkpt>
      <trkpt lat="48.153796" lon="11.603641">
        <ele>508.393341</ele>
      </trkpt>
      <trkpt lat="48.154262" lon="11.604013">
        <ele>508.137159</ele>
      </trkpt>
      <trkpt lat="48.154631" lon="11.604421">
        <ele>508.082003</ele>
      </trkpt>
      <trkpt lat="48.155389" lon="11.605121">
        <ele>508.639933</ele>
      </trkpt>
      <trkpt lat="48.156117" lon="11.605729">
        <ele>509.145132</ele>
      </trkpt>
      <trkpt lat="48.156292" lon="11.605871">
        <ele>509.224903</ele>
      </trkpt>
      <trkpt lat="48.156498" lon="11.606069">
        <ele>509.323001</ele>
      </trkpt>
      <trkpt lat="48.156942" lon="11.606496">
        <ele>509.534470</ele>
      </trkpt>
      <trkpt lat="48.157181" lon="11.606757">
        <ele>509.653007</ele>
      </trkpt>
      <trkpt lat="48.157390" lon="11.607019">
        <ele>509.762224</ele>
      </trkpt>
      <trkpt lat="48.157501" lon="11.607308">
        <ele>509.776080</ele>
      </trkpt>
      <trkpt lat="48.157696" lon="11.607524">
        <ele>509.401315</ele>
      </trkpt>
      <trkpt lat="48.158323" lon="11.607834">
        <ele>508.380828</ele>
      </trkpt>
      <trkpt lat="48.158590" lon="11.608032">
        <ele>507.920398</ele>
      </trkpt>
      <trkpt lat="48.159250" lon="11.608595">
        <ele>506.806228</ele>
      </trkpt>
      <trkpt lat="48.159628" lon="11.608963">
        <ele>506.243821</ele>
      </trkpt>
      <trkpt lat="48.159821" lon="11.609153">
        <ele>505.955709</ele>
      </trkpt>
      <trkpt lat="48.160436" lon="11.609722">
        <ele>505.053925</ele>
      </trkpt>
      <trkpt lat="48.161050" lon="11.610282">
        <ele>504.840684</ele>
      </trkpt>
      <trkpt lat="48.161746" lon="11.610917">
        <ele>504.886172</ele>
      </trkpt>
      <trkpt lat="48.162899" lon="11.611946">
        <ele>504.827102</ele>
      </trkpt>
      <trkpt lat="48.164061" lon="11.612986">
        <ele>504.653762</ele>
      </trkpt>
      <trkpt lat="48.165384" lon="11.614229">
        <ele>504.330963</ele>
      </trkpt>
      <trkpt lat="48.166241" lon="11.614961">
        <ele>504.050086</ele>
      </trkpt>
      <trkpt lat="48.166547" lon="11.615224">
        <ele>503.949642</ele>
      </trkpt>
      <trkpt lat="48.166775" lon="11.615431">
        <ele>503.874949</ele>
      </trkpt>
      <trkpt lat="48.166858" lon="11.615509">
        <ele>503.865182</ele>
      </trkpt>
      <trkpt lat="48.167135" lon="11.615761">
        <ele>503.832876</ele>
      </trkpt>
      <trkpt lat="48.167326" lon="11.615942">
        <ele>503.810347</ele>
      </trkpt>
      <trkpt lat="48.167637" lon="11.616284">
        <ele>503.771892</ele>
      </trkpt>
      <trkpt lat="48.167705" lon="11.616394">
        <ele>503.761918</ele>
      </trkpt>
      <trkpt lat="48.167901" lon="11.616765">
        <ele>503.730444</ele>
      </trkpt>
      <trkpt lat="48.167743" lon="11.616752">
        <ele>503.714667</ele>
      </trkpt>
      <trkpt lat="48.167604" lon="11.616885">
        <ele>503.698226</ele>
      </trkpt>
      <trkpt lat="48.167312" lon="11.617547">
        <ele>503.977196</ele>
      </trkpt>
      <trkpt lat="48.166907" lon="11.618365">
        <ele>504.351725</ele>
      </trkpt>
      <trkpt lat="48.166847" lon="11.618488">
        <ele>504.407748</ele>
      </trkpt>
      <trkpt lat="48.166802" lon="11.618581">
        <ele>504.449988</ele>
      </trkpt>
      <trkpt lat="48.166971" lon="11.618705">
        <ele>504.553699</ele>
      </trkpt>
      <trkpt lat="48.167266" lon="11.618921">
        <ele>504.759004</ele>
      </trkpt>
      <trkpt lat="48.167531" lon="11.619152">
        <ele>505.015546</ele>
      </trkpt>
      <trkpt lat="48.167670" lon="11.619263">
        <ele>505.147349</ele>
      </trkpt>
      <trkpt lat="48.168414" lon="11.620049">
        <ele>505.909057</ele>
      </trkpt>
      <trkpt lat="48.168516" lon="11.620189">
        <ele>506.024790</ele>
      </trkpt>
      <trkpt lat="48.168574" lon="11.620160">
        <ele>506.075959</ele>
      </trkpt>
      <trkpt lat="48.168690" lon="11.620112">
        <ele>506.176671</ele>
      </trkpt>
      <trkpt lat="48.168857" lon="11.620138">
        <ele>506.184491</ele>
      </trkpt>
      <trkpt lat="48.169146" lon="11.620062">
        <ele>506.167641</ele>
      </trkpt>
      <trkpt lat="48.169216" lon="11.619985">
        <ele>506.162655</ele>
      </trkpt>
      <trkpt lat="48.169253" lon="11.619938">
        <ele>506.159870</ele>
      </trkpt>
      <trkpt lat="48.169477" lon="11.619621">
        <ele>506.142182</ele>
      </trkpt>
      <trkpt lat="48.169518" lon="11.619542">
        <ele>506.138348</ele>
      </trkpt>
      <trkpt lat="48.169739" lon="11.619389">
        <ele>506.124369</ele>
      </trkpt>
      <trkpt lat="48.169917" lon="11.619375">
        <ele>506.114132</ele>
      </trkpt>
      <trkpt lat="48.171127" lon="11.620458">
        <ele>505.574553</ele>
      </trkpt>
      <trkpt lat="48.172892" lon="11.622111">
        <ele>504.570904</ele>
      </trkpt>
      <trkpt lat="48.173704" lon="11.622939">
        <ele>504.160650</ele>
      </trkpt>
      <trkpt lat="48.173873" lon="11.623097">
        <ele>504.086400</ele>
      </trkpt>
      <trkpt lat="48.174495" lon="11.623731">
        <ele>503.806005</ele>
      </trkpt>
      <trkpt lat="48.174893" lon="11.624083">
        <ele>503.633515</ele>
      </trkpt>
      <trkpt lat="48.175146" lon="11.624250">
        <ele>503.529506</ele>
      </trkpt>
      <trkpt lat="48.175263" lon="11.624285">
        <ele>503.484616</ele>
      </trkpt>
      <trkpt lat="48.175747" lon="11.624152">
        <ele>503.299471</ele>
      </trkpt>
      <trkpt lat="48.176467" lon="11.624396">
        <ele>503.021729</ele>
      </trkpt>
      <trkpt lat="48.176940" lon="11.624773">
        <ele>502.801678</ele>
      </trkpt>
      <trkpt lat="48.177416" lon="11.625051">
        <ele>502.587356</ele>
      </trkpt>
      <trkpt lat="48.177476" lon="11.625100">
        <ele>502.558692</ele>
      </trkpt>
      <trkpt lat="48.177964" lon="11.625567">
        <ele>502.315811</ele>
      </trkpt>
      <trkpt lat="48.178251" lon="11.625901">
        <ele>502.327109</ele>
      </trkpt>
      <trkpt lat="48.178304" lon="11.625924">
        <ele>502.364172</ele>
      </trkpt>
      <trkpt lat="48.178523" lon="11.626005">
        <ele>502.515691</ele>
      </trkpt>
      <trkpt lat="48.178976" lon="11.626386">
        <ele>502.864579</ele>
      </trkpt>
      <trkpt lat="48.179522" lon="11.626893">
        <ele>503.295965</ele>
      </trkpt>
      <trkpt lat="48.179591" lon="11.626945">
        <ele>503.347838</ele>
      </trkpt>
      <trkpt lat="48.181761" lon="11.628810">
        <ele>504.016112</ele>
      </trkpt>
      <trkpt lat="48.183638" lon="11.630512">
        <ele>501.854479</ele>
      </trkpt>
      <trkpt lat="48.183995" lon="11.630806">
        <ele>501.268408</ele>
      </trkpt>
      <trkpt lat="48.184133" lon="11.630954">
        <ele>501.024281</ele>
      </trkpt>
      <trkpt lat="48.184690" lon="11.631035">
        <ele>500.284647</ele>
      </trkpt>
      <trkpt lat="48.185158" lon="11.631505">
        <ele>499.595015</ele>
      </trkpt>
      <trkpt lat="48.185283" lon="11.631572">
        <ele>499.432481</ele>
      </trkpt>
      <trkpt lat="48.185363" lon="11.631580">
        <ele>499.334309</ele>
      </trkpt>
      <trkpt lat="48.185499" lon="11.631591">
        <ele>499.167543</ele>
      </trkpt>
      <trkpt lat="48.188312" lon="11.633653">
        <ele>497.021876</ele>
      </trkpt>
      <trkpt lat="48.188845" lon="11.633916">
        <ele>496.771190</ele>
      </trkpt>
      <trkpt lat="48.189672" lon="11.634442">
        <ele>496.466130</ele>
      </trkpt>
      <trkpt lat="48.189791" lon="11.634562">
        <ele>496.435514</ele>
      </trkpt>
      <trkpt lat="48.191185" lon="11.635307">
        <ele>496.143180</ele>
      </trkpt>
      <trkpt lat="48.191284" lon="11.635435">
        <ele>496.128289</ele>
      </trkpt>
      <trkpt lat="48.191299" lon="11.635454">
        <ele>496.126052</ele>
      </trkpt>
      <trkpt lat="48.191450" lon="11.635561">
        <ele>496.107025</ele>
      </trkpt>
      <trkpt lat="48.192670" lon="11.636123">
        <ele>495.953767</ele>
      </trkpt>
      <trkpt lat="48.193389" lon="11.636603">
        <ele>495.672222</ele>
      </trkpt>
      <trkpt lat="48.193570" lon="11.636679">
        <ele>495.604981</ele>
      </trkpt>
      <trkpt lat="48.193860" lon="11.636773">
        <ele>495.498839</ele>
      </trkpt>
      <trkpt lat="48.194301" lon="11.637041">
        <ele>495.328617</ele>
      </trkpt>
      <trkpt lat="48.194702" lon="11.637324">
        <ele>495.129167</ele>
      </trkpt>
      <trkpt lat="48.195026" lon="11.637618">
        <ele>494.957180</ele>
      </trkpt>
      <trkpt lat="48.195301" lon="11.637821">
        <ele>494.817972</ele>
      </trkpt>
      <trkpt lat="48.196138" lon="11.638232">
        <ele>494.582962</ele>
      </trkpt>
      <trkpt lat="48.196694" lon="11.638582">
        <ele>494.828987</ele>
      </trkpt>
      <trkpt lat="48.197130" lon="11.638835">
        <ele>495.019731</ele>
      </trkpt>
      <trkpt lat="48.197985" lon="11.639395">
        <ele>495.322482</ele>
      </trkpt>
      <trkpt lat="48.198093" lon="11.639486">
        <ele>495.348659</ele>
      </trkpt>
      <trkpt lat="48.198676" lon="11.639832">
        <ele>495.481158</ele>
      </trkpt>
      <trkpt lat="48.199509" lon="11.639992">
        <ele>495.572252</ele>
      </trkpt>
      <trkpt lat="48.200025" lon="11.640320">
        <ele>495.433296</ele>
      </trkpt>
      <trkpt lat="48.200159" lon="11.640342">
        <ele>495.399871</ele>
      </trkpt>
      <trkpt lat="48.200599" lon="11.640218">
        <ele>495.288862</ele>
      </trkpt>
      <trkpt lat="48.201676" lon="11.640241">
        <ele>495.983856</ele>
      </trkpt>
      <trkpt lat="48.203088" lon="11.640460">
        <ele>497.957398</ele>
      </trkpt>
      <trkpt lat="48.203340" lon="11.640539">
        <ele>498.394590</ele>
      </trkpt>
      <trkpt lat="48.204465" lon="11.641400">
        <ele>500.539269</ele>
      </trkpt>
      <trkpt lat="48.204967" lon="11.641864">
        <ele>500.336172</ele>
      </trkpt>
      <trkpt lat="48.205447" lon="11.642571">
        <ele>499.982788</ele>
      </trkpt>
      <trkpt lat="48.206084" lon="11.643850">
        <ele>499.006705</ele>
      </trkpt>
      <trkpt lat="48.206133" lon="11.643926">
        <ele>498.908420</ele>
      </trkpt>
      <trkpt lat="48.207234" lon="11.646207">
        <ele>497.033332</ele>
      </trkpt>
      <trkpt lat="48.208701" lon="11.648531">
        <ele>496.963884</ele>
      </trkpt>
      <trkpt lat="48.208900" lon="11.648789">
        <ele>497.013015</ele>
      </trkpt>
      <trkpt lat="48.209530" lon="11.649506">
        <ele>496.944889</ele>
      </trkpt>
      <trkpt lat="48.211390" lon="11.650985">
        <ele>494.754985</ele>
      </trkpt>
      <trkpt lat="48.211862" lon="11.651247">
        <ele>493.870492</ele>
      </trkpt>
      <trkpt lat="48.212332" lon="11.651508">
        <ele>492.989704</ele>
      </trkpt>
      <trkpt lat="48.212768" lon="11.651750">
        <ele>492.323515</ele>
      </trkpt>
      <trkpt lat="48.213555" lon="11.652005">
        <ele>491.530594</ele>
      </trkpt>
      <trkpt lat="48.214400" lon="11.652017">
        <ele>490.751308</ele>
      </trkpt>
      <trkpt lat="48.215128" lon="11.652028">
        <ele>490.858967</ele>
      </trkpt>
      <trkpt lat="48.216977" lon="11.651850">
        <ele>491.018124</ele>
      </trkpt>
      <trkpt lat="48.217250" lon="11.651824">
        <ele>491.020682</ele>
      </trkpt>
      <trkpt lat="48.217600" lon="11.651862">
        <ele>491.023963</ele>
      </trkpt>
      <trkpt lat="48.217902" lon="11.651996">
        <ele>491.026908</ele>
      </trkpt>
      <trkpt lat="48.218418" lon="11.652129">
        <ele>490.933164</ele>
      </trkpt>
      <trkpt lat="48.219135" lon="11.652412">
        <ele>490.791828</ele>
      </trkpt>
      <trkpt lat="48.219473" lon="11.652562">
        <ele>490.724634</ele>
      </trkpt>
      <trkpt lat="48.219773" lon="11.652785">
        <ele>490.652811</ele>
      </trkpt>
      <trkpt lat="48.219994" lon="11.653045">
        <ele>490.581043</ele>
      </trkpt>
      <trkpt lat="48.220396" lon="11.653637">
        <ele>490.437102</ele>
      </trkpt>
      <trkpt lat="48.220573" lon="11.653962">
        <ele>490.365623</ele>
      </trkpt>
      <trkpt lat="48.220705" lon="11.654246">
        <ele>490.306657</ele>
      </trkpt>
      <trkpt lat="48.220809" lon="11.654468">
        <ele>490.260444</ele>
      </trkpt>
      <trkpt lat="48.221010" lon="11.655044">
        <ele>490.291036</ele>
      </trkpt>
      <trkpt lat="48.221051" lon="11.655195">
        <ele>490.315674</ele>
      </trkpt>
      <trkpt lat="48.221261" lon="11.655969">
        <ele>490.441946</ele>
      </trkpt>
      <trkpt lat="48.221504" lon="11.656938">
        <ele>490.598384</ele>
      </trkpt>
      <trkpt lat="48.221513" lon="11.656976">
        <ele>490.604477</ele>
      </trkpt>
      <trkpt lat="48.221575" lon="11.657233">
        <ele>490.668120</ele>
      </trkpt>
      <trkpt lat="48.221679" lon="11.657631">
        <ele>490.841405</ele>
      </trkpt>
      <trkpt lat="48.222130" lon="11.659089">
        <ele>491.492962</ele>
      </trkpt>
      <trkpt lat="48.222338" lon="11.659539">
        <ele>491.714956</ele>
      </trkpt>
      <trkpt lat="48.222611" lon="11.659952">
        <ele>491.915046</ele>
      </trkpt>
      <trkpt lat="48.223160" lon="11.660699">
        <ele>492.293967</ele>
      </trkpt>
      <trkpt lat="48.223454" lon="11.661038">
        <ele>492.483548</ele>
      </trkpt>
      <trkpt lat="48.223758" lon="11.661342">
        <ele>492.603454</ele>
      </trkpt>
      <trkpt lat="48.224072" lon="11.661591">
        <ele>492.275440</ele>
      </trkpt>
      <trkpt lat="48.224388" lon="11.661809">
        <ele>491.954215</ele>
      </trkpt>
      <trkpt lat="48.225821" lon="11.662260">
        <ele>490.300255</ele>
      </trkpt>
      <trkpt lat="48.225992" lon="11.662315">
        <ele>490.011648</ele>
      </trkpt>
      <trkpt lat="48.226587" lon="11.662677">
        <ele>488.952128</ele>
      </trkpt>
      <trkpt lat="48.227417" lon="11.662831">
        <ele>487.672039</ele>
      </trkpt>
      <trkpt lat="48.227791" lon="11.662821">
        <ele>487.193592</ele>
      </trkpt>
      <trkpt lat="48.228202" lon="11.662813">
        <ele>486.667851</ele>
      </trkpt>
      <trkpt lat="48.228364" lon="11.662864">
        <ele>486.456134</ele>
      </trkpt>
      <trkpt lat="48.228504" lon="11.663006">
        <ele>486.240020</ele>
      </trkpt>
      <trkpt lat="48.228772" lon="11.663177">
        <ele>485.867550</ele>
      </trkpt>
      <trkpt lat="48.229320" lon="11.663265">
        <ele>485.505515</ele>
      </trkpt>
      <trkpt lat="48.229570" lon="11.663434">
        <ele>485.372009</ele>
      </trkpt>
      <trkpt lat="48.230077" lon="11.663891">
        <ele>485.084050</ele>
      </trkpt>
      <trkpt lat="48.230695" lon="11.664567">
        <ele>484.839835</ele>
      </trkpt>
      <trkpt lat="48.231078" lon="11.665303">
        <ele>484.838318</ele>
      </trkpt>
      <trkpt lat="48.231308" lon="11.665665">
        <ele>484.837506</ele>
      </trkpt>
      <trkpt lat="48.231563" lon="11.666553">
        <ele>484.816518</ele>
      </trkpt>
      <trkpt lat="48.231566" lon="11.666853">
        <ele>484.756611</ele>
      </trkpt>
      <trkpt lat="48.231611" lon="11.667227">
        <ele>484.680728</ele>
      </trkpt>
      <trkpt lat="48.231794" lon="11.667703">
        <ele>484.570993</ele>
      </trkpt>
      <trkpt lat="48.232203" lon="11.668481">
        <ele>484.373105</ele>
      </trkpt>
      <trkpt lat="48.232408" lon="11.668853">
        <ele>484.309445</ele>
      </trkpt>
      <trkpt lat="48.232545" lon="11.669119">
        <ele>484.350817</ele>
      </trkpt>
      <trkpt lat="48.232601" lon="11.669357">
        <ele>484.381874</ele>
      </trkpt>
      <trkpt lat="48.232610" lon="11.669540">
        <ele>484.404452</ele>
      </trkpt>
      <trkpt lat="48.232561" lon="11.669697">
        <ele>484.425785</ele>
      </trkpt>
      <trkpt lat="48.232892" lon="11.670107">
        <ele>484.505051</ele>
      </trkpt>
      <trkpt lat="48.233213" lon="11.670470">
        <ele>484.579285</ele>
      </trkpt>
      <trkpt lat="48.233542" lon="11.670921">
        <ele>484.575189</ele>
      </trkpt>
      <trkpt lat="48.233594" lon="11.670981">
        <ele>484.554978</ele>
      </trkpt>
      <trkpt lat="48.233894" lon="11.671245">
        <ele>484.447817</ele>
      </trkpt>
      <trkpt lat="48.235008" lon="11.672290">
        <ele>483.935455</ele>
      </trkpt>
      <trkpt lat="48.235606" lon="11.672649">
        <ele>483.067930</ele>
      </trkpt>
      <trkpt lat="48.236345" lon="11.673026">
        <ele>482.016591</ele>
      </trkpt>
      <trkpt lat="48.236665" lon="11.673129">
        <ele>481.658861</ele>
      </trkpt>
      <trkpt lat="48.237199" lon="11.673300">
        <ele>481.723710</ele>
      </trkpt>
      <trkpt lat="48.237881" lon="11.673366">
        <ele>481.804878</ele>
      </trkpt>
      <trkpt lat="48.237917" lon="11.673379">
        <ele>481.809276</ele>
      </trkpt>
      <trkpt lat="48.238130" lon="11.673432">
        <ele>481.834919</ele>
      </trkpt>
      <trkpt lat="48.238271" lon="11.673520">
        <ele>481.853054</ele>
      </trkpt>
      <trkpt lat="48.238383" lon="11.673654">
        <ele>481.918146</ele>
      </trkpt>
      <trkpt lat="48.238377" lon="11.673730">
        <ele>481.991677</ele>
      </trkpt>
      <trkpt lat="48.238874" lon="11.673904">
        <ele>482.727863</ele>
      </trkpt>
      <trkpt lat="48.239331" lon="11.674091">
        <ele>483.411158</ele>
      </trkpt>
      <trkpt lat="48.240279" lon="11.674210">
        <ele>484.519455</ele>
      </trkpt>
      <trkpt lat="48.240819" lon="11.674301">
        <ele>484.662733</ele>
      </trkpt>
      <trkpt lat="48.241994" lon="11.674912">
        <ele>484.899605</ele>
      </trkpt>
      <trkpt lat="48.243223" lon="11.675425">
        <ele>484.688864</ele>
      </trkpt>
      <trkpt lat="48.243573" lon="11.675594">
        <ele>484.618407</ele>
      </trkpt>
      <trkpt lat="48.244230" lon="11.676176">
        <ele>484.361851</ele>
      </trkpt>
      <trkpt lat="48.245291" lon="11.677923">
        <ele>483.948636</ele>
      </trkpt>
      <trkpt lat="48.245762" lon="11.678529">
        <ele>483.861221</ele>
      </trkpt>
      <trkpt lat="48.245937" lon="11.678860">
        <ele>483.821555</ele>
      </trkpt>
      <trkpt lat="48.246083" lon="11.679285">
        <ele>483.778094</ele>
      </trkpt>
      <trkpt lat="48.247130" lon="11.681101">
        <ele>483.686307</ele>
      </trkpt>
      <trkpt lat="48.248346" lon="11.682595">
        <ele>483.269915</ele>
      </trkpt>
      <trkpt lat="48.249444" lon="11.683515">
        <ele>483.322858</ele>
      </trkpt>
      <trkpt lat="48.250501" lon="11.684070">
        <ele>483.562022</ele>
      </trkpt>
      <trkpt lat="48.251326" lon="11.684423">
        <ele>483.793345</ele>
      </trkpt>
      <trkpt lat="48.251886" lon="11.684562">
        <ele>483.946404</ele>
      </trkpt>
      <trkpt lat="48.252029" lon="11.684597">
        <ele>483.985474</ele>
      </trkpt>
      <trkpt lat="48.252536" lon="11.684723">
        <ele>483.589941</ele>
      </trkpt>
      <trkpt lat="48.253421" lon="11.684735">
        <ele>482.788426</ele>
      </trkpt>
      <trkpt lat="48.254689" lon="11.684535">
        <ele>481.734286</ele>
      </trkpt>
      <trkpt lat="48.255727" lon="11.684095">
        <ele>480.941774</ele>
      </trkpt>
      <trkpt lat="48.256643" lon="11.683588">
        <ele>480.701855</ele>
      </trkpt>
      <trkpt lat="48.258166" lon="11.682644">
        <ele>480.304538</ele>
      </trkpt>
      <trkpt lat="48.258722" lon="11.682262">
        <ele>480.159322</ele>
      </trkpt>
      <trkpt lat="48.259377" lon="11.681684">
        <ele>480.099667</ele>
      </trkpt>
      <trkpt lat="48.260602" lon="11.680742">
        <ele>480.124597</ele>
      </trkpt>
      <trkpt lat="48.261273" lon="11.680431">
        <ele>480.277065</ele>
      </trkpt>
      <trkpt lat="48.261798" lon="11.680372">
        <ele>480.391374</ele>
      </trkpt>
      <trkpt lat="48.262673" lon="11.680516">
        <ele>480.546849</ele>
      </trkpt>
      <trkpt lat="48.264137" lon="11.680826">
        <ele>480.695611</ele>
      </trkpt>
      <trkpt lat="48.264647" lon="11.680966">
        <ele>480.470765</ele>
      </trkpt>
      <trkpt lat="48.265134" lon="11.681214">
        <ele>480.247750</ele>
      </trkpt>
      <trkpt lat="48.265486" lon="11.681509">
        <ele>480.072940</ele>
      </trkpt>
      <trkpt lat="48.266207" lon="11.682165">
        <ele>479.638345</ele>
      </trkpt>
      <trkpt lat="48.266799" lon="11.682792">
        <ele>479.231796</ele>
      </trkpt>
      <trkpt lat="48.269531" lon="11.686477">
        <ele>478.193477</ele>
      </trkpt>
      <trkpt lat="48.272091" lon="11.689526">
        <ele>476.060792</ele>
      </trkpt>
      <trkpt lat="48.272501" lon="11.689971">
        <ele>475.685040</ele>
      </trkpt>
      <trkpt lat="48.272690" lon="11.690312">
        <ele>475.465482</ele>
      </trkpt>
      <trkpt lat="48.272790" lon="11.690470">
        <ele>475.355928</ele>
      </trkpt>
      <trkpt lat="48.273354" lon="11.690770">
        <ele>474.904252</ele>
      </trkpt>
      <trkpt lat="48.274899" lon="11.691895">
        <ele>473.818103</ele>
      </trkpt>
      <trkpt lat="48.275863" lon="11.692436">
        <ele>473.362129</ele>
      </trkpt>
      <trkpt lat="48.276660" lon="11.692669">
        <ele>473.291186</ele>
      </trkpt>
      <trkpt lat="48.277151" lon="11.692733">
        <ele>473.271695</ele>
      </trkpt>
      <trkpt lat="48.277936" lon="11.692761">
        <ele>473.230262</ele>
      </trkpt>
      <trkpt lat="48.279026" lon="11.692654">
        <ele>473.128960</ele>
      </trkpt>
      <trkpt lat="48.279221" lon="11.692706">
        <ele>473.110593</ele>
      </trkpt>
      <trkpt lat="48.279266" lon="11.692705">
        <ele>473.106419</ele>
      </trkpt>
      <trkpt lat="48.279384" lon="11.692616">
        <ele>473.094175</ele>
      </trkpt>
      <trkpt lat="48.279585" lon="11.692555">
        <ele>473.058116</ele>
      </trkpt>
      <trkpt lat="48.281761" lon="11.692428">
        <ele>472.364900</ele>
      </trkpt>
      <trkpt lat="48.282511" lon="11.692443">
        <ele>472.188465</ele>
      </trkpt>
      <trkpt lat="48.283370" lon="11.692552">
        <ele>472.039242</ele>
      </trkpt>
      <trkpt lat="48.284228" lon="11.692842">
        <ele>472.012522</ele>
      </trkpt>
      <trkpt lat="48.285383" lon="11.693584">
        <ele>471.853118</ele>
      </trkpt>
      <trkpt lat="48.286237" lon="11.694401">
        <ele>471.617228</ele>
      </trkpt>
      <trkpt lat="48.286852" lon="11.695083">
        <ele>471.339302</ele>
      </trkpt>
      <trkpt lat="48.288159" lon="11.696250">
        <ele>470.783353</ele>
      </trkpt>
      <trkpt lat="48.289867" lon="11.698034">
        <ele>470.400395</ele>
      </trkpt>
      <trkpt lat="48.290595" lon="11.698514">
        <ele>470.285556</ele>
      </trkpt>
      <trkpt lat="48.291654" lon="11.699069">
        <ele>470.211395</ele>
      </trkpt>
      <trkpt lat="48.292588" lon="11.699309">
        <ele>470.193916</ele>
      </trkpt>
      <trkpt lat="48.293446" lon="11.699416">
        <ele>470.153144</ele>
      </trkpt>
      <trkpt lat="48.293565" lon="11.699425">
        <ele>470.146751</ele>
      </trkpt>
      <trkpt lat="48.293644" lon="11.699438">
        <ele>470.142487</ele>
      </trkpt>
      <trkpt lat="48.293700" lon="11.699448">
        <ele>470.139462</ele>
      </trkpt>
      <trkpt lat="48.296962" lon="11.699383">
        <ele>469.510707</ele>
      </trkpt>
      <trkpt lat="48.297192" lon="11.699423">
        <ele>469.456064</ele>
      </trkpt>
      <trkpt lat="48.298948" lon="11.699732">
        <ele>469.019008</ele>
      </trkpt>
      <trkpt lat="48.300571" lon="11.700361">
        <ele>468.530208</ele>
      </trkpt>
      <trkpt lat="48.302283" lon="11.701035">
        <ele>467.778695</ele>
      </trkpt>
      <trkpt lat="48.304163" lon="11.701596">
        <ele>466.774368</ele>
      </trkpt>
      <trkpt lat="48.306255" lon="11.701490">
        <ele>466.124883</ele>
      </trkpt>
      <trkpt lat="48.307811" lon="11.701076">
        <ele>465.972880</ele>
      </trkpt>
      <trkpt lat="48.309106" lon="11.700565">
        <ele>465.984430</ele>
      </trkpt>
      <trkpt lat="48.310303" lon="11.700004">
        <ele>466.117205</ele>
      </trkpt>
      <trkpt lat="48.312153" lon="11.700059">
        <ele>466.831579</ele>
      </trkpt>
      <trkpt lat="48.312531" lon="11.700115">
        <ele>466.826921</ele>
      </trkpt>
      <trkpt lat="48.312640" lon="11.700175">
        <ele>466.811999</ele>
      </trkpt>
      <trkpt lat="48.312682" lon="11.700213">
        <ele>466.805698</ele>
      </trkpt>
      <trkpt lat="48.312755" lon="11.700269">
        <ele>466.795163</ele>
      </trkpt>
      <trkpt lat="48.312794" lon="11.700313">
        <ele>466.788895</ele>
      </trkpt>
      <trkpt lat="48.313154" lon="11.700462">
        <ele>466.740894</ele>
      </trkpt>
      <trkpt lat="48.313406" lon="11.700746">
        <ele>466.700409</ele>
      </trkpt>
      <trkpt lat="48.313896" lon="11.700702">
        <ele>466.637306</ele>
      </trkpt>
      <trkpt lat="48.314103" lon="11.700718">
        <ele>466.487516</ele>
      </trkpt>
      <trkpt lat="48.315117" lon="11.700454">
        <ele>465.655541</ele>
      </trkpt>
      <trkpt lat="48.315530" lon="11.700692">
        <ele>465.297967</ele>
      </trkpt>
      <trkpt lat="48.315812" lon="11.700659">
        <ele>465.117100</ele>
      </trkpt>
      <trkpt lat="48.316377" lon="11.700452">
        <ele>464.850322</ele>
      </trkpt>
      <trkpt lat="48.316645" lon="11.700284">
        <ele>464.717120</ele>
      </trkpt>
      <trkpt lat="48.317207" lon="11.700236">
        <ele>464.458885</ele>
      </trkpt>
      <trkpt lat="48.317485" lon="11.699770">
        <ele>464.400975</ele>
      </trkpt>
      <trkpt lat="48.317974" lon="11.699581">
        <ele>464.524536</ele>
      </trkpt>
      <trkpt lat="48.318420" lon="11.699511">
        <ele>464.634278</ele>
      </trkpt>
      <trkpt lat="48.319369" lon="11.699498">
        <ele>464.812478</ele>
      </trkpt>
      <trkpt lat="48.319788" lon="11.699608">
        <ele>464.838067</ele>
      </trkpt>
      <trkpt lat="48.320216" lon="11.699892">
        <ele>464.866211</ele>
      </trkpt>
      <trkpt lat="48.320617" lon="11.700373">
        <ele>464.897069</ele>
      </trkpt>
      <trkpt lat="48.320846" lon="11.700418">
        <ele>464.861115</ele>
      </trkpt>
      <trkpt lat="48.321055" lon="11.700339">
        <ele>464.792244</ele>
      </trkpt>
      <trkpt lat="48.321290" lon="11.700386">
        <ele>464.716481</ele>
      </trkpt>
      <trkpt lat="48.322489" lon="11.701730">
        <ele>464.285512</ele>
      </trkpt>
      <trkpt lat="48.323060" lon="11.702545">
        <ele>464.165615</ele>
      </trkpt>
      <trkpt lat="48.323538" lon="11.703779">
        <ele>464.116688</ele>
      </trkpt>
      <trkpt lat="48.324325" lon="11.705202">
        <ele>464.467562</ele>
      </trkpt>
      <trkpt lat="48.324848" lon="11.705844">
        <ele>464.539765</ele>
      </trkpt>
      <trkpt lat="48.325257" lon="11.706449">
        <ele>464.491644</ele>
      </trkpt>
      <trkpt lat="48.325377" lon="11.706541">
        <ele>464.480346</ele>
      </trkpt>
      <trkpt lat="48.325827" lon="11.706887">
        <ele>464.437952</ele>
      </trkpt>
      <trkpt lat="48.327389" lon="11.707782">
        <ele>463.589368</ele>
      </trkpt>
      <trkpt lat="48.328578" lon="11.708610">
        <ele>463.013938</ele>
      </trkpt>
      <trkpt lat="48.329420" lon="11.709608">
        <ele>462.698789</ele>
      </trkpt>
      <trkpt lat="48.330679" lon="11.711890">
        <ele>462.810813</ele>
      </trkpt>
      <trkpt lat="48.332361" lon="11.713709">
        <ele>462.596473</ele>
      </trkpt>
      <trkpt lat="48.333049" lon="11.714046">
        <ele>462.413875</ele>
      </trkpt>
      <trkpt lat="48.333680" lon="11.714532">
        <ele>462.174356</ele>
      </trkpt>
      <trkpt lat="48.334544" lon="11.714771">
        <ele>461.760558</ele>
      </trkpt>
      <trkpt lat="48.335324" lon="11.715042">
        <ele>461.436320</ele>
      </trkpt>
      <trkpt lat="48.336243" lon="11.714917">
        <ele>461.311066</ele>
      </trkpt>
      <trkpt lat="48.336672" lon="11.715070">
        <ele>461.251220</ele>
      </trkpt>
      <trkpt lat="48.338373" lon="11.714641">
        <ele>461.360141</ele>
      </trkpt>
      <trkpt lat="48.339194" lon="11.714321">
        <ele>460.992557</ele>
      </trkpt>
      <trkpt lat="48.340136" lon="11.714040">
        <ele>460.213217</ele>
      </trkpt>
      <trkpt lat="48.340466" lon="11.713843">
        <ele>459.924476</ele>
      </trkpt>
      <trkpt lat="48.340776" lon="11.713519">
        <ele>459.600717</ele>
      </trkpt>
      <trkpt lat="48.340923" lon="11.713607">
        <ele>459.465017</ele>
      </trkpt>
      <trkpt lat="48.340978" lon="11.713637">
        <ele>459.414838</ele>
      </trkpt>
      <trkpt lat="48.341054" lon="11.713556">
        <ele>459.334952</ele>
      </trkpt>
      <trkpt lat="48.341280" lon="11.713423">
        <ele>459.126805</ele>
      </trkpt>
      <trkpt lat="48.341777" lon="11.713274">
        <ele>458.692139</ele>
      </trkpt>
      <trkpt lat="48.342155" lon="11.713276">
        <ele>458.382867</ele>
      </trkpt>
      <trkpt lat="48.342640" lon="11.713311">
        <ele>458.211176</ele>
      </trkpt>
      <trkpt lat="48.342788" lon="11.713508">
        <ele>458.141302</ele>
      </trkpt>
      <trkpt lat="48.342940" lon="11.713604">
        <ele>458.083012</ele>
      </trkpt>
      <trkpt lat="48.342978" lon="11.713256">
        <ele>458.000127</ele>
      </trkpt>
      <trkpt lat="48.343059" lon="11.712434">
        <ele>457.804825</ele>
      </trkpt>
      <trkpt lat="48.343128" lon="11.711933">
        <ele>457.765528</ele>
      </trkpt>
      <trkpt lat="48.343228" lon="11.712046">
        <ele>457.770493</ele>
      </trkpt>
      <trkpt lat="48.343305" lon="11.712256">
        <ele>457.776820</ele>
      </trkpt>
      <trkpt lat="48.343490" lon="11.712458">
        <ele>457.785894</ele>
      </trkpt>
      <trkpt lat="48.344253" lon="11.712809">
        <ele>457.817565</ele>
      </trkpt>
      <trkpt lat="48.345332" lon="11.713616">
        <ele>457.906157</ele>
      </trkpt>
      <trkpt lat="48.345701" lon="11.714001">
        <ele>457.943811</ele>
      </trkpt>
      <trkpt lat="48.345903" lon="11.714212">
        <ele>457.964431</ele>
      </trkpt>
      <trkpt lat="48.346314" lon="11.714761">
        <ele>457.793634</ele>
      </trkpt>
      <trkpt lat="48.346622" lon="11.714916">
        <ele>457.629972</ele>
      </trkpt>
      <trkpt lat="48.346794" lon="11.715137">
        <ele>457.515992</ele>
      </trkpt>
      <trkpt lat="48.346956" lon="11.715345">
        <ele>457.408672</ele>
      </trkpt>
      <trkpt lat="48.347806" lon="11.716328">
        <ele>456.892216</ele>
      </trkpt>
      <trkpt lat="48.348095" lon="11.716707">
        <ele>456.721472</ele>
      </trkpt>
      <trkpt lat="48.348258" lon="11.716864">
        <ele>456.635274</ele>
      </trkpt>
      <trkpt lat="48.348810" lon="11.717272">
        <ele>456.361362</ele>
      </trkpt>
      <trkpt lat="48.349013" lon="11.717330">
        <ele>456.271361</ele>
      </trkpt>
      <trkpt lat="48.350158" lon="11.717718">
        <ele>456.131734</ele>
      </trkpt>
      <trkpt lat="48.350638" lon="11.717936">
        <ele>456.072086</ele>
      </trkpt>
      <trkpt lat="48.351075" lon="11.718216">
        <ele>456.090885</ele>
      </trkpt>
      <trkpt lat="48.351659" lon="11.718892">
        <ele>456.158389</ele>
      </trkpt>
      <trkpt lat="48.352111" lon="11.719530">
        <ele>456.215167</ele>
      </trkpt>
      <trkpt lat="48.352491" lon="11.720263">
        <ele>456.123291</ele>
      </trkpt>
      <trkpt lat="48.352690" lon="11.720733">
        <ele>456.054111</ele>
      </trkpt>
      <trkpt lat="48.353032" lon="11.721654">
        <ele>455.923144</ele>
      </trkpt>
      <trkpt lat="48.353134" lon="11.722073">
        <ele>455.896351</ele>
      </trkpt>
      <trkpt lat="48.353259" lon="11.723369">
        <ele>455.976280</ele>
      </trkpt>
      <trkpt lat="48.353319" lon="11.723630">
        <ele>455.993136</ele>
      </trkpt>
      <trkpt lat="48.353760" lon="11.724671">
        <ele>456.001538</ele>
      </trkpt>
      <trkpt lat="48.354115" lon="11.725322">
        <ele>455.842673</ele>
      </trkpt>
      <trkpt lat="48.354521" lon="11.725784">
        <ele>455.698176</ele>
      </trkpt>
      <trkpt lat="48.354816" lon="11.725952">
        <ele>455.608636</ele>
      </trkpt>
      <trkpt lat="48.355288" lon="11.726275">
        <ele>455.294705</ele>
      </trkpt>
      <trkpt lat="48.355978" lon="11.726508">
        <ele>454.675977</ele>
      </trkpt>
      <trkpt lat="48.356231" lon="11.726409">
        <ele>454.447253</ele>
      </trkpt>
      <trkpt lat="48.356581" lon="11.726510">
        <ele>454.135441</ele>
      </trkpt>
      <trkpt lat="48.356919" lon="11.726509">
        <ele>453.878379</ele>
      </trkpt>
      <trkpt lat="48.357921" lon="11.726074">
        <ele>453.241403</ele>
      </trkpt>
      <trkpt lat="48.358583" lon="11.725533">
        <ele>452.816685</ele>
      </trkpt>
      <trkpt lat="48.359752" lon="11.724443">
        <ele>452.314974</ele>
      </trkpt>
      <trkpt lat="48.360168" lon="11.724142">
        <ele>452.158098</ele>
      </trkpt>
      <trkpt lat="48.360722" lon="11.723902">
        <ele>451.984268</ele>
      </trkpt>
      <trkpt lat="48.361417" lon="11.723739">
        <ele>451.772177</ele>
      </trkpt>
      <trkpt lat="48.361932" lon="11.723790">
        <ele>451.675967</ele>
      </trkpt>
      <trkpt lat="48.362683" lon="11.723865">
        <ele>451.698300</ele>
      </trkpt>
      <trkpt lat="48.363287" lon="11.724079">
        <ele>451.716713</ele>
      </trkpt>
      <trkpt lat="48.363971" lon="11.724508">
        <ele>451.718204</ele>
      </trkpt>
      <trkpt lat="48.364479" lon="11.724891">
        <ele>451.711534</ele>
      </trkpt>
      <trkpt lat="48.364724" lon="11.725138">
        <ele>451.708072</ele>
      </trkpt>
      <trkpt lat="48.364880" lon="11.725332">
        <ele>451.705696</ele>
      </trkpt>
      <trkpt lat="48.365735" lon="11.726401">
        <ele>451.506180</ele>
      </trkpt>
      <trkpt lat="48.366257" lon="11.727324">
        <ele>451.324755</ele>
      </trkpt>
      <trkpt lat="48.366551" lon="11.727897">
        <ele>451.258093</ele>
      </trkpt>
      <trkpt lat="48.366755" lon="11.728322">
        <ele>451.219873</ele>
      </trkpt>
      <trkpt lat="48.367797" lon="11.731215">
        <ele>451.027166</ele>
      </trkpt>
      <trkpt lat="48.368208" lon="11.732090">
        <ele>450.982688</ele>
      </trkpt>
      <trkpt lat="48.368592" lon="11.732683">
        <ele>451.110703</ele>
      </trkpt>
      <trkpt lat="48.368757" lon="11.732936">
        <ele>451.165510</ele>
      </trkpt>
      <trkpt lat="48.370214" lon="11.734391">
        <ele>451.458728</ele>
      </trkpt>
      <trkpt lat="48.370700" lon="11.734625">
        <ele>451.499687</ele>
      </trkpt>
      <trkpt lat="48.371479" lon="11.734741">
        <ele>451.472218</ele>
      </trkpt>
      <trkpt lat="48.371794" lon="11.734801">
        <ele>451.378226</ele>
      </trkpt>
      <trkpt lat="48.372057" lon="11.734851">
        <ele>451.299752</ele>
      </trkpt>
      <trkpt lat="48.372425" lon="11.734960">
        <ele>451.188725</ele>
      </trkpt>
      <trkpt lat="48.372906" lon="11.734835">
        <ele>451.044229</ele>
      </trkpt>
      <trkpt lat="48.373253" lon="11.734802">
        <ele>450.950227</ele>
      </trkpt>
      <trkpt lat="48.373558" lon="11.734850">
        <ele>450.871103</ele>
      </trkpt>
      <trkpt lat="48.374684" lon="11.734828">
        <ele>450.580551</ele>
      </trkpt>
      <trkpt lat="48.375107" lon="11.734753">
        <ele>450.500552</ele>
      </trkpt>
      <trkpt lat="48.375461" lon="11.734767">
        <ele>450.445090</ele>
      </trkpt>
      <trkpt lat="48.375896" lon="11.734750">
        <ele>450.376938</ele>
      </trkpt>
      <trkpt lat="48.376585" lon="11.734898">
        <ele>450.267936</ele>
      </trkpt>
      <trkpt lat="48.377673" lon="11.735285">
        <ele>450.583356</ele>
      </trkpt>
      <trkpt lat="48.378030" lon="11.735318">
        <ele>450.686919</ele>
      </trkpt>
      <trkpt lat="48.378202" lon="11.735410">
        <ele>450.739770</ele>
      </trkpt>
      <trkpt lat="48.378352" lon="11.735618">
        <ele>450.785719</ele>
      </trkpt>
      <trkpt lat="48.378392" lon="11.736030">
        <ele>450.785096</ele>
      </trkpt>
      <trkpt lat="48.379713" lon="11.737009">
        <ele>450.781782</ele>
      </trkpt>
      <trkpt lat="48.380448" lon="11.737887">
        <ele>450.695259</ele>
      </trkpt>
      <trkpt lat="48.380733" lon="11.738228">
        <ele>450.661519</ele>
      </trkpt>
      <trkpt lat="48.381409" lon="11.739057">
        <ele>450.783611</ele>
      </trkpt>
      <trkpt lat="48.381845" lon="11.739741">
        <ele>451.069923</ele>
      </trkpt>
      <trkpt lat="48.382625" lon="11.740616">
        <ele>451.449260</ele>
      </trkpt>
      <trkpt lat="48.383362" lon="11.741526">
        <ele>451.538554</ele>
      </trkpt>
      <trkpt lat="48.383647" lon="11.741761">
        <ele>451.568996</ele>
      </trkpt>
      <trkpt lat="48.384933" lon="11.742231">
        <ele>451.142892</ele>
      </trkpt>
      <trkpt lat="48.385739" lon="11.742715">
        <ele>450.747784</ele>
      </trkpt>
      <trkpt lat="48.386296" lon="11.743301">
        <ele>450.606765</ele>
      </trkpt>
      <trkpt lat="48.386735" lon="11.743621">
        <ele>450.505541</ele>
      </trkpt>
      <trkpt lat="48.387508" lon="11.744510">
        <ele>450.291028</ele>
      </trkpt>
      <trkpt lat="48.387917" lon="11.744828">
        <ele>450.180472</ele>
      </trkpt>
      <trkpt lat="48.388446" lon="11.745226">
        <ele>450.038440</ele>
      </trkpt>
      <trkpt lat="48.388820" lon="11.745477">
        <ele>449.931575</ele>
      </trkpt>
      <trkpt lat="48.389612" lon="11.745979">
        <ele>449.578532</ele>
      </trkpt>
      <trkpt lat="48.392296" lon="11.747127">
        <ele>448.449662</ele>
      </trkpt>
      <trkpt lat="48.392499" lon="11.746960">
        <ele>448.262937</ele>
      </trkpt>
      <trkpt lat="48.392972" lon="11.746561">
        <ele>447.825295</ele>
      </trkpt>
      <trkpt lat="48.393135" lon="11.746564">
        <ele>447.693706</ele>
      </trkpt>
      <trkpt lat="48.393270" lon="11.746597">
        <ele>447.583303</ele>
      </trkpt>
      <trkpt lat="48.393477" lon="11.746726">
        <ele>447.402463</ele>
      </trkpt>
      <trkpt lat="48.394161" lon="11.747235">
        <ele>446.773098</ele>
      </trkpt>
      <trkpt lat="48.395067" lon="11.747962">
        <ele>445.906333</ele>
      </trkpt>
      <trkpt lat="48.395383" lon="11.748215">
        <ele>445.604168</ele>
      </trkpt>
      <trkpt lat="48.395955" lon="11.748737">
        <ele>445.257199</ele>
      </trkpt>
      <trkpt lat="48.396254" lon="11.749006">
        <ele>445.085781</ele>
      </trkpt>
      <trkpt lat="48.396587" lon="11.749322">
        <ele>444.892066</ele>
      </trkpt>
      <trkpt lat="48.397100" lon="11.749968">
        <ele>444.620750</ele>
      </trkpt>
      <trkpt lat="48.397394" lon="11.750307">
        <ele>444.531474</ele>
      </trkpt>
      <trkpt lat="48.397857" lon="11.751158">
        <ele>444.355342</ele>
      </trkpt>
      <trkpt lat="48.397879" lon="11.751334">
        <ele>444.326672</ele>
      </trkpt>
      <trkpt lat="48.398303" lon="11.752254">
        <ele>444.164057</ele>
      </trkpt>
      <trkpt lat="48.398863" lon="11.753308">
        <ele>443.985793</ele>
      </trkpt>
      <trkpt lat="48.398943" lon="11.753547">
        <ele>443.950449</ele>
      </trkpt>
      <trkpt lat="48.399025" lon="11.753788">
        <ele>443.914688</ele>
      </trkpt>
      <trkpt lat="48.399035" lon="11.753818">
        <ele>443.910256</ele>
      </trkpt>
      <trkpt lat="48.399126" lon="11.754195">
        <ele>443.851494</ele>
      </trkpt>
      <trkpt lat="48.399133" lon="11.754222">
        <ele>443.846863</ele>
      </trkpt>
      <trkpt lat="48.399275" lon="11.754799">
        <ele>443.748532</ele>
      </trkpt>
      <trkpt lat="48.399928" lon="11.756459">
        <ele>443.461198</ele>
      </trkpt>
      <trkpt lat="48.399970" lon="11.756564">
        <ele>443.476615</ele>
      </trkpt>
      <trkpt lat="48.400916" lon="11.758710">
        <ele>443.841235</ele>
      </trkpt>
      <trkpt lat="48.401404" lon="11.759503">
        <ele>444.675935</ele>
      </trkpt>
      <trkpt lat="48.401431" lon="11.759529">
        <ele>444.713197</ele>
      </trkpt>
      <trkpt lat="48.401566" lon="11.759526">
        <ele>444.870186</ele>
      </trkpt>
      <trkpt lat="48.401861" lon="11.759740">
        <ele>445.250907</ele>
      </trkpt>
      <trkpt lat="48.402129" lon="11.760094">
        <ele>445.665375</ele>
      </trkpt>
      <trkpt lat="48.402326" lon="11.760264">
        <ele>445.937432</ele>
      </trkpt>
      <trkpt lat="48.402369" lon="11.760283">
        <ele>445.998813</ele>
      </trkpt>
      <trkpt lat="48.402422" lon="11.760336">
        <ele>446.085953</ele>
      </trkpt>
      <trkpt lat="48.402408" lon="11.760347">
        <ele>446.107581</ele>
      </trkpt>
      <trkpt lat="48.402183" lon="11.760500">
        <ele>446.445727</ele>
      </trkpt>
      <trkpt lat="48.402100" lon="11.760651">
        <ele>446.623999</ele>
      </trkpt>
      <trkpt lat="48.401660" lon="11.761156">
        <ele>447.381718</ele>
      </trkpt>
      <trkpt lat="48.401562" lon="11.761088">
        <ele>447.529512</ele>
      </trkpt>
      <trkpt lat="48.401097" lon="11.760963">
        <ele>448.176513</ele>
      </trkpt>
      <trkpt lat="48.400975" lon="11.760932">
        <ele>448.345984</ele>
      </trkpt>
      <trkpt lat="48.401153" lon="11.761099">
        <ele>448.380808</ele>
      </trkpt>
      <trkpt lat="48.401391" lon="11.761265">
        <ele>448.422393</ele>
      </trkpt>
      <trkpt lat="48.401662" lon="11.761302">
        <ele>448.465538</ele>
      </trkpt>
      <trkpt lat="48.401748" lon="11.761342">
        <ele>448.479809</ele>
      </trkpt>
      <trkpt lat="48.402370" lon="11.761997">
        <ele>448.600141</ele>
      </trkpt>
      <trkpt lat="48.402987" lon="11.762724">
        <ele>448.220658</ele>
      </trkpt>
      <trkpt lat="48.403504" lon="11.763381">
        <ele>447.736871</ele>
      </trkpt>
      <trkpt lat="48.403794" lon="11.763814">
        <ele>447.444824</ele>
      </trkpt>
      <trkpt lat="48.403908" lon="11.763972">
        <ele>447.335215</ele>
      </trkpt>
      <trkpt lat="48.404295" lon="11.764736">
        <ele>446.922370</ele>
      </trkpt>
      <trkpt lat="48.404555" lon="11.765319">
        <ele>446.620649</ele>
      </trkpt>
      <trkpt lat="48.404969" lon="11.766717">
        <ele>446.175235</ele>
      </trkpt>
      <trkpt lat="48.405543" lon="11.769745">
        <ele>446.193995</ele>
      </trkpt>
      <trkpt lat="48.405609" lon="11.770761">
        <ele>446.248102</ele>
      </trkpt>
      <trkpt lat="48.405524" lon="11.771920">
        <ele>446.148452</ele>
      </trkpt>
      <trkpt lat="48.405518" lon="11.772675">
        <ele>445.903811</ele>
      </trkpt>
      <trkpt lat="48.405436" lon="11.773439">
        <ele>445.653057</ele>
      </trkpt>
      <trkpt lat="48.405278" lon="11.774491">
        <ele>445.379383</ele>
      </trkpt>
      <trkpt lat="48.405086" lon="11.775536">
        <ele>445.279837</ele>
      </trkpt>
      <trkpt lat="48.404984" lon="11.776008">
        <ele>445.234265</ele>
      </trkpt>
      <trkpt lat="48.404655" lon="11.777005">
        <ele>445.314373</ele>
      </trkpt>
      <trkpt lat="48.404186" lon="11.778365">
        <ele>446.071883</ele>
      </trkpt>
      <trkpt lat="48.404050" lon="11.778758">
        <ele>446.290945</ele>
      </trkpt>
      <trkpt lat="48.403445" lon="11.780815">
        <ele>446.912177</ele>
      </trkpt>
      <trkpt lat="48.402904" lon="11.781519">
        <ele>447.040396</ele>
      </trkpt>
      <trkpt lat="48.402112" lon="11.782694">
        <ele>446.431945</ele>
      </trkpt>
      <trkpt lat="48.401513" lon="11.783184">
        <ele>445.967717</ele>
      </trkpt>
      <trkpt lat="48.401379" lon="11.783478">
        <ele>445.664180</ele>
      </trkpt>
      <trkpt lat="48.401292" lon="11.784037">
        <ele>445.175479</ele>
      </trkpt>
      <trkpt lat="48.401312" lon="11.784484">
        <ele>444.794145</ele>
      </trkpt>
      <trkpt lat="48.401425" lon="11.785517">
        <ele>443.903036</ele>
      </trkpt>
      <trkpt lat="48.401376" lon="11.786077">
        <ele>443.509064</ele>
      </trkpt>
      <trkpt lat="48.401362" lon="11.786219">
        <ele>443.413487</ele>
      </trkpt>
      <trkpt lat="48.401278" lon="11.786955">
        <ele>442.916284</ele>
      </trkpt>
      <trkpt lat="48.401029" lon="11.788709">
        <ele>442.105001</ele>
      </trkpt>
      <trkpt lat="48.400977" lon="11.789450">
        <ele>442.252852</ele>
      </trkpt>
      <trkpt lat="48.400998" lon="11.789695">
        <ele>442.301870</ele>
      </trkpt>
      <trkpt lat="48.401010" lon="11.789881">
        <ele>442.338950</ele>
      </trkpt>
      <trkpt lat="48.401473" lon="11.792255">
        <ele>443.377029</ele>
      </trkpt>
      <trkpt lat="48.401673" lon="11.792625">
        <ele>443.659874</ele>
      </trkpt>
      <trkpt lat="48.401736" lon="11.792925">
        <ele>443.846401</ele>
      </trkpt>
      <trkpt lat="48.401781" lon="11.793269">
        <ele>444.054247</ele>
      </trkpt>
      <trkpt lat="48.401969" lon="11.793732">
        <ele>444.203708</ele>
      </trkpt>
      <trkpt lat="48.402129" lon="11.793930">
        <ele>444.240664</ele>
      </trkpt>
      <trkpt lat="48.402471" lon="11.794007">
        <ele>444.302377</ele>
      </trkpt>
      <trkpt lat="48.402568" lon="11.794110">
        <ele>444.323558</ele>
      </trkpt>
      <trkpt lat="48.402978" lon="11.796505">
        <ele>444.122618</ele>
      </trkpt>
      <trkpt lat="48.403024" lon="11.796942">
        <ele>443.983119</ele>
      </trkpt>
      <trkpt lat="48.403736" lon="11.799852">
        <ele>442.960831</ele>
      </trkpt>
      <trkpt lat="48.404334" lon="11.801706">
        <ele>442.464773</ele>
      </trkpt>
      <trkpt lat="48.404630" lon="11.802736">
        <ele>442.255223</ele>
      </trkpt>
      <trkpt lat="48.404850" lon="11.803427">
        <ele>441.865582</ele>
      </trkpt>
      <trkpt lat="48.404892" lon="11.803560">
        <ele>441.766136</ele>
      </trkpt>
      <trkpt lat="48.405120" lon="11.804590">
        <ele>441.033025</ele>
      </trkpt>
      <trkpt lat="48.405230" lon="11.805457">
        <ele>440.437024</ele>
      </trkpt>
      <trkpt lat="48.405240" lon="11.805534">
        <ele>440.384048</ele>
      </trkpt>
      <trkpt lat="48.405457" lon="11.808461">
        <ele>437.118478</ele>
      </trkpt>
      <trkpt lat="48.405556" lon="11.811766">
        <ele>435.788604</ele>
      </trkpt>
      <trkpt lat="48.405550" lon="11.815989">
        <ele>437.522682</ele>
      </trkpt>
      <trkpt lat="48.405558" lon="11.816213">
        <ele>437.643778</ele>
      </trkpt>
      <trkpt lat="48.405573" lon="11.816641">
        <ele>437.723122</ele>
      </trkpt>
      <trkpt lat="48.405607" lon="11.817379">
        <ele>437.722880</ele>
      </trkpt>
      <trkpt lat="48.405680" lon="11.817975">
        <ele>437.722682</ele>
      </trkpt>
      <trkpt lat="48.405704" lon="11.818169">
        <ele>437.722617</ele>
      </trkpt>
      <trkpt lat="48.406148" lon="11.821774">
        <ele>436.803696</ele>
      </trkpt>
      <trkpt lat="48.406217" lon="11.823181">
        <ele>436.082639</ele>
      </trkpt>
      <trkpt lat="48.406188" lon="11.823765">
        <ele>435.783332</ele>
      </trkpt>
      <trkpt lat="48.406029" lon="11.825336">
        <ele>435.367100</ele>
      </trkpt>
      <trkpt lat="48.405858" lon="11.826683">
        <ele>435.238698</ele>
      </trkpt>
      <trkpt lat="48.405846" lon="11.826769">
        <ele>435.230470</ele>
      </trkpt>
      <trkpt lat="48.405795" lon="11.826872">
        <ele>435.218440</ele>
      </trkpt>
      <trkpt lat="48.405755" lon="11.826992">
        <ele>435.205867</ele>
      </trkpt>
      <trkpt lat="48.405721" lon="11.827224">
        <ele>435.197400</ele>
      </trkpt>
      <trkpt lat="48.405818" lon="11.828005">
        <ele>435.178092</ele>
      </trkpt>
      <trkpt lat="48.405829" lon="11.828546">
        <ele>435.164939</ele>
      </trkpt>
      <trkpt lat="48.405909" lon="11.829619">
        <ele>435.138700</ele>
      </trkpt>
      <trkpt lat="48.406143" lon="11.830795">
        <ele>434.647740</ele>
      </trkpt>
      <trkpt lat="48.406308" lon="11.831473">
        <ele>434.336179</ele>
      </trkpt>
      <trkpt lat="48.406450" lon="11.831926">
        <ele>434.120038</ele>
      </trkpt>
      <trkpt lat="48.406513" lon="11.832125">
        <ele>434.024915</ele>
      </trkpt>
      <trkpt lat="48.406769" lon="11.832691">
        <ele>433.921466</ele>
      </trkpt>
      <trkpt lat="48.408940" lon="11.836691">
        <ele>433.862139</ele>
      </trkpt>
      <trkpt lat="48.409932" lon="11.838742">
        <ele>434.195177</ele>
      </trkpt>
      <trkpt lat="48.410159" lon="11.839300">
        <ele>434.271833</ele>
      </trkpt>
      <trkpt lat="48.410344" lon="11.839778">
        <ele>434.336642</ele>
      </trkpt>
      <trkpt lat="48.410399" lon="11.839918">
        <ele>434.355696</ele>
      </trkpt>
      <trkpt lat="48.410575" lon="11.840476">
        <ele>434.428057</ele>
      </trkpt>
      <trkpt lat="48.410786" lon="11.841137">
        <ele>434.504463</ele>
      </trkpt>
      <trkpt lat="48.411242" lon="11.842914">
        <ele>434.597841</ele>
      </trkpt>
      <trkpt lat="48.411277" lon="11.843101">
        <ele>434.607363</ele>
      </trkpt>
      <trkpt lat="48.411384" lon="11.843686">
        <ele>434.653858</ele>
      </trkpt>
      <trkpt lat="48.411726" lon="11.845163">
        <ele>434.923123</ele>
      </trkpt>
      <trkpt lat="48.412307" lon="11.846999">
        <ele>435.254820</ele>
      </trkpt>
      <trkpt lat="48.413333" lon="11.849497">
        <ele>435.540620</ele>
      </trkpt>
      <trkpt lat="48.414028" lon="11.850862">
        <ele>435.538002</ele>
      </trkpt>
      <trkpt lat="48.414301" lon="11.851308">
        <ele>435.462105</ele>
      </trkpt>
      <trkpt lat="48.414620" lon="11.851952">
        <ele>435.361580</ele>
      </trkpt>
      <trkpt lat="48.414928" lon="11.852681">
        <ele>435.253476</ele>
      </trkpt>
      <trkpt lat="48.415714" lon="11.853960">
        <ele>434.753354</ele>
      </trkpt>
      <trkpt lat="48.416181" lon="11.854561">
        <ele>434.471408</ele>
      </trkpt>
      <trkpt lat="48.416495" lon="11.855110">
        <ele>434.390943</ele>
      </trkpt>
      <trkpt lat="48.417138" lon="11.856621">
        <ele>434.337326</ele>
      </trkpt>
      <trkpt lat="48.417440" lon="11.857591">
        <ele>434.539088</ele>
      </trkpt>
      <trkpt lat="48.417594" lon="11.858295">
        <ele>434.776718</ele>
      </trkpt>
      <trkpt lat="48.417607" lon="11.858392">
        <ele>434.808442</ele>
      </trkpt>
      <trkpt lat="48.417697" lon="11.859067">
        <ele>435.029156</ele>
      </trkpt>
      <trkpt lat="48.417867" lon="11.859840">
        <ele>435.114382</ele>
      </trkpt>
      <trkpt lat="48.417913" lon="11.860784">
        <ele>434.863114</ele>
      </trkpt>
      <trkpt lat="48.417867" lon="11.861685">
        <ele>434.623230</ele>
      </trkpt>
      <trkpt lat="48.417708" lon="11.863513">
        <ele>433.616021</ele>
      </trkpt>
      <trkpt lat="48.417651" lon="11.864903">
        <ele>432.684631</ele>
      </trkpt>
      <trkpt lat="48.417526" lon="11.866363">
        <ele>431.948157</ele>
      </trkpt>
      <trkpt lat="48.417343" lon="11.867092">
        <ele>431.561295</ele>
      </trkpt>
      <trkpt lat="48.417299" lon="11.868284">
        <ele>431.104822</ele>
      </trkpt>
      <trkpt lat="48.417286" lon="11.868637">
        <ele>430.997908</ele>
      </trkpt>
      <trkpt lat="48.417155" lon="11.870225">
        <ele>430.513988</ele>
      </trkpt>
      <trkpt lat="48.417041" lon="11.873161">
        <ele>430.485971</ele>
      </trkpt>
      <trkpt lat="48.417098" lon="11.875049">
        <ele>430.825829</ele>
      </trkpt>
      <trkpt lat="48.417229" lon="11.876311">
        <ele>431.001860</ele>
      </trkpt>
      <trkpt lat="48.417423" lon="11.877152">
        <ele>431.086573</ele>
      </trkpt>
      <trkpt lat="48.417742" lon="11.877838">
        <ele>431.166269</ele>
      </trkpt>
      <trkpt lat="48.418172" lon="11.878859">
        <ele>431.217388</ele>
      </trkpt>
      <trkpt lat="48.418233" lon="11.878980">
        <ele>431.220562</ele>
      </trkpt>
      <trkpt lat="48.418642" lon="11.879770">
        <ele>431.241487</ele>
      </trkpt>
      <trkpt lat="48.419052" lon="11.880482">
        <ele>431.365638</ele>
      </trkpt>
      <trkpt lat="48.419468" lon="11.881083">
        <ele>431.750492</ele>
      </trkpt>
      <trkpt lat="48.420066" lon="11.881529">
        <ele>432.196059</ele>
      </trkpt>
      <trkpt lat="48.420351" lon="11.881804">
        <ele>432.422052</ele>
      </trkpt>
      <trkpt lat="48.420509" lon="11.881976">
        <ele>432.562852</ele>
      </trkpt>
      <trkpt lat="48.420636" lon="11.882113">
        <ele>432.678816</ele>
      </trkpt>
      <trkpt lat="48.420472" lon="11.882508">
        <ele>432.908394</ele>
      </trkpt>
      <trkpt lat="48.420221" lon="11.883032">
        <ele>433.226814</ele>
      </trkpt>
      <trkpt lat="48.419965" lon="11.883410">
        <ele>433.492927</ele>
      </trkpt>
      <trkpt lat="48.419856" lon="11.883678">
        <ele>433.647805</ele>
      </trkpt>
      <trkpt lat="48.419837" lon="11.883884">
        <ele>433.750285</ele>
      </trkpt>
      <trkpt lat="48.419898" lon="11.884186">
        <ele>433.742227</ele>
      </trkpt>
      <trkpt lat="48.419824" lon="11.884305">
        <ele>433.706595</ele>
      </trkpt>
      <trkpt lat="48.419542" lon="11.884744">
        <ele>433.573098</ele>
      </trkpt>
      <trkpt lat="48.419428" lon="11.884934">
        <ele>433.517131</ele>
      </trkpt>
      <trkpt lat="48.419225" lon="11.885267">
        <ele>433.418332</ele>
      </trkpt>
      <trkpt lat="48.419176" lon="11.885347">
        <ele>433.394545</ele>
      </trkpt>
      <trkpt lat="48.418582" lon="11.886109">
        <ele>433.164821</ele>
      </trkpt>
      <trkpt lat="48.418332" lon="11.886475">
        <ele>433.099770</ele>
      </trkpt>
      <trkpt lat="48.418261" lon="11.886582">
        <ele>433.081030</ele>
      </trkpt>
      <trkpt lat="48.418179" lon="11.886732">
        <ele>433.056960</ele>
      </trkpt>
      <trkpt lat="48.418587" lon="11.887454">
        <ele>432.939511</ele>
      </trkpt>
      <trkpt lat="48.418714" lon="11.887884">
        <ele>432.881218</ele>
      </trkpt>
      <trkpt lat="48.418816" lon="11.888143">
        <ele>432.851998</ele>
      </trkpt>
      <trkpt lat="48.419046" lon="11.888586">
        <ele>432.809494</ele>
      </trkpt>
      <trkpt lat="48.419049" lon="11.888797">
        <ele>432.793545</ele>
      </trkpt>
      <trkpt lat="48.418939" lon="11.889205">
        <ele>432.760265</ele>
      </trkpt>
      <trkpt lat="48.418873" lon="11.889468">
        <ele>432.739016</ele>
      </trkpt>
      <trkpt lat="48.418611" lon="11.890576">
        <ele>432.580655</ele>
      </trkpt>
      <trkpt lat="48.418681" lon="11.891631">
        <ele>431.927537</ele>
      </trkpt>
      <trkpt lat="48.418646" lon="11.892066">
        <ele>431.657616</ele>
      </trkpt>
      <trkpt lat="48.418533" lon="11.892485">
        <ele>431.379017</ele>
      </trkpt>
      <trkpt lat="48.418598" lon="11.893446">
        <ele>430.601793</ele>
      </trkpt>
      <trkpt lat="48.418508" lon="11.893842">
        <ele>430.116422</ele>
      </trkpt>
      <trkpt lat="48.418353" lon="11.894235">
        <ele>429.586311</ele>
      </trkpt>
      <trkpt lat="48.418250" lon="11.894676">
        <ele>429.044192</ele>
      </trkpt>
      <trkpt lat="48.418197" lon="11.895163">
        <ele>428.471930</ele>
      </trkpt>
      <trkpt lat="48.418099" lon="11.895681">
        <ele>427.847349</ele>
      </trkpt>
      <trkpt lat="48.418081" lon="11.896127">
        <ele>427.343484</ele>
      </trkpt>
      <trkpt lat="48.418094" lon="11.896218">
        <ele>427.238517</ele>
      </trkpt>
      <trkpt lat="48.417908" lon="11.896246">
        <ele>426.920916</ele>
      </trkpt>
      <trkpt lat="48.417966" lon="11.896395">
        <ele>426.726128</ele>
      </trkpt>
      <trkpt lat="48.418019" lon="11.896583">
        <ele>426.495795</ele>
      </trkpt>
      <trkpt lat="48.418421" lon="11.897776">
        <ele>424.987040</ele>
      </trkpt>
      <trkpt lat="48.418735" lon="11.898885">
        <ele>424.480698</ele>
      </trkpt>
      <trkpt lat="48.418898" lon="11.899690">
        <ele>424.227104</ele>
      </trkpt>
      <trkpt lat="48.418996" lon="11.900230">
        <ele>424.058421</ele>
      </trkpt>
      <trkpt lat="48.419131" lon="11.900850">
        <ele>424.019585</ele>
      </trkpt>
      <trkpt lat="48.419249" lon="11.901132">
        <ele>424.058851</ele>
      </trkpt>
      <trkpt lat="48.419353" lon="11.901329">
        <ele>424.088499</ele>
      </trkpt>
      <trkpt lat="48.419951" lon="11.901937">
        <ele>424.216528</ele>
      </trkpt>
      <trkpt lat="48.420105" lon="11.902112">
        <ele>424.250759</ele>
      </trkpt>
      <trkpt lat="48.420242" lon="11.902406">
        <ele>424.293070</ele>
      </trkpt>
      <trkpt lat="48.420426" lon="11.902721">
        <ele>424.071864</ele>
      </trkpt>
      <trkpt lat="48.420622" lon="11.903088">
        <ele>423.814814</ele>
      </trkpt>
      <trkpt lat="48.420648" lon="11.903261">
        <ele>423.718023</ele>
      </trkpt>
      <trkpt lat="48.420652" lon="11.903339">
        <ele>423.675334</ele>
      </trkpt>
      <trkpt lat="48.420683" lon="11.903494">
        <ele>423.586999</ele>
      </trkpt>
      <trkpt lat="48.420858" lon="11.903927">
        <ele>423.310361</ele>
      </trkpt>
      <trkpt lat="48.420952" lon="11.904282">
        <ele>423.101801</ele>
      </trkpt>
      <trkpt lat="48.421061" lon="11.904488">
        <ele>422.958040</ele>
      </trkpt>
      <trkpt lat="48.421647" lon="11.905346">
        <ele>422.395686</ele>
      </trkpt>
      <trkpt lat="48.421846" lon="11.905508">
        <ele>422.248170</ele>
      </trkpt>
      <trkpt lat="48.422256" lon="11.905711">
        <ele>421.966705</ele>
      </trkpt>
      <trkpt lat="48.423060" lon="11.905796">
        <ele>421.603479</ele>
      </trkpt>
      <trkpt lat="48.423303" lon="11.905782">
        <ele>421.572746</ele>
      </trkpt>
      <trkpt lat="48.423344" lon="11.905846">
        <ele>421.565285</ele>
      </trkpt>
      <trkpt lat="48.423380" lon="11.907418">
        <ele>421.433366</ele>
      </trkpt>
      <trkpt lat="48.423293" lon="11.908771">
        <ele>421.444728</ele>
      </trkpt>
      <trkpt lat="48.423322" lon="11.908977">
        <ele>421.450168</ele>
      </trkpt>
      <trkpt lat="48.423634" lon="11.909746">
        <ele>421.473452</ele>
      </trkpt>
      <trkpt lat="48.423974" lon="11.910368">
        <ele>421.597804</ele>
      </trkpt>
      <trkpt lat="48.424227" lon="11.910968">
        <ele>421.826326</ele>
      </trkpt>
      <trkpt lat="48.424296" lon="11.911087">
        <ele>421.877126</ele>
      </trkpt>
      <trkpt lat="48.424460" lon="11.911107">
        <ele>421.956830</ele>
      </trkpt>
      <trkpt lat="48.425360" lon="11.911010">
        <ele>422.406657</ele>
      </trkpt>
      <trkpt lat="48.425433" lon="11.911114">
        <ele>422.471895</ele>
      </trkpt>
      <trkpt lat="48.425631" lon="11.912039">
        <ele>422.890740</ele>
      </trkpt>
      <trkpt lat="48.425714" lon="11.912505">
        <ele>423.098666</ele>
      </trkpt>
      <trkpt lat="48.425993" lon="11.912419">
        <ele>423.283601</ele>
      </trkpt>
      <trkpt lat="48.427107" lon="11.912075">
        <ele>424.140341</ele>
      </trkpt>
      <trkpt lat="48.427184" lon="11.912114">
        <ele>424.205634</ele>
      </trkpt>
      <trkpt lat="48.427226" lon="11.912209">
        <ele>424.266520</ele>
      </trkpt>
      <trkpt lat="48.427243" lon="11.912352">
        <ele>424.344006</ele>
      </trkpt>
      <trkpt lat="48.427249" lon="11.912399">
        <ele>424.369534</ele>
      </trkpt>
      <trkpt lat="48.427295" lon="11.912801">
        <ele>424.587113</ele>
      </trkpt>
      <trkpt lat="48.427280" lon="11.912915">
        <ele>424.649100</ele>
      </trkpt>
      <trkpt lat="48.427265" lon="11.912961">
        <ele>424.676438</ele>
      </trkpt>
      <trkpt lat="48.427392" lon="11.913003">
        <ele>424.780947</ele>
      </trkpt>
      <trkpt lat="48.427907" lon="11.913060">
        <ele>425.212076</ele>
      </trkpt>
      <trkpt lat="48.428090" lon="11.913205">
        <ele>425.390087</ele>
      </trkpt>
      <trkpt lat="48.428408" lon="11.913635">
        <ele>425.757938</ele>
      </trkpt>
      <trkpt lat="48.429001" lon="11.914605">
        <ele>426.511450</ele>
      </trkpt>
      <trkpt lat="48.429149" lon="11.914922">
        <ele>426.509054</ele>
      </trkpt>
      <trkpt lat="48.429399" lon="11.915265">
        <ele>426.495675</ele>
      </trkpt>
      <trkpt lat="48.429455" lon="11.915461">
        <ele>426.490071</ele>
      </trkpt>
      <trkpt lat="48.429647" lon="11.915666">
        <ele>426.480760</ele>
      </trkpt>
      <trkpt lat="48.430287" lon="11.916358">
        <ele>426.449588</ele>
      </trkpt>
      <trkpt lat="48.430668" lon="11.916653">
        <ele>426.255885</ele>
      </trkpt>
      <trkpt lat="48.431067" lon="11.917040">
        <ele>426.016931</ele>
      </trkpt>
      <trkpt lat="48.431968" lon="11.917581">
        <ele>425.544046</ele>
      </trkpt>
      <trkpt lat="48.432393" lon="11.917764">
        <ele>425.579519</ele>
      </trkpt>
      <trkpt lat="48.432470" lon="11.917957">
        <ele>425.591511</ele>
      </trkpt>
      <trkpt lat="48.432534" lon="11.918072">
        <ele>425.599503</ele>
      </trkpt>
      <trkpt lat="48.432470" lon="11.917957">
        <ele>425.607496</ele>
      </trkpt>
      <trkpt lat="48.432393" lon="11.917764">
        <ele>425.619488</ele>
      </trkpt>
      <trkpt lat="48.431968" lon="11.917581">
        <ele>425.654961</ele>
      </trkpt>
      <trkpt lat="48.431067" lon="11.917040">
        <ele>425.983058</ele>
      </trkpt>
      <trkpt lat="48.430668" lon="11.916653">
        <ele>426.225910</ele>
      </trkpt>
      <trkpt lat="48.430287" lon="11.916358">
        <ele>426.445142</ele>
      </trkpt>
      <trkpt lat="48.429647" lon="11.915666">
        <ele>426.488037</ele>
      </trkpt>
      <trkpt lat="48.429455" lon="11.915461">
        <ele>426.428781</ele>
      </trkpt>
      <trkpt lat="48.429490" lon="11.915586">
        <ele>426.406110</ele>
      </trkpt>
      <trkpt lat="48.429520" lon="11.915883">
        <ele>426.355910</ele>
      </trkpt>
      <trkpt lat="48.429941" lon="11.916699">
        <ele>426.183190</ele>
      </trkpt>
      <trkpt lat="48.430110" lon="11.917180">
        <ele>425.984193</ele>
      </trkpt>
      <trkpt lat="48.430316" lon="11.918007">
        <ele>425.577857</ele>
      </trkpt>
      <trkpt lat="48.430420" lon="11.918312">
        <ele>425.420119</ele>
      </trkpt>
      <trkpt lat="48.430467" lon="11.918608">
        <ele>425.280118</ele>
      </trkpt>
      <trkpt lat="48.430584" lon="11.918903">
        <ele>425.122028</ele>
      </trkpt>
      <trkpt lat="48.430735" lon="11.919539">
        <ele>424.911341</ele>
      </trkpt>
      <trkpt lat="48.431266" lon="11.920764">
        <ele>424.941997</ele>
      </trkpt>
      <trkpt lat="48.431632" lon="11.921478">
        <ele>424.960901</ele>
      </trkpt>
      <trkpt lat="48.431946" lon="11.922180">
        <ele>425.486654</ele>
      </trkpt>
      <trkpt lat="48.432261" lon="11.922765">
        <ele>426.042009</ele>
      </trkpt>
      <trkpt lat="48.432532" lon="11.923136">
        <ele>426.448741</ele>
      </trkpt>
      <trkpt lat="48.433085" lon="11.923705">
        <ele>427.099523</ele>
      </trkpt>
      <trkpt lat="48.433717" lon="11.924417">
        <ele>427.622255</ele>
      </trkpt>
      <trkpt lat="48.433933" lon="11.924707">
        <ele>427.813894</ele>
      </trkpt>
      <trkpt lat="48.434086" lon="11.924879">
        <ele>427.940344</ele>
      </trkpt>
      <trkpt lat="48.434052" lon="11.925008">
        <ele>428.001356</ele>
      </trkpt>
      <trkpt lat="48.434062" lon="11.925159">
        <ele>428.068058</ele>
      </trkpt>
      <trkpt lat="48.434639" lon="11.925733">
        <ele>427.770513</ele>
      </trkpt>
      <trkpt lat="48.435137" lon="11.926146">
        <ele>427.383256</ele>
      </trkpt>
      <trkpt lat="48.435194" lon="11.926371">
        <ele>427.274389</ele>
      </trkpt>
      <trkpt lat="48.435251" lon="11.927009">
        <ele>426.983398</ele>
      </trkpt>
      <trkpt lat="48.435426" lon="11.927632">
        <ele>426.397774</ele>
      </trkpt>
      <trkpt lat="48.435447" lon="11.928227">
        <ele>425.827680</ele>
      </trkpt>
      <trkpt lat="48.435372" lon="11.928817">
        <ele>425.252905</ele>
      </trkpt>
      <trkpt lat="48.435418" lon="11.929429">
        <ele>424.663604</ele>
      </trkpt>
      <trkpt lat="48.435593" lon="11.929842">
        <ele>424.170454</ele>
      </trkpt>
      <trkpt lat="48.435824" lon="11.930169">
        <ele>423.633933</ele>
      </trkpt>
      <trkpt lat="48.435885" lon="11.930378">
        <ele>423.377466</ele>
      </trkpt>
      <trkpt lat="48.435912" lon="11.931210">
        <ele>422.441818</ele>
      </trkpt>
      <trkpt lat="48.435974" lon="11.931767">
        <ele>421.807434</ele>
      </trkpt>
      <trkpt lat="48.436078" lon="11.932332">
        <ele>421.222418</ele>
      </trkpt>
      <trkpt lat="48.436296" lon="11.933065">
        <ele>420.793095</ele>
      </trkpt>
      <trkpt lat="48.436624" lon="11.933628">
        <ele>420.392646</ele>
      </trkpt>
      <trkpt lat="48.436727" lon="11.934076">
        <ele>420.139239</ele>
      </trkpt>
      <trkpt lat="48.436727" lon="11.934417">
        <ele>419.956988</ele>
      </trkpt>
      <trkpt lat="48.436730" lon="11.934555">
        <ele>419.883193</ele>
      </trkpt>
      <trkpt lat="48.436726" lon="11.934687">
        <ele>419.829442</ele>
      </trkpt>
      <trkpt lat="48.436740" lon="11.935181">
        <ele>419.726168</ele>
      </trkpt>
      <trkpt lat="48.436758" lon="11.935221">
        <ele>419.716073</ele>
      </trkpt>
      <trkpt lat="48.436775" lon="11.935257">
        <ele>419.706844</ele>
      </trkpt>
      <trkpt lat="48.436808" lon="11.935269">
        <ele>419.696157</ele>
      </trkpt>
      <trkpt lat="48.436836" lon="11.935358">
        <ele>419.675583</ele>
      </trkpt>
      <trkpt lat="48.436997" lon="11.935811">
        <ele>419.568246</ele>
      </trkpt>
      <trkpt lat="48.437020" lon="11.936002">
        <ele>419.527701</ele>
      </trkpt>
      <trkpt lat="48.437029" lon="11.936109">
        <ele>419.505173</ele>
      </trkpt>
      <trkpt lat="48.437043" lon="11.936209">
        <ele>419.483827</ele>
      </trkpt>
      <trkpt lat="48.437093" lon="11.936389">
        <ele>419.443069</ele>
      </trkpt>
      <trkpt lat="48.437652" lon="11.936432">
        <ele>419.261792</ele>
      </trkpt>
      <trkpt lat="48.437897" lon="11.936456">
        <ele>419.129842</ele>
      </trkpt>
      <trkpt lat="48.438110" lon="11.936477">
        <ele>419.015123</ele>
      </trkpt>
      <trkpt lat="48.438263" lon="11.936489">
        <ele>418.932784</ele>
      </trkpt>
      <trkpt lat="48.438753" lon="11.936527">
        <ele>418.669091</ele>
      </trkpt>
      <trkpt lat="48.438802" lon="11.936531">
        <ele>418.642718</ele>
      </trkpt>
      <trkpt lat="48.439199" lon="11.936578">
        <ele>418.428698</ele>
      </trkpt>
      <trkpt lat="48.439488" lon="11.936605">
        <ele>418.257151</ele>
      </trkpt>
      <trkpt lat="48.439631" lon="11.936662">
        <ele>418.140714</ele>
      </trkpt>
      <trkpt lat="48.439829" lon="11.936832">
        <ele>417.961339</ele>
      </trkpt>
      <trkpt lat="48.440215" lon="11.937391">
        <ele>417.539975</ele>
      </trkpt>
      <trkpt lat="48.440390" lon="11.937647">
        <ele>417.348011</ele>
      </trkpt>
      <trkpt lat="48.441269" lon="11.939003">
        <ele>416.653038</ele>
      </trkpt>
      <trkpt lat="48.441408" lon="11.939244">
        <ele>416.578508</ele>
      </trkpt>
      <trkpt lat="48.441469" lon="11.939470">
        <ele>416.521565</ele>
      </trkpt>
      <trkpt lat="48.442711" lon="11.941486">
        <ele>416.156187</ele>
      </trkpt>
      <trkpt lat="48.442855" lon="11.941661">
        <ele>416.138596</ele>
      </trkpt>
      <trkpt lat="48.443332" lon="11.942144">
        <ele>416.078871</ele>
      </trkpt>
      <trkpt lat="48.445561" lon="11.943911">
        <ele>415.605267</ele>
      </trkpt>
      <trkpt lat="48.446783" lon="11.944833">
        <ele>415.459564</ele>
      </trkpt>
      <trkpt lat="48.446896" lon="11.945046">
        <ele>415.437160</ele>
      </trkpt>
      <trkpt lat="48.447031" lon="11.944858">
        <ele>415.414401</ele>
      </trkpt>
      <trkpt lat="48.446936" lon="11.944777">
        <ele>415.400885</ele>
      </trkpt>
      <trkpt lat="48.446967" lon="11.944689">
        <ele>415.392700</ele>
      </trkpt>
      <trkpt lat="48.446977" lon="11.944681">
        <ele>415.391298</ele>
      </trkpt>
      <trkpt lat="48.447061" lon="11.944491">
        <ele>415.372542</ele>
      </trkpt>
      <trkpt lat="48.447079" lon="11.944505">
        <ele>415.370034</ele>
      </trkpt>
      <trkpt lat="48.447734" lon="11.944969">
        <ele>415.280412</ele>
      </trkpt>
      <trkpt lat="48.448065" lon="11.945125">
        <ele>415.202082</ele>
      </trkpt>
      <trkpt lat="48.448731" lon="11.945594">
        <ele>415.030116</ele>
      </trkpt>
      <trkpt lat="48.449079" lon="11.945767">
        <ele>414.944391</ele>
      </trkpt>
      <trkpt lat="48.449381" lon="11.945930">
        <ele>414.869348</ele>
      </trkpt>
      <trkpt lat="48.449822" lon="11.946168">
        <ele>415.014337</ele>
      </trkpt>
      <trkpt lat="48.451419" lon="11.947046">
        <ele>415.640603</ele>
      </trkpt>
      <trkpt lat="48.451714" lon="11.947227">
        <ele>415.739070</ele>
      </trkpt>
      <trkpt lat="48.451855" lon="11.947288">
        <ele>415.784421</ele>
      </trkpt>
      <trkpt lat="48.452029" lon="11.947364">
        <ele>415.840428</ele>
      </trkpt>
      <trkpt lat="48.454087" lon="11.948334">
        <ele>415.975421</ele>
      </trkpt>
      <trkpt lat="48.456192" lon="11.949198">
        <ele>415.518509</ele>
      </trkpt>
      <trkpt lat="48.456945" lon="11.949490">
        <ele>415.626728</ele>
      </trkpt>
      <trkpt lat="48.457295" lon="11.949501">
        <ele>415.694518</ele>
      </trkpt>
      <trkpt lat="48.457568" lon="11.949518">
        <ele>415.747427</ele>
      </trkpt>
      <trkpt lat="48.457748" lon="11.949577">
        <ele>415.783097</ele>
      </trkpt>
      <trkpt lat="48.458444" lon="11.949880">
        <ele>415.799815</ele>
      </trkpt>
      <trkpt lat="48.458838" lon="11.949987">
        <ele>415.757741</ele>
      </trkpt>
      <trkpt lat="48.459053" lon="11.950038">
        <ele>415.734867</ele>
      </trkpt>
      <trkpt lat="48.459543" lon="11.950064">
        <ele>415.683338</ele>
      </trkpt>
      <trkpt lat="48.460254" lon="11.949919">
        <ele>415.350022</ele>
      </trkpt>
      <trkpt lat="48.460228" lon="11.950159">
        <ele>415.238704</ele>
      </trkpt>
      <trkpt lat="48.460034" lon="11.950609">
        <ele>414.993007</ele>
      </trkpt>
      <trkpt lat="48.459797" lon="11.951149">
        <ele>414.696580</ele>
      </trkpt>
      <trkpt lat="48.459820" lon="11.951162">
        <ele>414.679625</ele>
      </trkpt>
      <trkpt lat="48.459761" lon="11.951307">
        <ele>414.601750</ele>
      </trkpt>
      <trkpt lat="48.460668" lon="11.951708">
        <ele>414.258657</ele>
      </trkpt>
      <trkpt lat="48.461783" lon="11.952237">
        <ele>414.000523</ele>
      </trkpt>
      <trkpt lat="48.461820" lon="11.952273">
        <ele>414.001079</ele>
      </trkpt>
      <trkpt lat="48.461942" lon="11.952435">
        <ele>414.003129</ele>
      </trkpt>
      <trkpt lat="48.462063" lon="11.952497">
        <ele>414.004740</ele>
      </trkpt>
      <trkpt lat="48.462170" lon="11.952559">
        <ele>414.006186</ele>
      </trkpt>
      <trkpt lat="48.462371" lon="11.952519">
        <ele>414.008743</ele>
      </trkpt>
      <trkpt lat="48.462613" lon="11.952638">
        <ele>414.011953</ele>
      </trkpt>
      <trkpt lat="48.463292" lon="11.953089">
        <ele>414.021311</ele>
      </trkpt>
      <trkpt lat="48.464630" lon="11.953815">
        <ele>414.449503</ele>
      </trkpt>
      <trkpt lat="48.464776" lon="11.954010">
        <ele>414.512898</ele>
      </trkpt>
      <trkpt lat="48.464858" lon="11.953921">
        <ele>414.545738</ele>
      </trkpt>
      <trkpt lat="48.465155" lon="11.954078">
        <ele>414.638759</ele>
      </trkpt>
      <trkpt lat="48.465180" lon="11.953944">
        <ele>414.661919</ele>
      </trkpt>
      <trkpt lat="48.465236" lon="11.953941">
        <ele>414.675979</ele>
      </trkpt>
      <trkpt lat="48.465285" lon="11.953927">
        <ele>414.688492</ele>
      </trkpt>
      <trkpt lat="48.465446" lon="11.953896">
        <ele>414.729217</ele>
      </trkpt>
      <trkpt lat="48.465582" lon="11.953823">
        <ele>414.765438</ele>
      </trkpt>
      <trkpt lat="48.465667" lon="11.953735">
        <ele>414.791308</ele>
      </trkpt>
      <trkpt lat="48.465636" lon="11.953655">
        <ele>414.806724</ele>
      </trkpt>
      <trkpt lat="48.465741" lon="11.953552">
        <ele>414.838153</ele>
      </trkpt>
      <trkpt lat="48.465485" lon="11.952931">
        <ele>414.959810</ele>
      </trkpt>
      <trkpt lat="48.465232" lon="11.952275">
        <ele>415.068416</ele>
      </trkpt>
      <trkpt lat="48.465011" lon="11.951398">
        <ele>415.123990</ele>
      </trkpt>
      <trkpt lat="48.464904" lon="11.950479">
        <ele>415.179260</ele>
      </trkpt>
      <trkpt lat="48.464880" lon="11.949436">
        <ele>415.345336</ele>
      </trkpt>
      <trkpt lat="48.464916" lon="11.949115">
        <ele>415.457079</ele>
      </trkpt>
      <trkpt lat="48.464957" lon="11.948932">
        <ele>415.523380</ele>
      </trkpt>
      <trkpt lat="48.465040" lon="11.948558">
        <ele>415.658749</ele>
      </trkpt>
      <trkpt lat="48.465102" lon="11.948475">
        <ele>415.701663</ele>
      </trkpt>
      <trkpt lat="48.465143" lon="11.948338">
        <ele>415.753253</ele>
      </trkpt>
      <trkpt lat="48.465178" lon="11.948223">
        <ele>415.796685</ele>
      </trkpt>
      <trkpt lat="48.465622" lon="11.946048">
        <ele>416.822134</ele>
      </trkpt>
      <trkpt lat="48.465662" lon="11.945948">
        <ele>416.885134</ele>
      </trkpt>
      <trkpt lat="48.466005" lon="11.946042">
        <ele>417.168756</ele>
      </trkpt>
      <trkpt lat="48.466047" lon="11.945983">
        <ele>417.215452</ele>
      </trkpt>
      <trkpt lat="48.466104" lon="11.946007">
        <ele>417.263599</ele>
      </trkpt>
      <trkpt lat="48.466589" lon="11.946405">
        <ele>417.745918</ele>
      </trkpt>
      <trkpt lat="48.467598" lon="11.947080">
        <ele>418.943948</ele>
      </trkpt>
      <trkpt lat="48.467845" lon="11.947579">
        <ele>419.392081</ele>
      </trkpt>
      <trkpt lat="48.468097" lon="11.947765">
        <ele>419.608020</ele>
      </trkpt>
      <trkpt lat="48.468710" lon="11.948384">
        <ele>419.866192</ele>
      </trkpt>
      <trkpt lat="48.468949" lon="11.948452">
        <ele>419.951309</ele>
      </trkpt>
      <trkpt lat="48.469530" lon="11.949129">
        <ele>420.195308</ele>
      </trkpt>
      <trkpt lat="48.470799" lon="11.950607">
        <ele>420.194152</ele>
      </trkpt>
      <trkpt lat="48.471265" lon="11.950348">
        <ele>420.050037</ele>
      </trkpt>
      <trkpt lat="48.471558" lon="11.950381">
        <ele>419.924939</ele>
      </trkpt>
      <trkpt lat="48.471841" lon="11.950116">
        <ele>419.783115</ele>
      </trkpt>
      <trkpt lat="48.472626" lon="11.951233">
        <ele>419.048932</ele>
      </trkpt>
      <trkpt lat="48.473062" lon="11.952032">
        <ele>417.989693</ele>
      </trkpt>
      <trkpt lat="48.473644" lon="11.952943">
        <ele>416.694739</ele>
      </trkpt>
      <trkpt lat="48.473938" lon="11.953314">
        <ele>416.174360</ele>
      </trkpt>
      <trkpt lat="48.473972" lon="11.953365">
        <ele>416.109973</ele>
      </trkpt>
      <trkpt lat="48.473993" lon="11.953386">
        <ele>416.076140</ele>
      </trkpt>
      <trkpt lat="48.474811" lon="11.954133">
        <ele>414.792116</ele>
      </trkpt>
      <trkpt lat="48.474852" lon="11.954293">
        <ele>414.639413</ele>
      </trkpt>
      <trkpt lat="48.474952" lon="11.954527">
        <ele>414.391576</ele>
      </trkpt>
      <trkpt lat="48.475310" lon="11.954938">
        <ele>414.150112</ele>
      </trkpt>
      <trkpt lat="48.476064" lon="11.955668">
        <ele>413.919610</ele>
      </trkpt>
      <trkpt lat="48.476315" lon="11.955740">
        <ele>413.853878</ele>
      </trkpt>
      <trkpt lat="48.477510" lon="11.955311">
        <ele>413.873097</ele>
      </trkpt>
      <trkpt lat="48.478335" lon="11.954925">
        <ele>413.967261</ele>
      </trkpt>
      <trkpt lat="48.478632" lon="11.954721">
        <ele>413.903391</ele>
      </trkpt>
      <trkpt lat="48.478961" lon="11.954495">
        <ele>413.825593</ele>
      </trkpt>
      <trkpt lat="48.480118" lon="11.953587">
        <ele>413.542627</ele>
      </trkpt>
      <trkpt lat="48.481151" lon="11.953079">
        <ele>413.294463</ele>
      </trkpt>
      <trkpt lat="48.482630" lon="11.952779">
        <ele>413.133607</ele>
      </trkpt>
      <trkpt lat="48.483256" lon="11.952907">
        <ele>413.108515</ele>
      </trkpt>
      <trkpt lat="48.483644" lon="11.953060">
        <ele>413.101272</ele>
      </trkpt>
      <trkpt lat="48.483714" lon="11.953112">
        <ele>413.101777</ele>
      </trkpt>
      <trkpt lat="48.485227" lon="11.953562">
        <ele>413.111906</ele>
      </trkpt>
      <trkpt lat="48.487096" lon="11.953905">
        <ele>413.135836</ele>
      </trkpt>
      <trkpt lat="48.487522" lon="11.953914">
        <ele>413.060095</ele>
      </trkpt>
      <trkpt lat="48.487995" lon="11.953821">
        <ele>412.975295</ele>
      </trkpt>
      <trkpt lat="48.488573" lon="11.953659">
        <ele>412.870781</ele>
      </trkpt>
      <trkpt lat="48.488788" lon="11.953525">
        <ele>412.825924</ele>
      </trkpt>
      <trkpt lat="48.489140" lon="11.953460">
        <ele>412.696139</ele>
      </trkpt>
      <trkpt lat="48.490046" lon="11.953055">
        <ele>412.350317</ele>
      </trkpt>
      <trkpt lat="48.490645" lon="11.952755">
        <ele>412.165505</ele>
      </trkpt>
      <trkpt lat="48.491137" lon="11.952389">
        <ele>412.132861</ele>
      </trkpt>
      <trkpt lat="48.491867" lon="11.952055">
        <ele>412.087466</ele>
      </trkpt>
      <trkpt lat="48.492363" lon="11.951598">
        <ele>412.150516</ele>
      </trkpt>
      <trkpt lat="48.493007" lon="11.951168">
        <ele>412.389793</ele>
      </trkpt>
      <trkpt lat="48.492964" lon="11.950977">
        <ele>412.435215</ele>
      </trkpt>
      <trkpt lat="48.492764" lon="11.950761">
        <ele>412.518781</ele>
      </trkpt>
      <trkpt lat="48.492721" lon="11.950659">
        <ele>412.546001</ele>
      </trkpt>
      <trkpt lat="48.492767" lon="11.950604">
        <ele>412.565943</ele>
      </trkpt>
      <trkpt lat="48.492847" lon="11.950553">
        <ele>412.595451</ele>
      </trkpt>
      <trkpt lat="48.493809" lon="11.949946">
        <ele>412.516158</ele>
      </trkpt>
      <trkpt lat="48.493923" lon="11.949882">
        <ele>412.491408</ele>
      </trkpt>
      <trkpt lat="48.494074" lon="11.949781">
        <ele>412.457800</ele>
      </trkpt>
      <trkpt lat="48.494361" lon="11.950088">
        <ele>412.386216</ele>
      </trkpt>
      <trkpt lat="48.494956" lon="11.950800">
        <ele>412.153871</ele>
      </trkpt>
      <trkpt lat="48.495838" lon="11.950897">
        <ele>411.800756</ele>
      </trkpt>
      <trkpt lat="48.496712" lon="11.951326">
        <ele>411.484939</ele>
      </trkpt>
      <trkpt lat="48.497433" lon="11.951770">
        <ele>411.273061</ele>
      </trkpt>
      <trkpt lat="48.498240" lon="11.952517">
        <ele>410.964852</ele>
      </trkpt>
      <trkpt lat="48.498298" lon="11.952603">
        <ele>410.930218</ele>
      </trkpt>
      <trkpt lat="48.498831" lon="11.953399">
        <ele>410.610814</ele>
      </trkpt>
      <trkpt lat="48.499242" lon="11.954176">
        <ele>410.332599</ele>
      </trkpt>
      <trkpt lat="48.499606" lon="11.954952">
        <ele>410.138418</ele>
      </trkpt>
      <trkpt lat="48.500019" lon="11.956118">
        <ele>409.868390</ele>
      </trkpt>
      <trkpt lat="48.500117" lon="11.956413">
        <ele>409.800993</ele>
      </trkpt>
      <trkpt lat="48.500621" lon="11.956189">
        <ele>409.931475</ele>
      </trkpt>
      <trkpt lat="48.500869" lon="11.956081">
        <ele>410.011888</ele>
      </trkpt>
      <trkpt lat="48.500895" lon="11.956072">
        <ele>410.020199</ele>
      </trkpt>
      <trkpt lat="48.500939" lon="11.956050">
        <ele>410.034639</ele>
      </trkpt>
      <trkpt lat="48.501102" lon="11.955966">
        <ele>410.088298</ele>
      </trkpt>
      <trkpt lat="48.501195" lon="11.955927">
        <ele>410.118369</ele>
      </trkpt>
      <trkpt lat="48.501317" lon="11.955882">
        <ele>410.157495</ele>
      </trkpt>
      <trkpt lat="48.501523" lon="11.955720">
        <ele>410.229861</ele>
      </trkpt>
      <trkpt lat="48.501623" lon="11.955658">
        <ele>410.263541</ele>
      </trkpt>
      <trkpt lat="48.501677" lon="11.955782">
        <ele>410.294171</ele>
      </trkpt>
      <trkpt lat="48.501834" lon="11.956483">
        <ele>410.499527</ele>
      </trkpt>
      <trkpt lat="48.501903" lon="11.956869">
        <ele>410.624583</ele>
      </trkpt>
      <trkpt lat="48.502039" lon="11.957244">
        <ele>410.758302</ele>
      </trkpt>
      <trkpt lat="48.502702" lon="11.958837">
        <ele>411.247904</ele>
      </trkpt>
      <trkpt lat="48.502815" lon="11.959023">
        <ele>411.275788</ele>
      </trkpt>
      <trkpt lat="48.502998" lon="11.959283">
        <ele>411.317703</ele>
      </trkpt>
      <trkpt lat="48.502883" lon="11.959558">
        <ele>411.353636</ele>
      </trkpt>
      <trkpt lat="48.502860" lon="11.959710">
        <ele>411.370864</ele>
      </trkpt>
      <trkpt lat="48.502875" lon="11.959823">
        <ele>411.383599</ele>
      </trkpt>
      <trkpt lat="48.503094" lon="11.960269">
        <ele>411.444940</ele>
      </trkpt>
      <trkpt lat="48.503131" lon="11.960413">
        <ele>411.462006</ele>
      </trkpt>
      <trkpt lat="48.503291" lon="11.961619">
        <ele>411.581826</ele>
      </trkpt>
      <trkpt lat="48.503267" lon="11.961931">
        <ele>411.611166</ele>
      </trkpt>
      <trkpt lat="48.503283" lon="11.962261">
        <ele>411.642074</ele>
      </trkpt>
      <trkpt lat="48.503376" lon="11.962656">
        <ele>411.681232</ele>
      </trkpt>
      <trkpt lat="48.503550" lon="11.963181">
        <ele>411.736066</ele>
      </trkpt>
      <trkpt lat="48.503528" lon="11.963284">
        <ele>411.746175</ele>
      </trkpt>
      <trkpt lat="48.503495" lon="11.963304">
        <ele>411.761834</ele>
      </trkpt>
      <trkpt lat="48.503390" lon="11.963392">
        <ele>411.827112</ele>
      </trkpt>
      <trkpt lat="48.503270" lon="11.963493">
        <ele>411.901789</ele>
      </trkpt>
      <trkpt lat="48.502976" lon="11.964273">
        <ele>412.224954</ele>
      </trkpt>
      <trkpt lat="48.503160" lon="11.964982">
        <ele>412.499166</ele>
      </trkpt>
      <trkpt lat="48.503354" lon="11.965391">
        <ele>412.680307</ele>
      </trkpt>
      <trkpt lat="48.503502" lon="11.965599">
        <ele>412.769472</ele>
      </trkpt>
      <trkpt lat="48.503864" lon="11.967225">
        <ele>413.190538</ele>
      </trkpt>
      <trkpt lat="48.504138" lon="11.967782">
        <ele>413.360828</ele>
      </trkpt>
      <trkpt lat="48.504395" lon="11.969088">
        <ele>413.041596</ele>
      </trkpt>
      <trkpt lat="48.504610" lon="11.969995">
        <ele>412.769358</ele>
      </trkpt>
      <trkpt lat="48.504995" lon="11.970736">
        <ele>412.587794</ele>
      </trkpt>
      <trkpt lat="48.505415" lon="11.971286">
        <ele>412.516391</ele>
      </trkpt>
      <trkpt lat="48.505466" lon="11.971469">
        <ele>412.499501</ele>
      </trkpt>
      <trkpt lat="48.505811" lon="11.972209">
        <ele>412.422518</ele>
      </trkpt>
      <trkpt lat="48.506151" lon="11.973116">
        <ele>412.494758</ele>
      </trkpt>
      <trkpt lat="48.506183" lon="11.973405">
        <ele>412.537363</ele>
      </trkpt>
      <trkpt lat="48.506165" lon="11.973707">
        <ele>412.581453</ele>
      </trkpt>
      <trkpt lat="48.505926" lon="11.974553">
        <ele>412.715183</ele>
      </trkpt>
      <trkpt lat="48.505848" lon="11.974951">
        <ele>412.775533</ele>
      </trkpt>
      <trkpt lat="48.505834" lon="11.975369">
        <ele>412.693661</ele>
      </trkpt>
      <trkpt lat="48.505731" lon="11.975637">
        <ele>412.605851</ele>
      </trkpt>
      <trkpt lat="48.504259" lon="11.976850">
        <ele>412.014410</ele>
      </trkpt>
      <trkpt lat="48.504207" lon="11.976998">
        <ele>412.012887</ele>
      </trkpt>
      <trkpt lat="48.504117" lon="11.977257">
        <ele>412.010228</ele>
      </trkpt>
      <trkpt lat="48.504035" lon="11.977844">
        <ele>412.004774</ele>
      </trkpt>
      <trkpt lat="48.504018" lon="11.978754">
        <ele>411.996497</ele>
      </trkpt>
      <trkpt lat="48.504068" lon="11.979464">
        <ele>412.249885</ele>
      </trkpt>
      <trkpt lat="48.504016" lon="11.980043">
        <ele>412.598694</ele>
      </trkpt>
      <trkpt lat="48.503974" lon="11.980257">
        <ele>412.731934</ele>
      </trkpt>
      <trkpt lat="48.503878" lon="11.980463">
        <ele>412.882283</ele>
      </trkpt>
      <trkpt lat="48.503639" lon="11.980710">
        <ele>413.143269</ele>
      </trkpt>
      <trkpt lat="48.503619" lon="11.980880">
        <ele>413.246343</ele>
      </trkpt>
      <trkpt lat="48.503238" lon="11.981440">
        <ele>413.661850</ele>
      </trkpt>
      <trkpt lat="48.502947" lon="11.981558">
        <ele>413.777664</ele>
      </trkpt>
      <trkpt lat="48.502385" lon="11.981558">
        <ele>413.993673</ele>
      </trkpt>
      <trkpt lat="48.502201" lon="11.981644">
        <ele>414.067708</ele>
      </trkpt>
      <trkpt lat="48.501881" lon="11.981558">
        <ele>414.192637</ele>
      </trkpt>
      <trkpt lat="48.501113" lon="11.981075">
        <ele>413.996850</ele>
      </trkpt>
      <trkpt lat="48.500957" lon="11.981054">
        <ele>413.906837</ele>
      </trkpt>
      <trkpt lat="48.500722" lon="11.981140">
        <ele>413.767863</ele>
      </trkpt>
      <trkpt lat="48.500482" lon="11.981209">
        <ele>413.627449</ele>
      </trkpt>
      <trkpt lat="48.500184" lon="11.981399">
        <ele>413.441524</ele>
      </trkpt>
      <trkpt lat="48.499748" lon="11.982242">
        <ele>412.759826</ele>
      </trkpt>
      <trkpt lat="48.499430" lon="11.982576">
        <ele>412.280188</ele>
      </trkpt>
      <trkpt lat="48.499198" lon="11.982715">
        <ele>411.971168</ele>
      </trkpt>
      <trkpt lat="48.499063" lon="11.982849">
        <ele>411.771130</ele>
      </trkpt>
      <trkpt lat="48.498764" lon="11.983396">
        <ele>411.189435</ele>
      </trkpt>
      <trkpt lat="48.498474" lon="11.984288">
        <ele>410.453613</ele>
      </trkpt>
      <trkpt lat="48.498447" lon="11.984485">
        <ele>410.308075</ele>
      </trkpt>
      <trkpt lat="48.498508" lon="11.984826">
        <ele>410.052544</ele>
      </trkpt>
      <trkpt lat="48.498638" lon="11.985070">
        <ele>409.826038</ele>
      </trkpt>
      <trkpt lat="48.498752" lon="11.985277">
        <ele>409.631313</ele>
      </trkpt>
      <trkpt lat="48.498931" lon="11.985817">
        <ele>409.194493</ele>
      </trkpt>
      <trkpt lat="48.499307" lon="11.986600">
        <ele>409.196843</ele>
      </trkpt>
      <trkpt lat="48.499481" lon="11.987533">
        <ele>409.334500</ele>
      </trkpt>
      <trkpt lat="48.499690" lon="11.988133">
        <ele>409.430771</ele>
      </trkpt>
      <trkpt lat="48.500148" lon="11.989047">
        <ele>409.892374</ele>
      </trkpt>
      <trkpt lat="48.500399" lon="11.989816">
        <ele>410.302088</ele>
      </trkpt>
      <trkpt lat="48.500803" lon="11.990280">
        <ele>410.668283</ele>
      </trkpt>
      <trkpt lat="48.500935" lon="11.991494">
        <ele>410.676431</ele>
      </trkpt>
      <trkpt lat="48.500969" lon="11.991878">
        <ele>410.643253</ele>
      </trkpt>
      <trkpt lat="48.501004" lon="11.992221">
        <ele>410.613533</ele>
      </trkpt>
      <trkpt lat="48.501223" lon="11.994054">
        <ele>410.208420</ele>
      </trkpt>
      <trkpt lat="48.501264" lon="11.995081">
        <ele>409.843039</ele>
      </trkpt>
      <trkpt lat="48.501064" lon="11.998737">
        <ele>409.408698</ele>
      </trkpt>
      <trkpt lat="48.501029" lon="11.998899">
        <ele>409.419806</ele>
      </trkpt>
      <trkpt lat="48.500922" lon="11.998961">
        <ele>409.431082</ele>
      </trkpt>
      <trkpt lat="48.500711" lon="11.998952">
        <ele>409.451848</ele>
      </trkpt>
      <trkpt lat="48.500564" lon="11.999056">
        <ele>409.467821</ele>
      </trkpt>
      <trkpt lat="48.500099" lon="11.999808">
        <ele>409.534873</ele>
      </trkpt>
      <trkpt lat="48.500011" lon="12.000055">
        <ele>409.553155</ele>
      </trkpt>
      <trkpt lat="48.499919" lon="12.001008">
        <ele>409.232573</ele>
      </trkpt>
      <trkpt lat="48.499836" lon="12.002526">
        <ele>408.425464</ele>
      </trkpt>
      <trkpt lat="48.499833" lon="12.003048">
        <ele>408.148850</ele>
      </trkpt>
      <trkpt lat="48.499699" lon="12.003161">
        <ele>407.977735</ele>
      </trkpt>
      <trkpt lat="48.498182" lon="12.004056">
        <ele>406.099845</ele>
      </trkpt>
      <trkpt lat="48.498124" lon="12.004111">
        <ele>406.050067</ele>
      </trkpt>
      <trkpt lat="48.498039" lon="12.004191">
        <ele>406.016792</ele>
      </trkpt>
      <trkpt lat="48.497723" lon="12.005276">
        <ele>405.755922</ele>
      </trkpt>
      <trkpt lat="48.497597" lon="12.005516">
        <ele>405.688525</ele>
      </trkpt>
      <trkpt lat="48.497520" lon="12.005592">
        <ele>405.657963</ele>
      </trkpt>
      <trkpt lat="48.497441" lon="12.005639">
        <ele>405.629756</ele>
      </trkpt>
      <trkpt lat="48.497462" lon="12.005839">
        <ele>405.585184</ele>
      </trkpt>
      <trkpt lat="48.497530" lon="12.006459">
        <ele>405.464492</ele>
      </trkpt>
      <trkpt lat="48.497546" lon="12.006703">
        <ele>405.464683</ele>
      </trkpt>
      <trkpt lat="48.497562" lon="12.006943">
        <ele>405.464871</ele>
      </trkpt>
      <trkpt lat="48.497723" lon="12.008590">
        <ele>405.466168</ele>
      </trkpt>
      <trkpt lat="48.497803" lon="12.008927">
        <ele>405.466447</ele>
      </trkpt>
      <trkpt lat="48.497838" lon="12.009160">
        <ele>405.478911</ele>
      </trkpt>
      <trkpt lat="48.497844" lon="12.009911">
        <ele>405.560650</ele>
      </trkpt>
      <trkpt lat="48.498075" lon="12.011144">
        <ele>405.700101</ele>
      </trkpt>
      <trkpt lat="48.498209" lon="12.011676">
        <ele>405.762017</ele>
      </trkpt>
      <trkpt lat="48.498416" lon="12.012290">
        <ele>405.817146</ele>
      </trkpt>
      <trkpt lat="48.498635" lon="12.012972">
        <ele>405.877793</ele>
      </trkpt>
      <trkpt lat="48.500418" lon="12.017498">
        <ele>405.478909</ele>
      </trkpt>
      <trkpt lat="48.500734" lon="12.018174">
        <ele>405.322442</ele>
      </trkpt>
      <trkpt lat="48.500762" lon="12.018439">
        <ele>405.271689</ele>
      </trkpt>
      <trkpt lat="48.500925" lon="12.019427">
        <ele>405.086008</ele>
      </trkpt>
      <trkpt lat="48.501244" lon="12.020660">
        <ele>404.848996</ele>
      </trkpt>
      <trkpt lat="48.501527" lon="12.022210">
        <ele>404.780946</ele>
      </trkpt>
      <trkpt lat="48.501623" lon="12.023011">
        <ele>404.833904</ele>
      </trkpt>
      <trkpt lat="48.501655" lon="12.023857">
        <ele>404.889034</ele>
      </trkpt>
      <trkpt lat="48.501755" lon="12.025134">
        <ele>404.838957</ele>
      </trkpt>
      <trkpt lat="48.501978" lon="12.027213">
        <ele>404.588018</ele>
      </trkpt>
      <trkpt lat="48.501986" lon="12.027289">
        <ele>404.563499</ele>
      </trkpt>
      <trkpt lat="48.502172" lon="12.028077">
        <ele>404.296967</ele>
      </trkpt>
      <trkpt lat="48.502537" lon="12.028921">
        <ele>403.975838</ele>
      </trkpt>
      <trkpt lat="48.503016" lon="12.029905">
        <ele>403.579175</ele>
      </trkpt>
      <trkpt lat="48.503776" lon="12.031047">
        <ele>403.050511</ele>
      </trkpt>
      <trkpt lat="48.504479" lon="12.032180">
        <ele>402.679989</ele>
      </trkpt>
      <trkpt lat="48.504866" lon="12.032823">
        <ele>402.480411</ele>
      </trkpt>
      <trkpt lat="48.505700" lon="12.034249">
        <ele>402.031408</ele>
      </trkpt>
      <trkpt lat="48.506454" lon="12.035712">
        <ele>401.628809</ele>
      </trkpt>
      <trkpt lat="48.506896" lon="12.037230">
        <ele>401.339808</ele>
      </trkpt>
      <trkpt lat="48.507170" lon="12.038315">
        <ele>401.392168</ele>
      </trkpt>
      <trkpt lat="48.507490" lon="12.040508">
        <ele>401.825832</ele>
      </trkpt>
      <trkpt lat="48.507553" lon="12.041283">
        <ele>402.027091</ele>
      </trkpt>
      <trkpt lat="48.507618" lon="12.045134">
        <ele>402.808529</ele>
      </trkpt>
      <trkpt lat="48.507606" lon="12.045772">
        <ele>402.911833</ele>
      </trkpt>
      <trkpt lat="48.507596" lon="12.047348">
        <ele>403.190349</ele>
      </trkpt>
      <trkpt lat="48.507630" lon="12.048039">
        <ele>403.312796</ele>
      </trkpt>
      <trkpt lat="48.507659" lon="12.048652">
        <ele>403.358734</ele>
      </trkpt>
      <trkpt lat="48.507660" lon="12.050311">
        <ele>403.234740</ele>
      </trkpt>
      <trkpt lat="48.507676" lon="12.054550">
        <ele>402.027650</ele>
      </trkpt>
      <trkpt lat="48.507541" lon="12.057687">
        <ele>401.469405</ele>
      </trkpt>
      <trkpt lat="48.507289" lon="12.059851">
        <ele>401.214436</ele>
      </trkpt>
      <trkpt lat="48.506796" lon="12.063806">
        <ele>400.361391</ele>
      </trkpt>
      <trkpt lat="48.506708" lon="12.065381">
        <ele>399.919066</ele>
      </trkpt>
      <trkpt lat="48.506933" lon="12.067705">
        <ele>399.380550</ele>
      </trkpt>
      <trkpt lat="48.507231" lon="12.068635">
        <ele>399.413179</ele>
      </trkpt>
      <trkpt lat="48.507383" lon="12.069122">
        <ele>399.430183</ele>
      </trkpt>
      <trkpt lat="48.507587" lon="12.069916">
        <ele>399.459158</ele>
      </trkpt>
      <trkpt lat="48.507816" lon="12.070502">
        <ele>399.490317</ele>
      </trkpt>
      <trkpt lat="48.508535" lon="12.071800">
        <ele>399.567805</ele>
      </trkpt>
      <trkpt lat="48.509485" lon="12.073073">
        <ele>399.546349</ele>
      </trkpt>
      <trkpt lat="48.510416" lon="12.074169">
        <ele>399.788248</ele>
      </trkpt>
      <trkpt lat="48.511278" lon="12.075320">
        <ele>400.360176</ele>
      </trkpt>
      <trkpt lat="48.512285" lon="12.076938">
        <ele>401.293029</ele>
      </trkpt>
      <trkpt lat="48.512992" lon="12.078071">
        <ele>401.540812</ele>
      </trkpt>
      <trkpt lat="48.513694" lon="12.079296">
        <ele>401.455838</ele>
      </trkpt>
      <trkpt lat="48.514433" lon="12.080767">
        <ele>401.037345</ele>
      </trkpt>
      <trkpt lat="48.516020" lon="12.084648">
        <ele>399.785759</ele>
      </trkpt>
      <trkpt lat="48.516739" lon="12.086712">
        <ele>399.355666</ele>
      </trkpt>
      <trkpt lat="48.517140" lon="12.088215">
        <ele>399.235207</ele>
      </trkpt>
      <trkpt lat="48.517330" lon="12.088844">
        <ele>399.183813</ele>
      </trkpt>
      <trkpt lat="48.517668" lon="12.090290">
        <ele>399.016036</ele>
      </trkpt>
      <trkpt lat="48.518094" lon="12.092107">
        <ele>398.585001</ele>
      </trkpt>
      <trkpt lat="48.518707" lon="12.095410">
        <ele>397.174963</ele>
      </trkpt>
      <trkpt lat="48.518846" lon="12.096385">
        <ele>396.773961</ele>
      </trkpt>
      <trkpt lat="48.519099" lon="12.098174">
        <ele>396.865476</ele>
      </trkpt>
      <trkpt lat="48.519413" lon="12.100148">
        <ele>397.367868</ele>
      </trkpt>
      <trkpt lat="48.519645" lon="12.101435">
        <ele>397.903761</ele>
      </trkpt>
      <trkpt lat="48.519682" lon="12.102041">
        <ele>398.114971</ele>
      </trkpt>
      <trkpt lat="48.519837" lon="12.102834">
        <ele>398.098835</ele>
      </trkpt>
      <trkpt lat="48.520493" lon="12.107021">
        <ele>397.580340</ele>
      </trkpt>
      <trkpt lat="48.520564" lon="12.107446">
        <ele>397.514620</ele>
      </trkpt>
      <trkpt lat="48.520685" lon="12.108165">
        <ele>397.436999</ele>
      </trkpt>
      <trkpt lat="48.520796" lon="12.108987">
        <ele>397.349222</ele>
      </trkpt>
      <trkpt lat="48.521016" lon="12.110259">
        <ele>397.253054</ele>
      </trkpt>
      <trkpt lat="48.521319" lon="12.111522">
        <ele>397.253064</ele>
      </trkpt>
      <trkpt lat="48.521762" lon="12.113254">
        <ele>397.336937</ele>
      </trkpt>
      <trkpt lat="48.522366" lon="12.115536">
        <ele>397.662851</ele>
      </trkpt>
      <trkpt lat="48.523137" lon="12.117994">
        <ele>398.109472</ele>
      </trkpt>
      <trkpt lat="48.525218" lon="12.124851">
        <ele>397.434457</ele>
      </trkpt>
      <trkpt lat="48.526272" lon="12.128599">
        <ele>398.929298</ele>
      </trkpt>
      <trkpt lat="48.526331" lon="12.128730">
        <ele>398.968361</ele>
      </trkpt>
      <trkpt lat="48.526420" lon="12.128827">
        <ele>399.009227</ele>
      </trkpt>
      <trkpt lat="48.526500" lon="12.129071">
        <ele>399.076361</ele>
      </trkpt>
      <trkpt lat="48.526478" lon="12.129005">
        <ele>399.094579</ele>
      </trkpt>
      <trkpt lat="48.526500" lon="12.129071">
        <ele>399.112798</ele>
      </trkpt>
      <trkpt lat="48.526562" lon="12.129466">
        <ele>399.212893</ele>
      </trkpt>
      <trkpt lat="48.526878" lon="12.130354">
        <ele>398.834958</ele>
      </trkpt>
      <trkpt lat="48.526950" lon="12.130833">
        <ele>398.580641</ele>
      </trkpt>
      <trkpt lat="48.527456" lon="12.132620">
        <ele>397.328528</ele>
      </trkpt>
      <trkpt lat="48.527576" lon="12.132881">
        <ele>397.018944</ele>
      </trkpt>
      <trkpt lat="48.527714" lon="12.133089">
        <ele>396.732071</ele>
      </trkpt>
      <trkpt lat="48.527840" lon="12.133163">
        <ele>396.533165</ele>
      </trkpt>
      <trkpt lat="48.527841" lon="12.133224">
        <ele>396.473711</ele>
      </trkpt>
      <trkpt lat="48.527843" lon="12.133284">
        <ele>396.415176</ele>
      </trkpt>
      <trkpt lat="48.527863" lon="12.133523">
        <ele>396.180455</ele>
      </trkpt>
      <trkpt lat="48.527867" lon="12.133543">
        <ele>396.160099</ele>
      </trkpt>
      <trkpt lat="48.527944" lon="12.133996">
        <ele>395.704413</ele>
      </trkpt>
      <trkpt lat="48.528682" lon="12.136576">
        <ele>393.407822</ele>
      </trkpt>
      <trkpt lat="48.528781" lon="12.136895">
        <ele>393.132232</ele>
      </trkpt>
      <trkpt lat="48.528950" lon="12.137432">
        <ele>393.214399</ele>
      </trkpt>
      <trkpt lat="48.529238" lon="12.138357">
        <ele>393.468966</ele>
      </trkpt>
      <trkpt lat="48.529693" lon="12.139806">
        <ele>393.891159</ele>
      </trkpt>
      <trkpt lat="48.529942" lon="12.140573">
        <ele>394.148123</ele>
      </trkpt>
      <trkpt lat="48.530283" lon="12.141191">
        <ele>394.390105</ele>
      </trkpt>
      <trkpt lat="48.530840" lon="12.141824">
        <ele>394.813019</ele>
      </trkpt>
      <trkpt lat="48.531525" lon="12.142330">
        <ele>395.440242</ele>
      </trkpt>
      <trkpt lat="48.532428" lon="12.142653">
        <ele>396.162923</ele>
      </trkpt>
      <trkpt lat="48.533089" lon="12.143140">
        <ele>396.602326</ele>
      </trkpt>
      <trkpt lat="48.533109" lon="12.143161">
        <ele>396.616880</ele>
      </trkpt>
      <trkpt lat="48.533359" lon="12.143414">
        <ele>396.796677</ele>
      </trkpt>
      <trkpt lat="48.533668" lon="12.143868">
        <ele>397.054244</ele>
      </trkpt>
      <trkpt lat="48.534100" lon="12.144371">
        <ele>396.743593</ele>
      </trkpt>
      <trkpt lat="48.534150" lon="12.144427">
        <ele>396.686247</ele>
      </trkpt>
      <trkpt lat="48.534434" lon="12.144811">
        <ele>396.335080</ele>
      </trkpt>
      <trkpt lat="48.534726" lon="12.145246">
        <ele>395.957230</ele>
      </trkpt>
      <trkpt lat="48.534929" lon="12.145583">
        <ele>395.679325</ele>
      </trkpt>
      <trkpt lat="48.535212" lon="12.146070">
        <ele>395.364575</ele>
      </trkpt>
      <trkpt lat="48.535528" lon="12.146587">
        <ele>395.118474</ele>
      </trkpt>
      <trkpt lat="48.535659" lon="12.146823">
        <ele>395.010758</ele>
      </trkpt>
      <trkpt lat="48.535758" lon="12.147010">
        <ele>394.927013</ele>
      </trkpt>
      <trkpt lat="48.535772" lon="12.147036">
        <ele>394.915291</ele>
      </trkpt>
      <trkpt lat="48.535889" lon="12.147253">
        <ele>394.817410</ele>
      </trkpt>
      <trkpt lat="48.536076" lon="12.147593">
        <ele>394.662811</ele>
      </trkpt>
      <trkpt lat="48.536079" lon="12.147597">
        <ele>394.660697</ele>
      </trkpt>
      <trkpt lat="48.536162" lon="12.147734">
        <ele>394.595747</ele>
      </trkpt>
      <trkpt lat="48.536358" lon="12.147843">
        <ele>394.570555</ele>
      </trkpt>
      <trkpt lat="48.536339" lon="12.148194">
        <ele>394.729004</ele>
      </trkpt>
      <trkpt lat="48.536328" lon="12.148373">
        <ele>394.809886</ele>
      </trkpt>
      <trkpt lat="48.536318" lon="12.148567">
        <ele>394.897434</ele>
      </trkpt>
      <trkpt lat="48.536350" lon="12.148635">
        <ele>394.934969</ele>
      </trkpt>
      <trkpt lat="48.536631" lon="12.149024">
        <ele>395.193982</ele>
      </trkpt>
      <trkpt lat="48.536712" lon="12.149112">
        <ele>395.261782</ele>
      </trkpt>
      <trkpt lat="48.536714" lon="12.149111">
        <ele>395.263214</ele>
      </trkpt>
      <trkpt lat="48.536823" lon="12.149014">
        <ele>395.349180</ele>
      </trkpt>
      <trkpt lat="48.536927" lon="12.148893">
        <ele>395.438384</ele>
      </trkpt>
      <trkpt lat="48.537143" lon="12.149006">
        <ele>395.593710</ele>
      </trkpt>
      <trkpt lat="48.537300" lon="12.149088">
        <ele>395.706589</ele>
      </trkpt>
      <trkpt lat="48.537388" lon="12.149105">
        <ele>395.779452</ele>
      </trkpt>
      <trkpt lat="48.537424" lon="12.149105">
        <ele>395.817864</ele>
      </trkpt>
      <trkpt lat="48.537417" lon="12.149236">
        <ele>395.910716</ele>
      </trkpt>
      <trkpt lat="48.537431" lon="12.149370">
        <ele>396.006557</ele>
      </trkpt>
      <trkpt lat="48.537377" lon="12.149702">
        <ele>396.248087</ele>
      </trkpt>
      <trkpt lat="48.537358" lon="12.149827">
        <ele>396.338697</ele>
      </trkpt>
      <trkpt lat="48.537383" lon="12.149931">
        <ele>396.416865</ele>
      </trkpt>
      <trkpt lat="48.537136" lon="12.150436">
        <ele>396.860432</ele>
      </trkpt>
      <trkpt lat="48.537303" lon="12.150537">
        <ele>397.052378</ele>
      </trkpt>
      <trkpt lat="48.537880" lon="12.150875">
        <ele>397.643942</ele>
      </trkpt>
      <trkpt lat="48.538413" lon="12.151284">
        <ele>397.381892</ele>
      </trkpt>
      <trkpt lat="48.538537" lon="12.151413">
        <ele>397.315894</ele>
      </trkpt>
      <trkpt lat="48.538800" lon="12.151708">
        <ele>397.172301</ele>
      </trkpt>
      <trkpt lat="48.538923" lon="12.152031">
        <ele>397.064163</ele>
      </trkpt>
      <trkpt lat="48.539015" lon="12.152229">
        <ele>396.993962</ele>
      </trkpt>
      <trkpt lat="48.539265" lon="12.152871">
        <ele>396.541649</ele>
      </trkpt>
      <trkpt lat="48.539681" lon="12.154306">
        <ele>394.989007</ele>
      </trkpt>
      <trkpt lat="48.539882" lon="12.154848">
        <ele>394.373286</ele>
      </trkpt>
      <trkpt lat="48.539888" lon="12.154861">
        <ele>394.357580</ele>
      </trkpt>
      <trkpt lat="48.539999" lon="12.155152">
        <ele>394.096199</ele>
      </trkpt>
      <trkpt lat="48.540007" lon="12.155173">
        <ele>394.083023</ele>
      </trkpt>
      <trkpt lat="48.540041" lon="12.155280">
        <ele>394.018480</ele>
      </trkpt>
      <trkpt lat="48.540259" lon="12.155868">
        <ele>393.651995</ele>
      </trkpt>
      <trkpt lat="48.540411" lon="12.156097">
        <ele>393.475656</ele>
      </trkpt>
      <trkpt lat="48.540523" lon="12.156357">
        <ele>393.306972</ele>
      </trkpt>
      <trkpt lat="48.540560" lon="12.156456">
        <ele>393.245150</ele>
      </trkpt>
      <trkpt lat="48.540647" lon="12.156721">
        <ele>393.084295</ele>
      </trkpt>
      <trkpt lat="48.540983" lon="12.157571">
        <ele>392.672556</ele>
      </trkpt>
      <trkpt lat="48.542171" lon="12.160700">
        <ele>392.337261</ele>
      </trkpt>
      <trkpt lat="48.543109" lon="12.164027">
        <ele>392.094932</ele>
      </trkpt>
      <trkpt lat="48.543103" lon="12.164217">
        <ele>392.080080</ele>
      </trkpt>
      <trkpt lat="48.543468" lon="12.165610">
        <ele>391.653906</ele>
      </trkpt>
      <trkpt lat="48.543498" lon="12.165750">
        <ele>391.599299</ele>
      </trkpt>
      <trkpt lat="48.544226" lon="12.168302">
        <ele>390.633381</ele>
      </trkpt>
      <trkpt lat="48.544420" lon="12.168213">
        <ele>390.535545</ele>
      </trkpt>
      <trkpt lat="48.544553" lon="12.168205">
        <ele>390.471317</ele>
      </trkpt>
      <trkpt lat="48.544607" lon="12.168245">
        <ele>390.442295</ele>
      </trkpt>
      <trkpt lat="48.546336" lon="12.172955">
        <ele>389.961846</ele>
      </trkpt>
      <trkpt lat="48.547113" lon="12.174979">
        <ele>389.957968</ele>
      </trkpt>
      <trkpt lat="48.547486" lon="12.175904">
        <ele>389.969747</ele>
      </trkpt>
      <trkpt lat="48.547658" lon="12.176303">
        <ele>389.956654</ele>
      </trkpt>
      <trkpt lat="48.547905" lon="12.176814">
        <ele>389.922185</ele>
      </trkpt>
      <trkpt lat="48.548378" lon="12.177627">
        <ele>389.863220</ele>
      </trkpt>
      <trkpt lat="48.549432" lon="12.178986">
        <ele>389.597191</ele>
      </trkpt>
      <trkpt lat="48.550618" lon="12.180173">
        <ele>389.074658</ele>
      </trkpt>
      <trkpt lat="48.552291" lon="12.181071">
        <ele>388.149218</ele>
      </trkpt>
      <trkpt lat="48.554607" lon="12.181644">
        <ele>387.791623</ele>
      </trkpt>
      <trkpt lat="48.556656" lon="12.182141">
        <ele>388.733805</ele>
      </trkpt>
      <trkpt lat="48.557085" lon="12.182239">
        <ele>389.000097</ele>
      </trkpt>
      <trkpt lat="48.558542" lon="12.182595">
        <ele>388.608234</ele>
      </trkpt>
      <trkpt lat="48.559864" lon="12.183228">
        <ele>388.152388</ele>
      </trkpt>
      <trkpt lat="48.559933" lon="12.183691">
        <ele>388.044402</ele>
      </trkpt>
      <trkpt lat="48.559975" lon="12.183719">
        <ele>388.028619</ele>
      </trkpt>
      <trkpt lat="48.560651" lon="12.184169">
        <ele>388.059760</ele>
      </trkpt>
      <trkpt lat="48.561069" lon="12.184032">
        <ele>388.279390</ele>
      </trkpt>
      <trkpt lat="48.561443" lon="12.184186">
        <ele>388.478438</ele>
      </trkpt>
      <trkpt lat="48.563155" lon="12.185367">
        <ele>389.317617</ele>
      </trkpt>
      <trkpt lat="48.563546" lon="12.185687">
        <ele>389.500012</ele>
      </trkpt>
      <trkpt lat="48.564296" lon="12.186433">
        <ele>388.899698</ele>
      </trkpt>
      <trkpt lat="48.564558" lon="12.186774">
        <ele>388.609459</ele>
      </trkpt>
      <trkpt lat="48.564574" lon="12.186850">
        <ele>388.565159</ele>
      </trkpt>
      <trkpt lat="48.564345" lon="12.187576">
        <ele>388.118425</ele>
      </trkpt>
      <trkpt lat="48.564079" lon="12.188259">
        <ele>387.454612</ele>
      </trkpt>
      <trkpt lat="48.563963" lon="12.188566">
        <ele>387.137092</ele>
      </trkpt>
      <trkpt lat="48.564388" lon="12.189335">
        <ele>386.237219</ele>
      </trkpt>
      <trkpt lat="48.564734" lon="12.190072">
        <ele>385.571230</ele>
      </trkpt>
      <trkpt lat="48.565041" lon="12.191203">
        <ele>385.392617</ele>
      </trkpt>
      <trkpt lat="48.565152" lon="12.192125">
        <ele>385.255691</ele>
      </trkpt>
      <trkpt lat="48.564711" lon="12.193795">
        <ele>385.334066</ele>
      </trkpt>
      <trkpt lat="48.564951" lon="12.194249">
        <ele>385.387444</ele>
      </trkpt>
      <trkpt lat="48.565256" lon="12.194609">
        <ele>385.441166</ele>
      </trkpt>
      <trkpt lat="48.565978" lon="12.195892">
        <ele>385.274944</ele>
      </trkpt>
      <trkpt lat="48.566716" lon="12.196983">
        <ele>385.077411</ele>
      </trkpt>
      <trkpt lat="48.566906" lon="12.197485">
        <ele>384.982168</ele>
      </trkpt>
      <trkpt lat="48.566799" lon="12.198582">
        <ele>384.799548</ele>
      </trkpt>
      <trkpt lat="48.567045" lon="12.199099">
        <ele>384.695479</ele>
      </trkpt>
      <trkpt lat="48.568056" lon="12.200718">
        <ele>384.461171</ele>
      </trkpt>
      <trkpt lat="48.568382" lon="12.201112">
        <ele>384.427373</ele>
      </trkpt>
      <trkpt lat="48.569376" lon="12.202168">
        <ele>384.627081</ele>
      </trkpt>
      <trkpt lat="48.569984" lon="12.202709">
        <ele>384.681215</ele>
      </trkpt>
      <trkpt lat="48.570319" lon="12.203103">
        <ele>384.633151</ele>
      </trkpt>
      <trkpt lat="48.570416" lon="12.203404">
        <ele>384.608067</ele>
      </trkpt>
      <trkpt lat="48.570495" lon="12.203859">
        <ele>384.572824</ele>
      </trkpt>
      <trkpt lat="48.570643" lon="12.204571">
        <ele>384.516909</ele>
      </trkpt>
      <trkpt lat="48.570841" lon="12.205850">
        <ele>384.230817</ele>
      </trkpt>
      <trkpt lat="48.571182" lon="12.207807">
        <ele>383.857667</ele>
      </trkpt>
      <trkpt lat="48.571370" lon="12.208623">
        <ele>383.881795</ele>
      </trkpt>
      <trkpt lat="48.571580" lon="12.209326">
        <ele>383.903333</ele>
      </trkpt>
      <trkpt lat="48.571750" lon="12.209712">
        <ele>383.916281</ele>
      </trkpt>
      <trkpt lat="48.572068" lon="12.210296">
        <ele>383.958062</ele>
      </trkpt>
      <trkpt lat="48.572192" lon="12.210423">
        <ele>383.972625</ele>
      </trkpt>
      <trkpt lat="48.572560" lon="12.211083">
        <ele>384.028144</ele>
      </trkpt>
      <trkpt lat="48.572761" lon="12.211718">
        <ele>384.073425</ele>
      </trkpt>
      <trkpt lat="48.573085" lon="12.212988">
        <ele>383.944724</ele>
      </trkpt>
      <trkpt lat="48.573596" lon="12.214087">
        <ele>383.741736</ele>
      </trkpt>
      <trkpt lat="48.574363" lon="12.215125">
        <ele>383.418037</ele>
      </trkpt>
      <trkpt lat="48.574675" lon="12.215486">
        <ele>383.283901</ele>
      </trkpt>
      <trkpt lat="48.575634" lon="12.216962">
        <ele>382.980289</ele>
      </trkpt>
      <trkpt lat="48.576045" lon="12.217482">
        <ele>382.914753</ele>
      </trkpt>
      <trkpt lat="48.576429" lon="12.217814">
        <ele>382.860662</ele>
      </trkpt>
      <trkpt lat="48.576856" lon="12.218095">
        <ele>382.986456</ele>
      </trkpt>
      <trkpt lat="48.577225" lon="12.218258">
        <ele>383.118536</ele>
      </trkpt>
      <trkpt lat="48.578044" lon="12.218238">
        <ele>383.399953</ele>
      </trkpt>
      <trkpt lat="48.578514" lon="12.218344">
        <ele>383.519226</ele>
      </trkpt>
      <trkpt lat="48.578531" lon="12.218352">
        <ele>383.522468</ele>
      </trkpt>
      <trkpt lat="48.578940" lon="12.218524">
        <ele>383.599760</ele>
      </trkpt>
      <trkpt lat="48.579987" lon="12.219215">
        <ele>383.802043</ele>
      </trkpt>
      <trkpt lat="48.580956" lon="12.219654">
        <ele>383.887437</ele>
      </trkpt>
      <trkpt lat="48.581013" lon="12.219673">
        <ele>383.892364</ele>
      </trkpt>
      <trkpt lat="48.581671" lon="12.219872">
        <ele>383.948729</ele>
      </trkpt>
      <trkpt lat="48.581762" lon="12.219966">
        <ele>383.923007</ele>
      </trkpt>
      <trkpt lat="48.581807" lon="12.220095">
        <ele>383.900493</ele>
      </trkpt>
      <trkpt lat="48.581741" lon="12.221156">
        <ele>383.735969</ele>
      </trkpt>
      <trkpt lat="48.582186" lon="12.221324">
        <ele>383.628931</ele>
      </trkpt>
      <trkpt lat="48.582335" lon="12.221445">
        <ele>383.589459</ele>
      </trkpt>
      <trkpt lat="48.582794" lon="12.222609">
        <ele>383.066995</ele>
      </trkpt>
      <trkpt lat="48.583178" lon="12.224086">
        <ele>382.306689</ele>
      </trkpt>
      <trkpt lat="48.583445" lon="12.225584">
        <ele>381.991756</ele>
      </trkpt>
      <trkpt lat="48.583545" lon="12.226349">
        <ele>381.859466</ele>
      </trkpt>
      <trkpt lat="48.583639" lon="12.226861">
        <ele>381.769323</ele>
      </trkpt>
      <trkpt lat="48.583768" lon="12.227713">
        <ele>382.042001</ele>
      </trkpt>
      <trkpt lat="48.584055" lon="12.228834">
        <ele>382.433034</ele>
      </trkpt>
      <trkpt lat="48.584666" lon="12.230417">
        <ele>382.924631</ele>
      </trkpt>
      <trkpt lat="48.585612" lon="12.232139">
        <ele>383.278439</ele>
      </trkpt>
      <trkpt lat="48.587666" lon="12.236278">
        <ele>382.886202</ele>
      </trkpt>
      <trkpt lat="48.588057" lon="12.236944">
        <ele>382.665715</ele>
      </trkpt>
      <trkpt lat="48.588752" lon="12.238246">
        <ele>382.279522</ele>
      </trkpt>
      <trkpt lat="48.592091" lon="12.245300">
        <ele>381.064059</ele>
      </trkpt>
      <trkpt lat="48.592528" lon="12.246627">
        <ele>380.816767</ele>
      </trkpt>
      <trkpt lat="48.592818" lon="12.247737">
        <ele>380.702151</ele>
      </trkpt>
      <trkpt lat="48.593039" lon="12.248791">
        <ele>380.644085</ele>
      </trkpt>
      <trkpt lat="48.593191" lon="12.249873">
        <ele>380.532415</ele>
      </trkpt>
      <trkpt lat="48.593242" lon="12.250119">
        <ele>380.459192</ele>
      </trkpt>
      <trkpt lat="48.593269" lon="12.250498">
        <ele>380.350924</ele>
      </trkpt>
      <trkpt lat="48.594169" lon="12.262398">
        <ele>376.971120</ele>
      </trkpt>
      <trkpt lat="48.594463" lon="12.268205">
        <ele>375.870948</ele>
      </trkpt>
      <trkpt lat="48.594522" lon="12.270769">
        <ele>375.686797</ele>
      </trkpt>
      <trkpt lat="48.594411" lon="12.271901">
        <ele>375.628642</ele>
      </trkpt>
      <trkpt lat="48.594226" lon="12.273002">
        <ele>375.577088</ele>
      </trkpt>
      <trkpt lat="48.593937" lon="12.273929">
        <ele>375.532074</ele>
      </trkpt>
      <trkpt lat="48.593886" lon="12.275015">
        <ele>375.506850</ele>
      </trkpt>
      <trkpt lat="48.593996" lon="12.276367">
        <ele>375.475292</ele>
      </trkpt>
      <trkpt lat="48.594004" lon="12.276870">
        <ele>375.430983</ele>
      </trkpt>
      <trkpt lat="48.593947" lon="12.277381">
        <ele>375.362929</ele>
      </trkpt>
      <trkpt lat="48.593806" lon="12.277885">
        <ele>375.291064</ele>
      </trkpt>
      <trkpt lat="48.593489" lon="12.278552">
        <ele>375.183201</ele>
      </trkpt>
      <trkpt lat="48.593135" lon="12.279733">
        <ele>375.334780</ele>
      </trkpt>
      <trkpt lat="48.592897" lon="12.281668">
        <ele>375.922785</ele>
      </trkpt>
      <trkpt lat="48.592893" lon="12.282501">
        <ele>377.267129</ele>
      </trkpt>
      <trkpt lat="48.593092" lon="12.283729">
        <ele>379.307506</ele>
      </trkpt>
      <trkpt lat="48.593379" lon="12.284382">
        <ele>380.402665</ele>
      </trkpt>
      <trkpt lat="48.594145" lon="12.286484">
        <ele>381.962832</ele>
      </trkpt>
      <trkpt lat="48.594297" lon="12.286940">
        <ele>381.535892</ele>
      </trkpt>
      <trkpt lat="48.594328" lon="12.287033">
        <ele>381.388609</ele>
      </trkpt>
      <trkpt lat="48.594610" lon="12.287875">
        <ele>380.053864</ele>
      </trkpt>
      <trkpt lat="48.594991" lon="12.289196">
        <ele>378.275305</ele>
      </trkpt>
      <trkpt lat="48.595096" lon="12.289814">
        <ele>378.579907</ele>
      </trkpt>
      <trkpt lat="48.595252" lon="12.290673">
        <ele>379.005157</ele>
      </trkpt>
      <trkpt lat="48.595456" lon="12.292278">
        <ele>380.509141</ele>
      </trkpt>
      <trkpt lat="48.595553" lon="12.292767">
        <ele>381.388956</ele>
      </trkpt>
      <trkpt lat="48.595848" lon="12.293625">
        <ele>383.055473</ele>
      </trkpt>
      <trkpt lat="48.596183" lon="12.294175">
        <ele>384.370231</ele>
      </trkpt>
      <trkpt lat="48.596427" lon="12.294467">
        <ele>385.323462</ele>
      </trkpt>
      <trkpt lat="48.597250" lon="12.295119">
        <ele>388.169657</ele>
      </trkpt>
      <trkpt lat="48.597755" lon="12.295316">
        <ele>389.800456</ele>
      </trkpt>
      <trkpt lat="48.598215" lon="12.295711">
        <ele>392.279848</ele>
      </trkpt>
      <trkpt lat="48.598521" lon="12.296243">
        <ele>394.465293</ele>
      </trkpt>
      <trkpt lat="48.598845" lon="12.297299">
        <ele>398.073596</ele>
      </trkpt>
      <trkpt lat="48.599203" lon="12.298638">
        <ele>401.375185</ele>
      </trkpt>
      <trkpt lat="48.599390" lon="12.299179">
        <ele>402.763732</ele>
      </trkpt>
      <trkpt lat="48.599679" lon="12.299737">
        <ele>404.349900</ele>
      </trkpt>
      <trkpt lat="48.599980" lon="12.300071">
        <ele>405.021051</ele>
      </trkpt>
      <trkpt lat="48.600332" lon="12.300337">
        <ele>405.728441</ele>
      </trkpt>
      <trkpt lat="48.601388" lon="12.301633">
        <ele>407.989515</ele>
      </trkpt>
      <trkpt lat="48.601518" lon="12.301822">
        <ele>408.217374</ele>
      </trkpt>
      <trkpt lat="48.601791" lon="12.302217">
        <ele>408.694780</ele>
      </trkpt>
      <trkpt lat="48.601842" lon="12.302389">
        <ele>408.852281</ele>
      </trkpt>
      <trkpt lat="48.601823" lon="12.302723">
        <ele>409.132388</ele>
      </trkpt>
      <trkpt lat="48.601759" lon="12.302755">
        <ele>409.217559</ele>
      </trkpt>
      <trkpt lat="48.602243" lon="12.303740">
        <ele>408.839500</ele>
      </trkpt>
      <trkpt lat="48.602281" lon="12.303857">
        <ele>408.580552</ele>
      </trkpt>
      <trkpt lat="48.602620" lon="12.304566">
        <ele>406.842480</ele>
      </trkpt>
      <trkpt lat="48.603274" lon="12.306638">
        <ele>400.252123</ele>
      </trkpt>
      <trkpt lat="48.603441" lon="12.306917">
        <ele>398.796453</ele>
      </trkpt>
      <trkpt lat="48.603464" lon="12.307175">
        <ele>397.789450</ele>
      </trkpt>
      <trkpt lat="48.603485" lon="12.307420">
        <ele>396.833833</ele>
      </trkpt>
      <trkpt lat="48.603488" lon="12.307999">
        <ele>394.594125</ele>
      </trkpt>
      <trkpt lat="48.603577" lon="12.308244">
        <ele>393.632822</ele>
      </trkpt>
      <trkpt lat="48.603589" lon="12.308539">
        <ele>392.841277</ele>
      </trkpt>
      <trkpt lat="48.603761" lon="12.309824">
        <ele>389.330077</ele>
      </trkpt>
      <trkpt lat="48.603808" lon="12.310616">
        <ele>387.200474</ele>
      </trkpt>
      <trkpt lat="48.603932" lon="12.310906">
        <ele>386.462280</ele>
      </trkpt>
      <trkpt lat="48.604028" lon="12.311435">
        <ele>385.793530</ele>
      </trkpt>
      <trkpt lat="48.604203" lon="12.312127">
        <ele>384.890325</ele>
      </trkpt>
      <trkpt lat="48.604280" lon="12.312601">
        <ele>384.295292</ele>
      </trkpt>
      <trkpt lat="48.604296" lon="12.312839">
        <ele>384.003651</ele>
      </trkpt>
      <trkpt lat="48.604338" lon="12.313471">
        <ele>383.231766</ele>
      </trkpt>
      <trkpt lat="48.604343" lon="12.314376">
        <ele>382.165695</ele>
      </trkpt>
      <trkpt lat="48.604377" lon="12.314629">
        <ele>381.861584</ele>
      </trkpt>
      <trkpt lat="48.604299" lon="12.314887">
        <ele>381.527419</ele>
      </trkpt>
      <trkpt lat="48.604293" lon="12.315622">
        <ele>380.661568</ele>
      </trkpt>
      <trkpt lat="48.604232" lon="12.316226">
        <ele>379.983953</ele>
      </trkpt>
      <trkpt lat="48.604234" lon="12.316280">
        <ele>379.937399</ele>
      </trkpt>
      <trkpt lat="48.604235" lon="12.316324">
        <ele>379.899504</ele>
      </trkpt>
      <trkpt lat="48.604239" lon="12.316407">
        <ele>379.827871</ele>
      </trkpt>
      <trkpt lat="48.604252" lon="12.316758">
        <ele>379.525272</ele>
      </trkpt>
      <trkpt lat="48.604267" lon="12.318392">
        <ele>378.118660</ele>
      </trkpt>
      <trkpt lat="48.604247" lon="12.318733">
        <ele>377.823990</ele>
      </trkpt>
      <trkpt lat="48.604189" lon="12.318895">
        <ele>377.690023</ele>
      </trkpt>
      <trkpt lat="48.604194" lon="12.318971">
        <ele>377.641954</ele>
      </trkpt>
      <trkpt lat="48.604200" lon="12.319061">
        <ele>377.585024</ele>
      </trkpt>
      <trkpt lat="48.604211" lon="12.319270">
        <ele>377.453069</ele>
      </trkpt>
      <trkpt lat="48.604236" lon="12.319909">
        <ele>377.050198</ele>
      </trkpt>
      <trkpt lat="48.604299" lon="12.320793">
        <ele>376.490613</ele>
      </trkpt>
      <trkpt lat="48.604309" lon="12.321313">
        <ele>376.163202</ele>
      </trkpt>
      <trkpt lat="48.604324" lon="12.321450">
        <ele>376.075804</ele>
      </trkpt>
      <trkpt lat="48.604322" lon="12.322439">
        <ele>375.753548</ele>
      </trkpt>
      <trkpt lat="48.604480" lon="12.323915">
        <ele>375.289955</ele>
      </trkpt>
      <trkpt lat="48.604506" lon="12.324638">
        <ele>375.634769</ele>
      </trkpt>
      <trkpt lat="48.604550" lon="12.324843">
        <ele>375.847233</ele>
      </trkpt>
      <trkpt lat="48.604617" lon="12.325133">
        <ele>376.150055</ele>
      </trkpt>
      <trkpt lat="48.604827" lon="12.326041">
        <ele>377.098307</ele>
      </trkpt>
      <trkpt lat="48.605675" lon="12.328561">
        <ele>377.909711</ele>
      </trkpt>
      <trkpt lat="48.605890" lon="12.328861">
        <ele>377.915518</ele>
      </trkpt>
      <trkpt lat="48.606334" lon="12.329694">
        <ele>376.873396</ele>
      </trkpt>
      <trkpt lat="48.606862" lon="12.330277">
        <ele>375.618684</ele>
      </trkpt>
      <trkpt lat="48.606945" lon="12.330445">
        <ele>375.352544</ele>
      </trkpt>
      <trkpt lat="48.607141" lon="12.331124">
        <ele>374.643000</ele>
      </trkpt>
      <trkpt lat="48.607754" lon="12.331426">
        <ele>378.655135</ele>
      </trkpt>
      <trkpt lat="48.608416" lon="12.332028">
        <ele>383.462281</ele>
      </trkpt>
      <trkpt lat="48.609081" lon="12.333024">
        <ele>392.493475</ele>
      </trkpt>
      <trkpt lat="48.609386" lon="12.333948">
        <ele>400.500625</ele>
      </trkpt>
      <trkpt lat="48.609483" lon="12.334842">
        <ele>407.051063</ele>
      </trkpt>
      <trkpt lat="48.609489" lon="12.335447">
        <ele>408.869222</ele>
      </trkpt>
      <trkpt lat="48.609738" lon="12.335813">
        <ele>410.447226</ele>
      </trkpt>
      <trkpt lat="48.610048" lon="12.336447">
        <ele>412.816654</ele>
      </trkpt>
      <trkpt lat="48.610282" lon="12.337034">
        <ele>414.876284</ele>
      </trkpt>
      <trkpt lat="48.610399" lon="12.337585">
        <ele>414.337603</ele>
      </trkpt>
      <trkpt lat="48.610613" lon="12.339054">
        <ele>412.764770</ele>
      </trkpt>
      <trkpt lat="48.610834" lon="12.339528">
        <ele>412.158320</ele>
      </trkpt>
      <trkpt lat="48.610944" lon="12.340417">
        <ele>412.169219</ele>
      </trkpt>
      <trkpt lat="48.611140" lon="12.341611">
        <ele>412.299689</ele>
      </trkpt>
      <trkpt lat="48.611388" lon="12.342472">
        <ele>412.775058</ele>
      </trkpt>
      <trkpt lat="48.611556" lon="12.342862">
        <ele>413.449967</ele>
      </trkpt>
      <trkpt lat="48.612423" lon="12.344982">
        <ele>415.680194</ele>
      </trkpt>
      <trkpt lat="48.612733" lon="12.345476">
        <ele>414.845806</ele>
      </trkpt>
      <trkpt lat="48.613062" lon="12.346365">
        <ele>413.597712</ele>
      </trkpt>
      <trkpt lat="48.613698" lon="12.347609">
        <ele>406.514907</ele>
      </trkpt>
      <trkpt lat="48.613821" lon="12.348002">
        <ele>403.885688</ele>
      </trkpt>
      <trkpt lat="48.613755" lon="12.348818">
        <ele>398.914721</ele>
      </trkpt>
      <trkpt lat="48.613838" lon="12.349000">
        <ele>397.577780</ele>
      </trkpt>
      <trkpt lat="48.613887" lon="12.349105">
        <ele>396.800631</ele>
      </trkpt>
      <trkpt lat="48.614720" lon="12.350855">
        <ele>384.113102</ele>
      </trkpt>
      <trkpt lat="48.617583" lon="12.354997">
        <ele>370.736585</ele>
      </trkpt>
      <trkpt lat="48.618633" lon="12.357113">
        <ele>369.956218</ele>
      </trkpt>
      <trkpt lat="48.619186" lon="12.359105">
        <ele>369.816072</ele>
      </trkpt>
      <trkpt lat="48.619492" lon="12.360993">
        <ele>369.528450</ele>
      </trkpt>
      <trkpt lat="48.619577" lon="12.362666">
        <ele>369.170922</ele>
      </trkpt>
      <trkpt lat="48.619296" lon="12.367191">
        <ele>367.731037</ele>
      </trkpt>
      <trkpt lat="48.618975" lon="12.371136">
        <ele>366.290310</ele>
      </trkpt>
      <trkpt lat="48.619050" lon="12.373631">
        <ele>365.933366</ele>
      </trkpt>
      <trkpt lat="48.619277" lon="12.381186">
        <ele>365.724101</ele>
      </trkpt>
      <trkpt lat="48.619345" lon="12.382235">
        <ele>365.605111</ele>
      </trkpt>
      <trkpt lat="48.619481" lon="12.382783">
        <ele>365.525981</ele>
      </trkpt>
      <trkpt lat="48.619482" lon="12.383161">
        <ele>365.474880</ele>
      </trkpt>
      <trkpt lat="48.619194" lon="12.383186">
        <ele>365.415888</ele>
      </trkpt>
      <trkpt lat="48.619082" lon="12.383300">
        <ele>365.388282</ele>
      </trkpt>
      <trkpt lat="48.619075" lon="12.383428">
        <ele>365.370919</ele>
      </trkpt>
      <trkpt lat="48.619137" lon="12.383847">
        <ele>365.456760</ele>
      </trkpt>
      <trkpt lat="48.619184" lon="12.384714">
        <ele>365.867074</ele>
      </trkpt>
      <trkpt lat="48.619205" lon="12.385283">
        <ele>366.135875</ele>
      </trkpt>
      <trkpt lat="48.619219" lon="12.385694">
        <ele>366.329990</ele>
      </trkpt>
      <trkpt lat="48.619242" lon="12.386331">
        <ele>366.639019</ele>
      </trkpt>
      <trkpt lat="48.619266" lon="12.386993">
        <ele>367.923077</ele>
      </trkpt>
      <trkpt lat="48.619357" lon="12.389539">
        <ele>373.850848</ele>
      </trkpt>
      <trkpt lat="48.619554" lon="12.390447">
        <ele>377.602973</ele>
      </trkpt>
      <trkpt lat="48.619640" lon="12.390928">
        <ele>379.559347</ele>
      </trkpt>
      <trkpt lat="48.619784" lon="12.391347">
        <ele>381.413475</ele>
      </trkpt>
      <trkpt lat="48.619743" lon="12.391849">
        <ele>383.153164</ele>
      </trkpt>
      <trkpt lat="48.619724" lon="12.392150">
        <ele>383.983274</ele>
      </trkpt>
      <trkpt lat="48.619773" lon="12.392529">
        <ele>385.043475</ele>
      </trkpt>
      <trkpt lat="48.620103" lon="12.393700">
        <ele>388.538205</ele>
      </trkpt>
      <trkpt lat="48.620234" lon="12.394457">
        <ele>390.042184</ele>
      </trkpt>
      <trkpt lat="48.620350" lon="12.395981">
        <ele>389.987755</ele>
      </trkpt>
      <trkpt lat="48.620376" lon="12.396463">
        <ele>389.970596</ele>
      </trkpt>
      <trkpt lat="48.620515" lon="12.398570">
        <ele>387.788863</ele>
      </trkpt>
      <trkpt lat="48.620557" lon="12.398859">
        <ele>387.399640</ele>
      </trkpt>
      <trkpt lat="48.620605" lon="12.399249">
        <ele>386.877828</ele>
      </trkpt>
      <trkpt lat="48.620729" lon="12.399611">
        <ele>386.330898</ele>
      </trkpt>
      <trkpt lat="48.621410" lon="12.400932">
        <ele>383.423840</ele>
      </trkpt>
      <trkpt lat="48.621676" lon="12.401906">
        <ele>381.593070</ele>
      </trkpt>
      <trkpt lat="48.621796" lon="12.402623">
        <ele>380.265244</ele>
      </trkpt>
      <trkpt lat="48.621938" lon="12.403869">
        <ele>377.995343</ele>
      </trkpt>
      <trkpt lat="48.622400" lon="12.407601">
        <ele>370.753718</ele>
      </trkpt>
      <trkpt lat="48.622562" lon="12.408914">
        <ele>369.644918</ele>
      </trkpt>
      <trkpt lat="48.622788" lon="12.410705">
        <ele>368.793974</ele>
      </trkpt>
      <trkpt lat="48.623532" lon="12.416597">
        <ele>369.140200</ele>
      </trkpt>
      <trkpt lat="48.623670" lon="12.417639">
        <ele>369.518735</ele>
      </trkpt>
      <trkpt lat="48.623695" lon="12.418264">
        <ele>370.048628</ele>
      </trkpt>
      <trkpt lat="48.623712" lon="12.420292">
        <ele>372.526494</ele>
      </trkpt>
      <trkpt lat="48.623442" lon="12.424313">
        <ele>377.589777</ele>
      </trkpt>
      <trkpt lat="48.623221" lon="12.426300">
        <ele>379.435567</ele>
      </trkpt>
      <trkpt lat="48.622984" lon="12.427681">
        <ele>379.060981</ele>
      </trkpt>
      <trkpt lat="48.623010" lon="12.428596">
        <ele>378.820535</ele>
      </trkpt>
      <trkpt lat="48.623190" lon="12.431099">
        <ele>373.117507</ele>
      </trkpt>
      <trkpt lat="48.623221" lon="12.432833">
        <ele>368.674120</ele>
      </trkpt>
      <trkpt lat="48.623221" lon="12.432869">
        <ele>368.580274</ele>
      </trkpt>
      <trkpt lat="48.623298" lon="12.432878">
        <ele>368.275703</ele>
      </trkpt>
      <trkpt lat="48.623417" lon="12.432873">
        <ele>367.806219</ele>
      </trkpt>
      <trkpt lat="48.623893" lon="12.432755">
        <ele>365.903974</ele>
      </trkpt>
      <trkpt lat="48.624537" lon="12.432475">
        <ele>364.882114</ele>
      </trkpt>
      <trkpt lat="48.624650" lon="12.432416">
        <ele>364.784384</ele>
      </trkpt>
      <trkpt lat="48.624768" lon="12.432351">
        <ele>364.681719</ele>
      </trkpt>
      <trkpt lat="48.624936" lon="12.432880">
        <ele>364.364571</ele>
      </trkpt>
      <trkpt lat="48.624990" lon="12.432848">
        <ele>364.317158</ele>
      </trkpt>
      <trkpt lat="48.625046" lon="12.432817">
        <ele>364.268407</ele>
      </trkpt>
      <trkpt lat="48.624990" lon="12.432848">
        <ele>364.219656</ele>
      </trkpt>
      <trkpt lat="48.624936" lon="12.432880">
        <ele>364.172243</ele>
      </trkpt>
      <trkpt lat="48.624768" lon="12.432351">
        <ele>363.855095</ele>
      </trkpt>
      <trkpt lat="48.624650" lon="12.432416">
        <ele>364.120215</ele>
      </trkpt>
      <trkpt lat="48.624537" lon="12.432475">
        <ele>364.455268</ele>
      </trkpt>
      <trkpt lat="48.623893" lon="12.432755">
        <ele>366.333362</ele>
      </trkpt>
      <trkpt lat="48.623417" lon="12.432873">
        <ele>367.685309</ele>
      </trkpt>
      <trkpt lat="48.623298" lon="12.432878">
        <ele>368.018976</ele>
      </trkpt>
      <trkpt lat="48.623221" lon="12.432869">
        <ele>368.235438</ele>
      </trkpt>
      <trkpt lat="48.623222" lon="12.432894">
        <ele>368.281841</ele>
      </trkpt>
      <trkpt lat="48.623210" lon="12.433069">
        <ele>368.607803</ele>
      </trkpt>
      <trkpt lat="48.623221" lon="12.433213">
        <ele>368.876368</ele>
      </trkpt>
      <trkpt lat="48.623301" lon="12.433354">
        <ele>369.455009</ele>
      </trkpt>
      <trkpt lat="48.623406" lon="12.433753">
        <ele>370.793018</ele>
      </trkpt>
      <trkpt lat="48.623516" lon="12.434493">
        <ele>373.156120</ele>
      </trkpt>
      <trkpt lat="48.623739" lon="12.435535">
        <ele>376.568450</ele>
      </trkpt>
      <trkpt lat="48.623976" lon="12.436488">
        <ele>378.797621</ele>
      </trkpt>
      <trkpt lat="48.624201" lon="12.436983">
        <ele>379.929521</ele>
      </trkpt>
      <trkpt lat="48.624632" lon="12.437726">
        <ele>381.792084</ele>
      </trkpt>
      <trkpt lat="48.624715" lon="12.438029">
        <ele>382.410061</ele>
      </trkpt>
      <trkpt lat="48.624748" lon="12.439208">
        <ele>382.222762</ele>
      </trkpt>
      <trkpt lat="48.624827" lon="12.439626">
        <ele>382.124269</ele>
      </trkpt>
      <trkpt lat="48.624935" lon="12.439969">
        <ele>382.038196</ele>
      </trkpt>
      <trkpt lat="48.625160" lon="12.440435">
        <ele>381.907457</ele>
      </trkpt>
      <trkpt lat="48.625303" lon="12.440684">
        <ele>381.720579</ele>
      </trkpt>
      <trkpt lat="48.625621" lon="12.441114">
        <ele>381.066957</ele>
      </trkpt>
      <trkpt lat="48.625831" lon="12.441471">
        <ele>380.582865</ele>
      </trkpt>
      <trkpt lat="48.625951" lon="12.441889">
        <ele>380.121239</ele>
      </trkpt>
      <trkpt lat="48.626314" lon="12.444032">
        <ele>378.422175</ele>
      </trkpt>
      <trkpt lat="48.626644" lon="12.445364">
        <ele>377.616913</ele>
      </trkpt>
      <trkpt lat="48.626881" lon="12.446644">
        <ele>376.720021</ele>
      </trkpt>
      <trkpt lat="48.626892" lon="12.446953">
        <ele>376.508899</ele>
      </trkpt>
      <trkpt lat="48.626803" lon="12.448155">
        <ele>375.625080</ele>
      </trkpt>
      <trkpt lat="48.626915" lon="12.449450">
        <ele>372.857437</ele>
      </trkpt>
      <trkpt lat="48.627059" lon="12.450438">
        <ele>370.713461</ele>
      </trkpt>
      <trkpt lat="48.627517" lon="12.452628">
        <ele>365.356451</ele>
      </trkpt>
      <trkpt lat="48.627778" lon="12.453172">
        <ele>363.761893</ele>
      </trkpt>
      <trkpt lat="48.628023" lon="12.453860">
        <ele>362.762587</ele>
      </trkpt>
      <trkpt lat="48.628079" lon="12.454112">
        <ele>362.472662</ele>
      </trkpt>
      <trkpt lat="48.628095" lon="12.454168">
        <ele>362.406131</ele>
      </trkpt>
      <trkpt lat="48.628100" lon="12.454217">
        <ele>362.352063</ele>
      </trkpt>
      <trkpt lat="48.628155" lon="12.454737">
        <ele>361.777784</ele>
      </trkpt>
      <trkpt lat="48.628187" lon="12.455322">
        <ele>361.137655</ele>
      </trkpt>
      <trkpt lat="48.628161" lon="12.455696">
        <ele>360.727555</ele>
      </trkpt>
      <trkpt lat="48.628203" lon="12.456079">
        <ele>360.495330</ele>
      </trkpt>
      <trkpt lat="48.628647" lon="12.458176">
        <ele>360.200769</ele>
      </trkpt>
      <trkpt lat="48.628761" lon="12.459026">
        <ele>360.262058</ele>
      </trkpt>
      <trkpt lat="48.628844" lon="12.459945">
        <ele>360.438234</ele>
      </trkpt>
      <trkpt lat="48.629285" lon="12.461858">
        <ele>360.632970</ele>
      </trkpt>
      <trkpt lat="48.629533" lon="12.462781">
        <ele>360.579389</ele>
      </trkpt>
      <trkpt lat="48.629646" lon="12.463648">
        <ele>360.531868</ele>
      </trkpt>
      <trkpt lat="48.629612" lon="12.465029">
        <ele>360.061874</ele>
      </trkpt>
      <trkpt lat="48.629623" lon="12.465999">
        <ele>359.719021</ele>
      </trkpt>
      <trkpt lat="48.629901" lon="12.468033">
        <ele>359.064052</ele>
      </trkpt>
      <trkpt lat="48.630103" lon="12.469081">
        <ele>358.739647</ele>
      </trkpt>
      <trkpt lat="48.630358" lon="12.470022">
        <ele>358.979234</ele>
      </trkpt>
      <trkpt lat="48.630566" lon="12.470642">
        <ele>359.143030</ele>
      </trkpt>
      <trkpt lat="48.630803" lon="12.471149">
        <ele>359.289321</ele>
      </trkpt>
      <trkpt lat="48.631004" lon="12.471678">
        <ele>359.430167</ele>
      </trkpt>
      <trkpt lat="48.631223" lon="12.472478">
        <ele>359.623632</ele>
      </trkpt>
      <trkpt lat="48.631289" lon="12.473106">
        <ele>359.765705</ele>
      </trkpt>
      <trkpt lat="48.631263" lon="12.473853">
        <ele>359.932834</ele>
      </trkpt>
      <trkpt lat="48.631028" lon="12.475164">
        <ele>359.642377</ele>
      </trkpt>
      <trkpt lat="48.630999" lon="12.475503">
        <ele>359.538335</ele>
      </trkpt>
      <trkpt lat="48.630989" lon="12.476190">
        <ele>359.329184</ele>
      </trkpt>
      <trkpt lat="48.631033" lon="12.476733">
        <ele>359.162675</ele>
      </trkpt>
      <trkpt lat="48.631533" lon="12.479524">
        <ele>358.432485</ele>
      </trkpt>
      <trkpt lat="48.631886" lon="12.480891">
        <ele>357.818584</ele>
      </trkpt>
      <trkpt lat="48.632579" lon="12.483255">
        <ele>356.805423</ele>
      </trkpt>
      <trkpt lat="48.632606" lon="12.483433">
        <ele>356.737481</ele>
      </trkpt>
      <trkpt lat="48.632471" lon="12.483734">
        <ele>356.602151</ele>
      </trkpt>
      <trkpt lat="48.632596" lon="12.484037">
        <ele>356.469270</ele>
      </trkpt>
      <trkpt lat="48.632874" lon="12.484127">
        <ele>356.360908</ele>
      </trkpt>
      <trkpt lat="48.632894" lon="12.484173">
        <ele>356.370505</ele>
      </trkpt>
      <trkpt lat="48.632893" lon="12.484330">
        <ele>356.397871</ele>
      </trkpt>
      <trkpt lat="48.632893" lon="12.484376">
        <ele>356.405889</ele>
      </trkpt>
      <trkpt lat="48.632892" lon="12.484580">
        <ele>356.441447</ele>
      </trkpt>
      <trkpt lat="48.632926" lon="12.484790">
        <ele>356.479132</ele>
      </trkpt>
      <trkpt lat="48.632958" lon="12.485162">
        <ele>356.544517</ele>
      </trkpt>
      <trkpt lat="48.633016" lon="12.485835">
        <ele>356.662813</ele>
      </trkpt>
      <trkpt lat="48.633152" lon="12.486676">
        <ele>356.813721</ele>
      </trkpt>
      <trkpt lat="48.633338" lon="12.489056">
        <ele>356.829792</ele>
      </trkpt>
      <trkpt lat="48.633418" lon="12.492684">
        <ele>355.495269</ele>
      </trkpt>
      <trkpt lat="48.633299" lon="12.492959">
        <ele>355.384136</ele>
      </trkpt>
      <trkpt lat="48.633027" lon="12.493147">
        <ele>355.231156</ele>
      </trkpt>
      <trkpt lat="48.632906" lon="12.493364">
        <ele>355.135164</ele>
      </trkpt>
      <trkpt lat="48.632856" lon="12.493636">
        <ele>355.039712</ele>
      </trkpt>
      <trkpt lat="48.632864" lon="12.493749">
        <ele>355.001288</ele>
      </trkpt>
      <trkpt lat="48.632898" lon="12.494210">
        <ele>354.844459</ele>
      </trkpt>
      <trkpt lat="48.632980" lon="12.494465">
        <ele>354.747456</ele>
      </trkpt>
      <trkpt lat="48.633012" lon="12.494539">
        <ele>354.715145</ele>
      </trkpt>
      <trkpt lat="48.633121" lon="12.494625">
        <ele>354.647185</ele>
      </trkpt>
      <trkpt lat="48.633337" lon="12.494703">
        <ele>354.524416</ele>
      </trkpt>
      <trkpt lat="48.633479" lon="12.495152">
        <ele>354.342551</ele>
      </trkpt>
      <trkpt lat="48.633629" lon="12.496106">
        <ele>353.984266</ele>
      </trkpt>
      <trkpt lat="48.633698" lon="12.497458">
        <ele>353.804792</ele>
      </trkpt>
      <trkpt lat="48.633731" lon="12.498072">
        <ele>353.834319</ele>
      </trkpt>
      <trkpt lat="48.633761" lon="12.498631">
        <ele>353.861202</ele>
      </trkpt>
      <trkpt lat="48.633996" lon="12.501053">
        <ele>354.293823</ele>
      </trkpt>
      <trkpt lat="48.634176" lon="12.502920">
        <ele>354.489907</ele>
      </trkpt>
      <trkpt lat="48.634253" lon="12.504160">
        <ele>354.409628</ele>
      </trkpt>
      <trkpt lat="48.634346" lon="12.504755">
        <ele>354.370218</ele>
      </trkpt>
      <trkpt lat="48.634444" lon="12.506135">
        <ele>354.230086</ele>
      </trkpt>
      <trkpt lat="48.634527" lon="12.507103">
        <ele>354.130693</ele>
      </trkpt>
      <trkpt lat="48.634596" lon="12.508064">
        <ele>354.057538</ele>
      </trkpt>
      <trkpt lat="48.634679" lon="12.510576">
        <ele>353.908681</ele>
      </trkpt>
      <trkpt lat="48.634674" lon="12.512259">
        <ele>353.797832</ele>
      </trkpt>
      <trkpt lat="48.634737" lon="12.513841">
        <ele>353.634053</ele>
      </trkpt>
      <trkpt lat="48.634731" lon="12.515053">
        <ele>353.475700</ele>
      </trkpt>
      <trkpt lat="48.634807" lon="12.516801">
        <ele>353.280291</ele>
      </trkpt>
      <trkpt lat="48.634758" lon="12.517698">
        <ele>353.188686</ele>
      </trkpt>
      <trkpt lat="48.634763" lon="12.517977">
        <ele>353.160280</ele>
      </trkpt>
      <trkpt lat="48.634853" lon="12.522928">
        <ele>353.149509</ele>
      </trkpt>
      <trkpt lat="48.635189" lon="12.524528">
        <ele>353.139778</ele>
      </trkpt>
      <trkpt lat="48.635503" lon="12.525675">
        <ele>353.134392</ele>
      </trkpt>
      <trkpt lat="48.635791" lon="12.526546">
        <ele>353.207490</ele>
      </trkpt>
      <trkpt lat="48.635903" lon="12.526772">
        <ele>353.279452</ele>
      </trkpt>
      <trkpt lat="48.636318" lon="12.527542">
        <ele>353.532565</ele>
      </trkpt>
      <trkpt lat="48.637282" lon="12.528966">
        <ele>353.902095</ele>
      </trkpt>
      <trkpt lat="48.639832" lon="12.531600">
        <ele>353.705494</ele>
      </trkpt>
      <trkpt lat="48.639893" lon="12.531979">
        <ele>353.459157</ele>
      </trkpt>
      <trkpt lat="48.639871" lon="12.532291">
        <ele>353.261009</ele>
      </trkpt>
      <trkpt lat="48.639898" lon="12.532432">
        <ele>353.168303</ele>
      </trkpt>
      <trkpt lat="48.639959" lon="12.532588">
        <ele>353.053832</ele>
      </trkpt>
      <trkpt lat="48.640261" lon="12.533029">
        <ele>352.652762</ele>
      </trkpt>
      <trkpt lat="48.640533" lon="12.533367">
        <ele>352.316413</ele>
      </trkpt>
      <trkpt lat="48.640726" lon="12.533607">
        <ele>352.077686</ele>
      </trkpt>
      <trkpt lat="48.641230" lon="12.534352">
        <ele>351.864491</ele>
      </trkpt>
      <trkpt lat="48.641803" lon="12.534985">
        <ele>351.660710</ele>
      </trkpt>
      <trkpt lat="48.642390" lon="12.535498">
        <ele>351.542696</ele>
      </trkpt>
      <trkpt lat="48.642410" lon="12.535563">
        <ele>351.542206</ele>
      </trkpt>
      <trkpt lat="48.642581" lon="12.535963">
        <ele>351.538956</ele>
      </trkpt>
      <trkpt lat="48.642777" lon="12.536329">
        <ele>351.535742</ele>
      </trkpt>
      <trkpt lat="48.642994" lon="12.536852">
        <ele>351.531528</ele>
      </trkpt>
      <trkpt lat="48.643213" lon="12.537754">
        <ele>351.455590</ele>
      </trkpt>
      <trkpt lat="48.643258" lon="12.538200">
        <ele>351.346326</ele>
      </trkpt>
      <trkpt lat="48.643268" lon="12.538671">
        <ele>351.232201</ele>
      </trkpt>
      <trkpt lat="48.643266" lon="12.539235">
        <ele>351.095610</ele>
      </trkpt>
      <trkpt lat="48.643210" lon="12.540285">
        <ele>350.859440</ele>
      </trkpt>
      <trkpt lat="48.643200" lon="12.540719">
        <ele>350.827406</ele>
      </trkpt>
      <trkpt lat="48.643063" lon="12.543436">
        <ele>350.760147</ele>
      </trkpt>
      <trkpt lat="48.643048" lon="12.543695">
        <ele>350.804248</ele>
      </trkpt>
      <trkpt lat="48.643050" lon="12.543722">
        <ele>350.808856</ele>
      </trkpt>
      <trkpt lat="48.643068" lon="12.543977">
        <ele>350.852356</ele>
      </trkpt>
      <trkpt lat="48.643440" lon="12.545306">
        <ele>351.097175</ele>
      </trkpt>
      <trkpt lat="48.643476" lon="12.545775">
        <ele>351.120633</ele>
      </trkpt>
      <trkpt lat="48.643478" lon="12.545911">
        <ele>351.116816</ele>
      </trkpt>
      <trkpt lat="48.643484" lon="12.546473">
        <ele>351.101048</ele>
      </trkpt>
      <trkpt lat="48.643297" lon="12.549969">
        <ele>350.656990</ele>
      </trkpt>
      <trkpt lat="48.643342" lon="12.550790">
        <ele>350.472983</ele>
      </trkpt>
      <trkpt lat="48.643348" lon="12.551594">
        <ele>350.196640</ele>
      </trkpt>
      <trkpt lat="48.643468" lon="12.552134">
        <ele>349.987798</ele>
      </trkpt>
      <trkpt lat="48.643544" lon="12.552715">
        <ele>349.770688</ele>
      </trkpt>
      <trkpt lat="48.643878" lon="12.554306">
        <ele>349.365715</ele>
      </trkpt>
      <trkpt lat="48.643976" lon="12.554575">
        <ele>349.334120</ele>
      </trkpt>
      <trkpt lat="48.644311" lon="12.555452">
        <ele>349.229927</ele>
      </trkpt>
      <trkpt lat="48.645082" lon="12.557274">
        <ele>349.238764</ele>
      </trkpt>
      <trkpt lat="48.645598" lon="12.558085">
        <ele>349.291413</ele>
      </trkpt>
      <trkpt lat="48.646074" lon="12.558708">
        <ele>349.185939</ele>
      </trkpt>
      <trkpt lat="48.646443" lon="12.559098">
        <ele>349.104574</ele>
      </trkpt>
      <trkpt lat="48.646985" lon="12.559542">
        <ele>348.993156</ele>
      </trkpt>
      <trkpt lat="48.647523" lon="12.560121">
        <ele>348.924920</ele>
      </trkpt>
      <trkpt lat="48.648091" lon="12.560949">
        <ele>348.859240</ele>
      </trkpt>
      <trkpt lat="48.648586" lon="12.561818">
        <ele>348.944815</ele>
      </trkpt>
      <trkpt lat="48.648859" lon="12.562589">
        <ele>349.212430</ele>
      </trkpt>
      <trkpt lat="48.649291" lon="12.564230">
        <ele>349.701914</ele>
      </trkpt>
      <trkpt lat="48.649446" lon="12.565173">
        <ele>349.849555</ele>
      </trkpt>
      <trkpt lat="48.649547" lon="12.566055">
        <ele>349.985557</ele>
      </trkpt>
      <trkpt lat="48.649559" lon="12.566920">
        <ele>350.007590</ele>
      </trkpt>
      <trkpt lat="48.649361" lon="12.576842">
        <ele>348.322573</ele>
      </trkpt>
      <trkpt lat="48.649302" lon="12.582521">
        <ele>347.529624</ele>
      </trkpt>
      <trkpt lat="48.649299" lon="12.582750">
        <ele>347.500269</ele>
      </trkpt>
      <trkpt lat="48.649274" lon="12.585604">
        <ele>347.374794</ele>
      </trkpt>
      <trkpt lat="48.649229" lon="12.587127">
        <ele>347.999320</ele>
      </trkpt>
      <trkpt lat="48.649283" lon="12.588582">
        <ele>348.648464</ele>
      </trkpt>
      <trkpt lat="48.649329" lon="12.588807">
        <ele>348.787692</ele>
      </trkpt>
      <trkpt lat="48.649703" lon="12.590956">
        <ele>350.101369</ele>
      </trkpt>
      <trkpt lat="48.649964" lon="12.591779">
        <ele>350.480428</ele>
      </trkpt>
      <trkpt lat="48.650496" lon="12.593131">
        <ele>351.123547</ele>
      </trkpt>
      <trkpt lat="48.650834" lon="12.593758">
        <ele>351.123362</ele>
      </trkpt>
      <trkpt lat="48.651120" lon="12.594391">
        <ele>350.967336</ele>
      </trkpt>
      <trkpt lat="48.651209" lon="12.594891">
        <ele>350.861981</ele>
      </trkpt>
      <trkpt lat="48.651258" lon="12.595970">
        <ele>350.620702</ele>
      </trkpt>
      <trkpt lat="48.651273" lon="12.596318">
        <ele>350.509565</ele>
      </trkpt>
      <trkpt lat="48.651287" lon="12.596930">
        <ele>350.314416</ele>
      </trkpt>
      <trkpt lat="48.651355" lon="12.597540">
        <ele>350.117272</ele>
      </trkpt>
      <trkpt lat="48.651618" lon="12.598768">
        <ele>350.222380</ele>
      </trkpt>
      <trkpt lat="48.651644" lon="12.598861">
        <ele>350.347142</ele>
      </trkpt>
      <trkpt lat="48.651727" lon="12.599267">
        <ele>350.872203</ele>
      </trkpt>
      <trkpt lat="48.651771" lon="12.599974">
        <ele>351.749533</ele>
      </trkpt>
      <trkpt lat="48.651778" lon="12.600163">
        <ele>351.983400</ele>
      </trkpt>
      <trkpt lat="48.651782" lon="12.600282">
        <ele>352.130608</ele>
      </trkpt>
      <trkpt lat="48.651785" lon="12.600469">
        <ele>352.361705</ele>
      </trkpt>
      <trkpt lat="48.651784" lon="12.600784">
        <ele>352.750876</ele>
      </trkpt>
      <trkpt lat="48.651891" lon="12.601746">
        <ele>353.828586</ele>
      </trkpt>
      <trkpt lat="48.652187" lon="12.602723">
        <ele>354.939587</ele>
      </trkpt>
      <trkpt lat="48.652311" lon="12.603026">
        <ele>355.308003</ele>
      </trkpt>
      <trkpt lat="48.652341" lon="12.603090">
        <ele>355.389117</ele>
      </trkpt>
      <trkpt lat="48.652506" lon="12.603389">
        <ele>355.791813</ele>
      </trkpt>
      <trkpt lat="48.652809" lon="12.603739">
        <ele>355.765394</ele>
      </trkpt>
      <trkpt lat="48.653261" lon="12.604097">
        <ele>355.316272</ele>
      </trkpt>
      <trkpt lat="48.653739" lon="12.604233">
        <ele>354.888071</ele>
      </trkpt>
      <trkpt lat="48.654942" lon="12.604300">
        <ele>353.424809</ele>
      </trkpt>
      <trkpt lat="48.655537" lon="12.604526">
        <ele>352.507700</ele>
      </trkpt>
      <trkpt lat="48.655708" lon="12.604697">
        <ele>352.201310</ele>
      </trkpt>
      <trkpt lat="48.655737" lon="12.604774">
        <ele>352.113775</ele>
      </trkpt>
      <trkpt lat="48.655717" lon="12.605278">
        <ele>351.587136</ele>
      </trkpt>
      <trkpt lat="48.655751" lon="12.605428">
        <ele>351.387516</ele>
      </trkpt>
      <trkpt lat="48.655784" lon="12.605508">
        <ele>351.268794</ele>
      </trkpt>
      <trkpt lat="48.655821" lon="12.605562">
        <ele>351.170860</ele>
      </trkpt>
      <trkpt lat="48.655985" lon="12.605272">
        <ele>350.690325</ele>
      </trkpt>
      <trkpt lat="48.656121" lon="12.605058">
        <ele>350.316532</ele>
      </trkpt>
      <trkpt lat="48.656238" lon="12.605176">
        <ele>350.048638</ele>
      </trkpt>
      <trkpt lat="48.656435" lon="12.605364">
        <ele>349.604884</ele>
      </trkpt>
      <trkpt lat="48.656559" lon="12.605460">
        <ele>349.339492</ele>
      </trkpt>
      <trkpt lat="48.656597" lon="12.605495">
        <ele>349.254732</ele>
      </trkpt>
      <trkpt lat="48.656642" lon="12.605534">
        <ele>349.155926</ele>
      </trkpt>
      <trkpt lat="48.657308" lon="12.606555">
        <ele>347.853109</ele>
      </trkpt>
      <trkpt lat="48.657599" lon="12.607012">
        <ele>347.481970</ele>
      </trkpt>
      <trkpt lat="48.657702" lon="12.607177">
        <ele>347.349232</ele>
      </trkpt>
      <trkpt lat="48.657982" lon="12.607623">
        <ele>346.989473</ele>
      </trkpt>
      <trkpt lat="48.658384" lon="12.608335">
        <ele>347.059473</ele>
      </trkpt>
      <trkpt lat="48.658496" lon="12.608684">
        <ele>347.380275</ele>
      </trkpt>
      <trkpt lat="48.658505" lon="12.609312">
        <ele>347.899623</ele>
      </trkpt>
      <trkpt lat="48.658428" lon="12.609588">
        <ele>348.147336</ele>
      </trkpt>
      <trkpt lat="48.658210" lon="12.609986">
        <ele>348.574816</ele>
      </trkpt>
      <trkpt lat="48.657683" lon="12.610701">
        <ele>350.132967</ele>
      </trkpt>
      <trkpt lat="48.657466" lon="12.610994">
        <ele>350.975265</ele>
      </trkpt>
      <trkpt lat="48.657264" lon="12.611232">
        <ele>351.716748</ele>
      </trkpt>
      <trkpt lat="48.656928" lon="12.611779">
        <ele>353.146046</ele>
      </trkpt>
      <trkpt lat="48.656887" lon="12.612129">
        <ele>353.826223</ele>
      </trkpt>
      <trkpt lat="48.656943" lon="12.613911">
        <ele>356.290081</ele>
      </trkpt>
      <trkpt lat="48.657012" lon="12.614329">
        <ele>356.860323</ele>
      </trkpt>
      <trkpt lat="48.657151" lon="12.614659">
        <ele>357.378320</ele>
      </trkpt>
      <trkpt lat="48.658051" lon="12.615891">
        <ele>357.609348</ele>
      </trkpt>
      <trkpt lat="48.659249" lon="12.620512">
        <ele>354.735704</ele>
      </trkpt>
      <trkpt lat="48.659543" lon="12.621551">
        <ele>354.013575</ele>
      </trkpt>
      <trkpt lat="48.660027" lon="12.622799">
        <ele>353.522987</ele>
      </trkpt>
      <trkpt lat="48.660274" lon="12.623457">
        <ele>353.396876</ele>
      </trkpt>
      <trkpt lat="48.661564" lon="12.625386">
        <ele>352.952156</ele>
      </trkpt>
      <trkpt lat="48.662353" lon="12.626799">
        <ele>353.200872</ele>
      </trkpt>
      <trkpt lat="48.662526" lon="12.627288">
        <ele>353.477831</ele>
      </trkpt>
      <trkpt lat="48.662529" lon="12.628068">
        <ele>353.867266</ele>
      </trkpt>
      <trkpt lat="48.662378" lon="12.628920">
        <ele>354.712501</ele>
      </trkpt>
      <trkpt lat="48.661905" lon="12.629810">
        <ele>356.733835</ele>
      </trkpt>
      <trkpt lat="48.661780" lon="12.630047">
        <ele>357.270500</ele>
      </trkpt>
      <trkpt lat="48.661669" lon="12.630449">
        <ele>358.041487</ele>
      </trkpt>
      <trkpt lat="48.661605" lon="12.630973">
        <ele>358.979540</ele>
      </trkpt>
      <trkpt lat="48.662394" lon="12.635415">
        <ele>363.698932</ele>
      </trkpt>
      <trkpt lat="48.663115" lon="12.638068">
        <ele>363.686217</ele>
      </trkpt>
      <trkpt lat="48.663243" lon="12.640024">
        <ele>363.113013</ele>
      </trkpt>
      <trkpt lat="48.663371" lon="12.641241">
        <ele>362.748554</ele>
      </trkpt>
      <trkpt lat="48.663366" lon="12.642383">
        <ele>361.944018</ele>
      </trkpt>
      <trkpt lat="48.663410" lon="12.644092">
        <ele>360.575672</ele>
      </trkpt>
      <trkpt lat="48.663391" lon="12.645061">
        <ele>359.672047</ele>
      </trkpt>
      <trkpt lat="48.663429" lon="12.645847">
        <ele>358.927133</ele>
      </trkpt>
      <trkpt lat="48.663450" lon="12.645977">
        <ele>358.800635</ele>
      </trkpt>
      <trkpt lat="48.663482" lon="12.646091">
        <ele>358.683555</ele>
      </trkpt>
      <trkpt lat="48.663786" lon="12.647470">
        <ele>357.980908</ele>
      </trkpt>
      <trkpt lat="48.663928" lon="12.647946">
        <ele>358.019872</ele>
      </trkpt>
      <trkpt lat="48.664264" lon="12.648987">
        <ele>358.106308</ele>
      </trkpt>
      <trkpt lat="48.664325" lon="12.649442">
        <ele>358.185033</ele>
      </trkpt>
      <trkpt lat="48.664331" lon="12.649895">
        <ele>358.467279</ele>
      </trkpt>
      <trkpt lat="48.664279" lon="12.650898">
        <ele>359.094005</ele>
      </trkpt>
      <trkpt lat="48.664280" lon="12.651635">
        <ele>359.553110</ele>
      </trkpt>
      <trkpt lat="48.664396" lon="12.652356">
        <ele>359.894059</ele>
      </trkpt>
      <trkpt lat="48.664684" lon="12.653715">
        <ele>360.196951</ele>
      </trkpt>
      <trkpt lat="48.664887" lon="12.654554">
        <ele>360.386575</ele>
      </trkpt>
      <trkpt lat="48.664891" lon="12.655042">
        <ele>360.463230</ele>
      </trkpt>
      <trkpt lat="48.664718" lon="12.656113">
        <ele>360.619302</ele>
      </trkpt>
      <trkpt lat="48.664597" lon="12.657441">
        <ele>360.766595</ele>
      </trkpt>
      <trkpt lat="48.664592" lon="12.657878">
        <ele>360.644207</ele>
      </trkpt>
      <trkpt lat="48.664574" lon="12.658322">
        <ele>360.519643</ele>
      </trkpt>
      <trkpt lat="48.664602" lon="12.658594">
        <ele>360.442558</ele>
      </trkpt>
      <trkpt lat="48.664713" lon="12.658993">
        <ele>360.321322</ele>
      </trkpt>
      <trkpt lat="48.664918" lon="12.659333">
        <ele>360.192409</ele>
      </trkpt>
      <trkpt lat="48.665174" lon="12.659705">
        <ele>360.041972</ele>
      </trkpt>
      <trkpt lat="48.665195" lon="12.659736">
        <ele>360.023390</ele>
      </trkpt>
      <trkpt lat="48.665613" lon="12.660295">
        <ele>359.245664</ele>
      </trkpt>
      <trkpt lat="48.665692" lon="12.660359">
        <ele>359.120718</ele>
      </trkpt>
      <trkpt lat="48.665700" lon="12.660520">
        <ele>358.972016</ele>
      </trkpt>
      <trkpt lat="48.665696" lon="12.660718">
        <ele>358.789569</ele>
      </trkpt>
      <trkpt lat="48.665723" lon="12.661002">
        <ele>358.525305</ele>
      </trkpt>
      <trkpt lat="48.666077" lon="12.662385">
        <ele>356.889567</ele>
      </trkpt>
      <trkpt lat="48.667268" lon="12.665799">
        <ele>349.787693</ele>
      </trkpt>
      <trkpt lat="48.667423" lon="12.666132">
        <ele>348.891537</ele>
      </trkpt>
      <trkpt lat="48.667552" lon="12.666383">
        <ele>348.191924</ele>
      </trkpt>
      <trkpt lat="48.668329" lon="12.667387">
        <ele>344.908257</ele>
      </trkpt>
      <trkpt lat="48.668351" lon="12.667647">
        <ele>344.360378</ele>
      </trkpt>
      <trkpt lat="48.668490" lon="12.668105">
        <ele>343.306851</ele>
      </trkpt>
      <trkpt lat="48.668661" lon="12.668345">
        <ele>342.568931</ele>
      </trkpt>
      <trkpt lat="48.668742" lon="12.668618">
        <ele>341.943385</ele>
      </trkpt>
      <trkpt lat="48.668861" lon="12.668929">
        <ele>341.436959</ele>
      </trkpt>
      <trkpt lat="48.669053" lon="12.669282">
        <ele>341.299716</ele>
      </trkpt>
      <trkpt lat="48.669514" lon="12.669690">
        <ele>341.057067</ele>
      </trkpt>
      <trkpt lat="48.670247" lon="12.670686">
        <ele>340.656781</ele>
      </trkpt>
      <trkpt lat="48.671010" lon="12.671519">
        <ele>340.624408</ele>
      </trkpt>
      <trkpt lat="48.671176" lon="12.671562">
        <ele>340.618612</ele>
      </trkpt>
      <trkpt lat="48.671329" lon="12.671539">
        <ele>340.613321</ele>
      </trkpt>
      <trkpt lat="48.672157" lon="12.672286">
        <ele>340.423878</ele>
      </trkpt>
      <trkpt lat="48.673007" lon="12.673232">
        <ele>340.082569</ele>
      </trkpt>
      <trkpt lat="48.673660" lon="12.674250">
        <ele>340.025184</ele>
      </trkpt>
      <trkpt lat="48.674144" lon="12.675179">
        <ele>340.034123</ele>
      </trkpt>
      <trkpt lat="48.674387" lon="12.675902">
        <ele>339.983602</ele>
      </trkpt>
      <trkpt lat="48.674475" lon="12.676385">
        <ele>339.913111</ele>
      </trkpt>
      <trkpt lat="48.674525" lon="12.676879">
        <ele>339.842801</ele>
      </trkpt>
      <trkpt lat="48.674472" lon="12.681089">
        <ele>338.635279</ele>
      </trkpt>
      <trkpt lat="48.674467" lon="12.681206">
        <ele>338.579056</ele>
      </trkpt>
      <trkpt lat="48.674457" lon="12.681415">
        <ele>338.478572</ele>
      </trkpt>
      <trkpt lat="48.674470" lon="12.681984">
        <ele>338.205556</ele>
      </trkpt>
      <trkpt lat="48.674437" lon="12.684766">
        <ele>337.201097</ele>
      </trkpt>
      <trkpt lat="48.674413" lon="12.685985">
        <ele>336.981666</ele>
      </trkpt>
      <trkpt lat="48.674378" lon="12.686639">
        <ele>337.039882</ele>
      </trkpt>
      <trkpt lat="48.674292" lon="12.689172">
        <ele>338.339630</ele>
      </trkpt>
      <trkpt lat="48.674377" lon="12.690106">
        <ele>338.635743</ele>
      </trkpt>
      <trkpt lat="48.674475" lon="12.690746">
        <ele>338.842080</ele>
      </trkpt>
      <trkpt lat="48.674558" lon="12.691032">
        <ele>338.940196</ele>
      </trkpt>
      <trkpt lat="48.674698" lon="12.691263">
        <ele>339.038670</ele>
      </trkpt>
      <trkpt lat="48.674772" lon="12.691676">
        <ele>339.173070</ele>
      </trkpt>
      <trkpt lat="48.674776" lon="12.691913">
        <ele>339.191727</ele>
      </trkpt>
      <trkpt lat="48.674826" lon="12.692201">
        <ele>339.213675</ele>
      </trkpt>
      <trkpt lat="48.674842" lon="12.692282">
        <ele>339.219906</ele>
      </trkpt>
      <trkpt lat="48.675031" lon="12.692612">
        <ele>339.252102</ele>
      </trkpt>
      <trkpt lat="48.675097" lon="12.692859">
        <ele>339.271740</ele>
      </trkpt>
      <trkpt lat="48.675078" lon="12.693463">
        <ele>339.316307</ele>
      </trkpt>
      <trkpt lat="48.675097" lon="12.693596">
        <ele>339.326336</ele>
      </trkpt>
      <trkpt lat="48.675136" lon="12.693710">
        <ele>339.335798</ele>
      </trkpt>
      <trkpt lat="48.675270" lon="12.693882">
        <ele>339.355404</ele>
      </trkpt>
      <trkpt lat="48.675280" lon="12.693891">
        <ele>339.356703</ele>
      </trkpt>
      <trkpt lat="48.675484" lon="12.694083">
        <ele>339.397048</ele>
      </trkpt>
      <trkpt lat="48.676094" lon="12.696177">
        <ele>339.846280</ele>
      </trkpt>
      <trkpt lat="48.676273" lon="12.696794">
        <ele>339.920592</ele>
      </trkpt>
      <trkpt lat="48.676664" lon="12.698214">
        <ele>339.967170</ele>
      </trkpt>
      <trkpt lat="48.676815" lon="12.698596">
        <ele>339.980649</ele>
      </trkpt>
      <trkpt lat="48.677952" lon="12.702569">
        <ele>339.353608</ele>
      </trkpt>
      <trkpt lat="48.678064" lon="12.702945">
        <ele>339.295350</ele>
      </trkpt>
      <trkpt lat="48.678244" lon="12.703536">
        <ele>339.203429</ele>
      </trkpt>
      <trkpt lat="48.678252" lon="12.703703">
        <ele>339.179781</ele>
      </trkpt>
      <trkpt lat="48.678340" lon="12.704127">
        <ele>339.170958</ele>
      </trkpt>
      <trkpt lat="48.678629" lon="12.705084">
        <ele>339.363697</ele>
      </trkpt>
      <trkpt lat="48.678760" lon="12.705567">
        <ele>339.459333</ele>
      </trkpt>
      <trkpt lat="48.678841" lon="12.705864">
        <ele>339.518186</ele>
      </trkpt>
      <trkpt lat="48.679107" lon="12.707036">
        <ele>339.959632</ele>
      </trkpt>
      <trkpt lat="48.679228" lon="12.708577">
        <ele>340.820263</ele>
      </trkpt>
      <trkpt lat="48.679220" lon="12.710114">
        <ele>342.132051</ele>
      </trkpt>
      <trkpt lat="48.679168" lon="12.711064">
        <ele>343.125461</ele>
      </trkpt>
      <trkpt lat="48.679129" lon="12.711910">
        <ele>344.037888</ele>
      </trkpt>
      <trkpt lat="48.679015" lon="12.713923">
        <ele>349.117871</ele>
      </trkpt>
      <trkpt lat="48.678919" lon="12.714142">
        <ele>349.778819</ele>
      </trkpt>
      <trkpt lat="48.678635" lon="12.714326">
        <ele>350.927551</ele>
      </trkpt>
      <trkpt lat="48.678577" lon="12.714362">
        <ele>351.109959</ele>
      </trkpt>
      <trkpt lat="48.678446" lon="12.714549">
        <ele>351.633821</ele>
      </trkpt>
      <trkpt lat="48.678449" lon="12.714753">
        <ele>352.025897</ele>
      </trkpt>
      <trkpt lat="48.678727" lon="12.715623">
        <ele>353.883029</ele>
      </trkpt>
      <trkpt lat="48.679050" lon="12.717068">
        <ele>356.192856</ele>
      </trkpt>
      <trkpt lat="48.679243" lon="12.718192">
        <ele>356.555145</ele>
      </trkpt>
      <trkpt lat="48.679447" lon="12.719007">
        <ele>356.827035</ele>
      </trkpt>
      <trkpt lat="48.680076" lon="12.720775">
        <ele>356.749538</ele>
      </trkpt>
      <trkpt lat="48.680382" lon="12.721462">
        <ele>356.665548</ele>
      </trkpt>
      <trkpt lat="48.681315" lon="12.723313">
        <ele>356.179030</ele>
      </trkpt>
      <trkpt lat="48.681781" lon="12.724588">
        <ele>355.417755</ele>
      </trkpt>
      <trkpt lat="48.681976" lon="12.725238">
        <ele>354.898295</ele>
      </trkpt>
      <trkpt lat="48.682086" lon="12.725810">
        <ele>354.464825</ele>
      </trkpt>
      <trkpt lat="48.682035" lon="12.726716">
        <ele>354.202893</ele>
      </trkpt>
      <trkpt lat="48.682112" lon="12.727204">
        <ele>354.387842</ele>
      </trkpt>
      <trkpt lat="48.682150" lon="12.727415">
        <ele>354.468461</ele>
      </trkpt>
      <trkpt lat="48.682163" lon="12.727600">
        <ele>354.537040</ele>
      </trkpt>
      <trkpt lat="48.682048" lon="12.727933">
        <ele>354.675566</ele>
      </trkpt>
      <trkpt lat="48.682035" lon="12.728156">
        <ele>354.758087</ele>
      </trkpt>
      <trkpt lat="48.682099" lon="12.728426">
        <ele>354.863832</ele>
      </trkpt>
      <trkpt lat="48.682536" lon="12.729203">
        <ele>355.268114</ele>
      </trkpt>
      <trkpt lat="48.682678" lon="12.729577">
        <ele>355.453788</ele>
      </trkpt>
      <trkpt lat="48.682781" lon="12.730207">
        <ele>355.733106</ele>
      </trkpt>
      <trkpt lat="48.683024" lon="12.731176">
        <ele>356.179195</ele>
      </trkpt>
      <trkpt lat="48.683520" lon="12.734597">
        <ele>351.351328</ele>
      </trkpt>
      <trkpt lat="48.683631" lon="12.735600">
        <ele>350.190065</ele>
      </trkpt>
      <trkpt lat="48.683856" lon="12.736328">
        <ele>349.272218</ele>
      </trkpt>
      <trkpt lat="48.683949" lon="12.736825">
        <ele>349.265775</ele>
      </trkpt>
      <trkpt lat="48.683921" lon="12.737235">
        <ele>349.805160</ele>
      </trkpt>
      <trkpt lat="48.683836" lon="12.737662">
        <ele>350.388776</ele>
      </trkpt>
      <trkpt lat="48.683825" lon="12.738084">
        <ele>350.941433</ele>
      </trkpt>
      <trkpt lat="48.683897" lon="12.738290">
        <ele>351.246448</ele>
      </trkpt>
      <trkpt lat="48.684303" lon="12.738886">
        <ele>352.367096</ele>
      </trkpt>
      <trkpt lat="48.684412" lon="12.739132">
        <ele>352.723080</ele>
      </trkpt>
      <trkpt lat="48.684416" lon="12.739401">
        <ele>353.027778</ele>
      </trkpt>
      <trkpt lat="48.684336" lon="12.740156">
        <ele>353.893696</ele>
      </trkpt>
      <trkpt lat="48.684674" lon="12.740970">
        <ele>354.982643</ele>
      </trkpt>
      <trkpt lat="48.684880" lon="12.741346">
        <ele>355.535945</ele>
      </trkpt>
      <trkpt lat="48.685125" lon="12.741667">
        <ele>355.287364</ele>
      </trkpt>
      <trkpt lat="48.685613" lon="12.742250">
        <ele>354.593649</ele>
      </trkpt>
      <trkpt lat="48.686308" lon="12.743613">
        <ele>353.578525</ele>
      </trkpt>
      <trkpt lat="48.686327" lon="12.743649">
        <ele>353.576243</ele>
      </trkpt>
      <trkpt lat="48.686760" lon="12.744629">
        <ele>353.517852</ele>
      </trkpt>
      <trkpt lat="48.687116" lon="12.746336">
        <ele>353.385706</ele>
      </trkpt>
      <trkpt lat="48.687103" lon="12.747490">
        <ele>353.252522</ele>
      </trkpt>
      <trkpt lat="48.687147" lon="12.748004">
        <ele>353.192714</ele>
      </trkpt>
      <trkpt lat="48.687295" lon="12.749247">
        <ele>352.676530</ele>
      </trkpt>
      <trkpt lat="48.687407" lon="12.749557">
        <ele>352.485531</ele>
      </trkpt>
      <trkpt lat="48.687468" lon="12.750079">
        <ele>352.199014</ele>
      </trkpt>
      <trkpt lat="48.687463" lon="12.750513">
        <ele>351.964409</ele>
      </trkpt>
      <trkpt lat="48.687401" lon="12.751207">
        <ele>351.716543</ele>
      </trkpt>
      <trkpt lat="48.687323" lon="12.751581">
        <ele>351.815497</ele>
      </trkpt>
      <trkpt lat="48.687156" lon="12.752085">
        <ele>351.957770</ele>
      </trkpt>
      <trkpt lat="48.686982" lon="12.753375">
        <ele>352.289954</ele>
      </trkpt>
      <trkpt lat="48.686893" lon="12.753743">
        <ele>352.354077</ele>
      </trkpt>
      <trkpt lat="48.686609" lon="12.754404">
        <ele>352.291981</ele>
      </trkpt>
      <trkpt lat="48.686563" lon="12.754723">
        <ele>352.266272</ele>
      </trkpt>
      <trkpt lat="48.686599" lon="12.755437">
        <ele>352.209890</ele>
      </trkpt>
      <trkpt lat="48.686760" lon="12.756426">
        <ele>352.008629</ele>
      </trkpt>
      <trkpt lat="48.686921" lon="12.756684">
        <ele>351.794128</ele>
      </trkpt>
      <trkpt lat="48.687210" lon="12.756927">
        <ele>351.491616</ele>
      </trkpt>
      <trkpt lat="48.687402" lon="12.757225">
        <ele>351.240032</ele>
      </trkpt>
      <trkpt lat="48.687563" lon="12.758125">
        <ele>350.676653</ele>
      </trkpt>
      <trkpt lat="48.687706" lon="12.758540">
        <ele>350.647539</ele>
      </trkpt>
      <trkpt lat="48.687760" lon="12.759002">
        <ele>351.030753</ele>
      </trkpt>
      <trkpt lat="48.687811" lon="12.759288">
        <ele>351.272720</ele>
      </trkpt>
      <trkpt lat="48.687899" lon="12.759603">
        <ele>351.552089</ele>
      </trkpt>
      <trkpt lat="48.687945" lon="12.759709">
        <ele>351.655697</ele>
      </trkpt>
      <trkpt lat="48.688180" lon="12.760263">
        <ele>352.193542</ele>
      </trkpt>
      <trkpt lat="48.688357" lon="12.760579">
        <ele>352.532022</ele>
      </trkpt>
      <trkpt lat="48.688548" lon="12.761056">
        <ele>352.892156</ele>
      </trkpt>
      <trkpt lat="48.689034" lon="12.762572">
        <ele>353.764204</ele>
      </trkpt>
      <trkpt lat="48.689209" lon="12.763302">
        <ele>354.022700</ele>
      </trkpt>
      <trkpt lat="48.689306" lon="12.763959">
        <ele>352.662316</ele>
      </trkpt>
      <trkpt lat="48.689345" lon="12.764679">
        <ele>351.202540</ele>
      </trkpt>
      <trkpt lat="48.689342" lon="12.765356">
        <ele>349.834512</ele>
      </trkpt>
      <trkpt lat="48.689279" lon="12.766034">
        <ele>348.418073</ele>
      </trkpt>
      <trkpt lat="48.689267" lon="12.767828">
        <ele>344.130788</ele>
      </trkpt>
      <trkpt lat="48.689375" lon="12.769604">
        <ele>341.752502</ele>
      </trkpt>
      <trkpt lat="48.689279" lon="12.770145">
        <ele>341.533826</ele>
      </trkpt>
      <trkpt lat="48.689176" lon="12.770865">
        <ele>341.246251</ele>
      </trkpt>
      <trkpt lat="48.689143" lon="12.771098">
        <ele>341.153230</ele>
      </trkpt>
      <trkpt lat="48.689137" lon="12.772154">
        <ele>343.194000</ele>
      </trkpt>
      <trkpt lat="48.689211" lon="12.773249">
        <ele>346.102635</ele>
      </trkpt>
      <trkpt lat="48.689084" lon="12.773880">
        <ele>347.845813</ele>
      </trkpt>
      <trkpt lat="48.689062" lon="12.774140">
        <ele>348.552079</ele>
      </trkpt>
      <trkpt lat="48.689073" lon="12.774359">
        <ele>349.160443</ele>
      </trkpt>
      <trkpt lat="48.689259" lon="12.775148">
        <ele>351.481071</ele>
      </trkpt>
      <trkpt lat="48.689233" lon="12.775535">
        <ele>352.558561</ele>
      </trkpt>
      <trkpt lat="48.689143" lon="12.775887">
        <ele>353.604145</ele>
      </trkpt>
      <trkpt lat="48.689124" lon="12.776061">
        <ele>354.092658</ele>
      </trkpt>
      <trkpt lat="48.689114" lon="12.776153">
        <ele>354.350921</ele>
      </trkpt>
      <trkpt lat="48.689114" lon="12.776394">
        <ele>355.018470</ele>
      </trkpt>
      <trkpt lat="48.689165" lon="12.776617">
        <ele>355.672177</ele>
      </trkpt>
      <trkpt lat="48.689313" lon="12.776857">
        <ele>355.678173</ele>
      </trkpt>
      <trkpt lat="48.689698" lon="12.777132">
        <ele>355.390766</ele>
      </trkpt>
      <trkpt lat="48.690038" lon="12.777441">
        <ele>355.123048</ele>
      </trkpt>
      <trkpt lat="48.691940" lon="12.779260">
        <ele>351.840506</ele>
      </trkpt>
      <trkpt lat="48.692294" lon="12.779795">
        <ele>351.351534</ele>
      </trkpt>
      <trkpt lat="48.692803" lon="12.780237">
        <ele>351.911159</ele>
      </trkpt>
      <trkpt lat="48.693423" lon="12.780778">
        <ele>352.593641</ele>
      </trkpt>
      <trkpt lat="48.693887" lon="12.781311">
        <ele>352.986427</ele>
      </trkpt>
      <trkpt lat="48.694073" lon="12.781880">
        <ele>353.108621</ele>
      </trkpt>
      <trkpt lat="48.694235" lon="12.783106">
        <ele>353.349239</ele>
      </trkpt>
      <trkpt lat="48.694421" lon="12.783917">
        <ele>353.226694</ele>
      </trkpt>
      <trkpt lat="48.694470" lon="12.784635">
        <ele>352.834338</ele>
      </trkpt>
      <trkpt lat="48.694384" lon="12.785165">
        <ele>352.537675</ele>
      </trkpt>
      <trkpt lat="48.694361" lon="12.786281">
        <ele>351.932623</ele>
      </trkpt>
      <trkpt lat="48.694418" lon="12.787389">
        <ele>351.369604</ele>
      </trkpt>
      <trkpt lat="48.694389" lon="12.788796">
        <ele>350.656466</ele>
      </trkpt>
      <trkpt lat="48.694072" lon="12.789740">
        <ele>349.820079</ele>
      </trkpt>
      <trkpt lat="48.694027" lon="12.790118">
        <ele>349.498031</ele>
      </trkpt>
      <trkpt lat="48.694059" lon="12.790678">
        <ele>349.026743</ele>
      </trkpt>
      <trkpt lat="48.694008" lon="12.791326">
        <ele>348.479578</ele>
      </trkpt>
      <trkpt lat="48.694004" lon="12.791809">
        <ele>347.500576</ele>
      </trkpt>
      <trkpt lat="48.693885" lon="12.792496">
        <ele>345.339670</ele>
      </trkpt>
      <trkpt lat="48.693875" lon="12.792969">
        <ele>343.899869</ele>
      </trkpt>
      <trkpt lat="48.693871" lon="12.793331">
        <ele>342.798360</ele>
      </trkpt>
      <trkpt lat="48.693966" lon="12.793374">
        <ele>342.341365</ele>
      </trkpt>
      <trkpt lat="48.694034" lon="12.793406">
        <ele>342.013171</ele>
      </trkpt>
      <trkpt lat="48.694277" lon="12.793510">
        <ele>340.849312</ele>
      </trkpt>
      <trkpt lat="48.695571" lon="12.794068">
        <ele>334.775670</ele>
      </trkpt>
      <trkpt lat="48.695787" lon="12.794164">
        <ele>333.762843</ele>
      </trkpt>
      <trkpt lat="48.695952" lon="12.794235">
        <ele>332.991077</ele>
      </trkpt>
      <trkpt lat="48.696043" lon="12.794496">
        <ele>332.114451</ele>
      </trkpt>
      <trkpt lat="48.696046" lon="12.794536">
        <ele>331.994893</ele>
      </trkpt>
      <trkpt lat="48.696068" lon="12.794837">
        <ele>331.723572</ele>
      </trkpt>
      <trkpt lat="48.696250" lon="12.795274">
        <ele>331.372461</ele>
      </trkpt>
      <trkpt lat="48.696212" lon="12.795586">
        <ele>331.156878</ele>
      </trkpt>
      <trkpt lat="48.696205" lon="12.795675">
        <ele>331.095975</ele>
      </trkpt>
      <trkpt lat="48.696156" lon="12.796253">
        <ele>330.699998</ele>
      </trkpt>
      <trkpt lat="48.696028" lon="12.797843">
        <ele>330.106786</ele>
      </trkpt>
      <trkpt lat="48.696144" lon="12.798519">
        <ele>330.158337</ele>
      </trkpt>
      <trkpt lat="48.696572" lon="12.799552">
        <ele>330.248353</ele>
      </trkpt>
      <trkpt lat="48.696639" lon="12.799718">
        <ele>330.269439</ele>
      </trkpt>
      <trkpt lat="48.696762" lon="12.800018">
        <ele>330.348210</ele>
      </trkpt>
      <trkpt lat="48.696828" lon="12.800068">
        <ele>330.373145</ele>
      </trkpt>
      <trkpt lat="48.696989" lon="12.799944">
        <ele>330.434176</ele>
      </trkpt>
      <trkpt lat="48.697762" lon="12.799301">
        <ele>330.732166</ele>
      </trkpt>
      <trkpt lat="48.698008" lon="12.799082">
        <ele>330.828581</ele>
      </trkpt>
      <trkpt lat="48.698237" lon="12.798883">
        <ele>330.870372</ele>
      </trkpt>
      <trkpt lat="48.698468" lon="12.798696">
        <ele>330.875955</ele>
      </trkpt>
      <trkpt lat="48.698483" lon="12.798595">
        <ele>330.877411</ele>
      </trkpt>
      <trkpt lat="48.698573" lon="12.798826">
        <ele>330.881185</ele>
      </trkpt>
      <trkpt lat="48.698601" lon="12.798969">
        <ele>330.883283</ele>
      </trkpt>
      <trkpt lat="48.698356" lon="12.799452">
        <ele>330.891853</ele>
      </trkpt>
      <trkpt lat="48.698273" lon="12.799824">
        <ele>330.897377</ele>
      </trkpt>
      <trkpt lat="48.698285" lon="12.800110">
        <ele>330.901408</ele>
      </trkpt>
      <trkpt lat="48.698365" lon="12.800530">
        <ele>330.878431</ele>
      </trkpt>
      <trkpt lat="48.698631" lon="12.801165">
        <ele>330.738031</ele>
      </trkpt>
      <trkpt lat="48.698971" lon="12.801680">
        <ele>330.602051</ele>
      </trkpt>
      <trkpt lat="48.699402" lon="12.802160">
        <ele>330.450759</ele>
      </trkpt>
      <trkpt lat="48.700461" lon="12.802967">
        <ele>330.527664</ele>
      </trkpt>
      <trkpt lat="48.701181" lon="12.803637">
        <ele>330.650637</ele>
      </trkpt>
      <trkpt lat="48.702087" lon="12.804598">
        <ele>331.115042</ele>
      </trkpt>
      <trkpt lat="48.702699" lon="12.805525">
        <ele>331.326898</ele>
      </trkpt>
      <trkpt lat="48.703180" lon="12.806169">
        <ele>331.140982</ele>
      </trkpt>
      <trkpt lat="48.703843" lon="12.806898">
        <ele>330.903715</ele>
      </trkpt>
      <trkpt lat="48.704200" lon="12.806984">
        <ele>330.880784</ele>
      </trkpt>
      <trkpt lat="48.704398" lon="12.806830">
        <ele>330.892973</ele>
      </trkpt>
      <trkpt lat="48.704584" lon="12.806672">
        <ele>330.904651</ele>
      </trkpt>
      <trkpt lat="48.705388" lon="12.807957">
        <ele>330.945166</ele>
      </trkpt>
      <trkpt lat="48.705384" lon="12.808272">
        <ele>330.843383</ele>
      </trkpt>
      <trkpt lat="48.705473" lon="12.808688">
        <ele>330.702103</ele>
      </trkpt>
      <trkpt lat="48.705885" lon="12.809617">
        <ele>330.340504</ele>
      </trkpt>
      <trkpt lat="48.706097" lon="12.810435">
        <ele>330.028336</ele>
      </trkpt>
      <trkpt lat="48.706250" lon="12.813454">
        <ele>328.313212</ele>
      </trkpt>
      <trkpt lat="48.706272" lon="12.814265">
        <ele>328.231577</ele>
      </trkpt>
      <trkpt lat="48.706189" lon="12.814803">
        <ele>328.176008</ele>
      </trkpt>
      <trkpt lat="48.706349" lon="12.817019">
        <ele>328.192528</ele>
      </trkpt>
      <trkpt lat="48.706598" lon="12.818718">
        <ele>328.332537</ele>
      </trkpt>
      <trkpt lat="48.706672" lon="12.818885">
        <ele>328.338075</ele>
      </trkpt>
      <trkpt lat="48.706734" lon="12.818927">
        <ele>328.340909</ele>
      </trkpt>
      <trkpt lat="48.706870" lon="12.818916">
        <ele>328.346591</ele>
      </trkpt>
      <trkpt lat="48.707052" lon="12.818901">
        <ele>328.354196</ele>
      </trkpt>
      <trkpt lat="48.707084" lon="12.818931">
        <ele>328.355766</ele>
      </trkpt>
      <trkpt lat="48.707114" lon="12.818982">
        <ele>328.357647</ele>
      </trkpt>
      <trkpt lat="48.707214" lon="12.819117">
        <ele>328.363235</ele>
      </trkpt>
      <trkpt lat="48.707252" lon="12.819195">
        <ele>328.365905</ele>
      </trkpt>
      <trkpt lat="48.707267" lon="12.819414">
        <ele>328.371967</ele>
      </trkpt>
      <trkpt lat="48.707138" lon="12.819794">
        <ele>328.383733</ele>
      </trkpt>
      <trkpt lat="48.707125" lon="12.819877">
        <ele>328.386082</ele>
      </trkpt>
      <trkpt lat="48.707137" lon="12.820041">
        <ele>328.390625</ele>
      </trkpt>
      <trkpt lat="48.707375" lon="12.820838">
        <ele>328.338003</ele>
      </trkpt>
      <trkpt lat="48.707436" lon="12.821059">
        <ele>328.310207</ele>
      </trkpt>
      <trkpt lat="48.707606" lon="12.821547">
        <ele>328.246179</ele>
      </trkpt>
      <trkpt lat="48.707805" lon="12.821906">
        <ele>328.191778</ele>
      </trkpt>
      <trkpt lat="48.708079" lon="12.822134">
        <ele>328.136815</ele>
      </trkpt>
      <trkpt lat="48.708394" lon="12.822228">
        <ele>328.072475</ele>
      </trkpt>
      <trkpt lat="48.708770" lon="12.822218">
        <ele>327.851967</ele>
      </trkpt>
      <trkpt lat="48.709074" lon="12.822261">
        <ele>327.672937</ele>
      </trkpt>
      <trkpt lat="48.709428" lon="12.822390">
        <ele>327.459446</ele>
      </trkpt>
      <trkpt lat="48.710200" lon="12.823141">
        <ele>326.991010</ele>
      </trkpt>
      <trkpt lat="48.710568" lon="12.823699">
        <ele>326.882956</ele>
      </trkpt>
      <trkpt lat="48.710818" lon="12.824332">
        <ele>326.781914</ele>
      </trkpt>
      <trkpt lat="48.710974" lon="12.825052">
        <ele>326.678119</ele>
      </trkpt>
      <trkpt lat="48.711048" lon="12.825587">
        <ele>326.690486</ele>
      </trkpt>
      <trkpt lat="48.711080" lon="12.826243">
        <ele>326.750118</ele>
      </trkpt>
      <trkpt lat="48.711015" lon="12.827316">
        <ele>326.847798</ele>
      </trkpt>
      <trkpt lat="48.711131" lon="12.827879">
        <ele>326.901267</ele>
      </trkpt>
      <trkpt lat="48.711466" lon="12.829149">
        <ele>327.116262</ele>
      </trkpt>
      <trkpt lat="48.711641" lon="12.830031">
        <ele>327.261829</ele>
      </trkpt>
      <trkpt lat="48.711640" lon="12.830413">
        <ele>327.322205</ele>
      </trkpt>
      <trkpt lat="48.711397" lon="12.831404">
        <ele>327.445511</ele>
      </trkpt>
      <trkpt lat="48.711383" lon="12.831631">
        <ele>327.471406</ele>
      </trkpt>
      <trkpt lat="48.711397" lon="12.831866">
        <ele>327.498206</ele>
      </trkpt>
      <trkpt lat="48.711522" lon="12.832318">
        <ele>327.553872</ele>
      </trkpt>
      <trkpt lat="48.711667" lon="12.832658">
        <ele>327.599853</ele>
      </trkpt>
      <trkpt lat="48.712390" lon="12.834351">
        <ele>327.709771</ele>
      </trkpt>
      <trkpt lat="48.713415" lon="12.836290">
        <ele>327.539635</ele>
      </trkpt>
      <trkpt lat="48.714738" lon="12.838408">
        <ele>326.858892</ele>
      </trkpt>
      <trkpt lat="48.716515" lon="12.840758">
        <ele>325.823056</ele>
      </trkpt>
      <trkpt lat="48.716743" lon="12.841055">
        <ele>325.751096</ele>
      </trkpt>
      <trkpt lat="48.716678" lon="12.841173">
        <ele>325.762346</ele>
      </trkpt>
      <trkpt lat="48.716608" lon="12.841306">
        <ele>325.774797</ele>
      </trkpt>
      <trkpt lat="48.715557" lon="12.843421">
        <ele>325.917432</ele>
      </trkpt>
      <trkpt lat="48.715489" lon="12.843559">
        <ele>325.908398</ele>
      </trkpt>
      <trkpt lat="48.715419" lon="12.843690">
        <ele>325.899556</ele>
      </trkpt>
      <trkpt lat="48.715761" lon="12.843944">
        <ele>325.869280</ele>
      </trkpt>
      <trkpt lat="48.716333" lon="12.844515">
        <ele>325.814832</ele>
      </trkpt>
      <trkpt lat="48.716967" lon="12.845065">
        <ele>325.806354</ele>
      </trkpt>
      <trkpt lat="48.717348" lon="12.845397">
        <ele>325.815798</ele>
      </trkpt>
      <trkpt lat="48.717623" lon="12.845445">
        <ele>325.821747</ele>
      </trkpt>
      <trkpt lat="48.717984" lon="12.845712">
        <ele>325.830379</ele>
      </trkpt>
      <trkpt lat="48.718254" lon="12.845962">
        <ele>325.966630</ele>
      </trkpt>
      <trkpt lat="48.718456" lon="12.846236">
        <ele>326.249120</ele>
      </trkpt>
      <trkpt lat="48.719939" lon="12.847369">
        <ele>327.865551</ele>
      </trkpt>
      <trkpt lat="48.721004" lon="12.847887">
        <ele>328.539794</ele>
      </trkpt>
      <trkpt lat="48.722034" lon="12.848156">
        <ele>328.445673</ele>
      </trkpt>
      <trkpt lat="48.722648" lon="12.848231">
        <ele>328.103304</ele>
      </trkpt>
      <trkpt lat="48.723626" lon="12.848185">
        <ele>327.509269</ele>
      </trkpt>
      <trkpt lat="48.724403" lon="12.848035">
        <ele>326.980493</ele>
      </trkpt>
      <trkpt lat="48.725618" lon="12.847678">
        <ele>326.570182</ele>
      </trkpt>
      <trkpt lat="48.726292" lon="12.847393">
        <ele>326.560432</ele>
      </trkpt>
      <trkpt lat="48.726814" lon="12.847289">
        <ele>326.546287</ele>
      </trkpt>
      <trkpt lat="48.727756" lon="12.847221">
        <ele>326.442273</ele>
      </trkpt>
      <trkpt lat="48.728232" lon="12.847357">
        <ele>326.388850</ele>
      </trkpt>
      <trkpt lat="48.729188" lon="12.847764">
        <ele>325.791253</ele>
      </trkpt>
      <trkpt lat="48.729762" lon="12.848142">
        <ele>325.281122</ele>
      </trkpt>
      <trkpt lat="48.729802" lon="12.848180">
        <ele>325.242643</ele>
      </trkpt>
      <trkpt lat="48.729829" lon="12.848206">
        <ele>325.216570</ele>
      </trkpt>
      <trkpt lat="48.730167" lon="12.848528">
        <ele>324.891169</ele>
      </trkpt>
      <trkpt lat="48.730400" lon="12.848793">
        <ele>324.989084</ele>
      </trkpt>
      <trkpt lat="48.731020" lon="12.849499">
        <ele>325.255893</ele>
      </trkpt>
      <trkpt lat="48.731961" lon="12.851027">
        <ele>326.104022</ele>
      </trkpt>
      <trkpt lat="48.732371" lon="12.851583">
        <ele>326.612034</ele>
      </trkpt>
      <trkpt lat="48.732500" lon="12.851722">
        <ele>326.758191</ele>
      </trkpt>
      <trkpt lat="48.732884" lon="12.852133">
        <ele>327.173474</ele>
      </trkpt>
      <trkpt lat="48.733538" lon="12.852723">
        <ele>327.295368</ele>
      </trkpt>
      <trkpt lat="48.733652" lon="12.852826">
        <ele>327.316624</ele>
      </trkpt>
      <trkpt lat="48.734189" lon="12.853190">
        <ele>327.410840</ele>
      </trkpt>
      <trkpt lat="48.735008" lon="12.853532">
        <ele>327.141911</ele>
      </trkpt>
      <trkpt lat="48.735757" lon="12.853697">
        <ele>326.713265</ele>
      </trkpt>
      <trkpt lat="48.736590" lon="12.853697">
        <ele>326.126653</ele>
      </trkpt>
      <trkpt lat="48.737569" lon="12.853497">
        <ele>325.241810</ele>
      </trkpt>
      <trkpt lat="48.738127" lon="12.853312">
        <ele>324.892018</ele>
      </trkpt>
      <trkpt lat="48.738920" lon="12.853048">
        <ele>325.369616</ele>
      </trkpt>
      <trkpt lat="48.739881" lon="12.852804">
        <ele>325.973939</ele>
      </trkpt>
      <trkpt lat="48.740503" lon="12.852719">
        <ele>326.542465</ele>
      </trkpt>
      <trkpt lat="48.741105" lon="12.852776">
        <ele>327.091557</ele>
      </trkpt>
      <trkpt lat="48.741651" lon="12.852983">
        <ele>327.574930</ele>
      </trkpt>
      <trkpt lat="48.742233" lon="12.853334">
        <ele>327.940149</ele>
      </trkpt>
      <trkpt lat="48.742727" lon="12.853700">
        <ele>328.260743</ele>
      </trkpt>
      <trkpt lat="48.743281" lon="12.854325">
        <ele>328.547141</ele>
      </trkpt>
      <trkpt lat="48.743516" lon="12.854610">
        <ele>328.499168</ele>
      </trkpt>
      <trkpt lat="48.743942" lon="12.855298">
        <ele>328.399951</ele>
      </trkpt>
      <trkpt lat="48.745383" lon="12.858687">
        <ele>326.291453</ele>
      </trkpt>
      <trkpt lat="48.745988" lon="12.859530">
        <ele>325.305372</ele>
      </trkpt>
      <trkpt lat="48.746462" lon="12.860197">
        <ele>324.529302</ele>
      </trkpt>
      <trkpt lat="48.746838" lon="12.860563">
        <ele>324.160734</ele>
      </trkpt>
      <trkpt lat="48.747052" lon="12.860772">
        <ele>324.020706</ele>
      </trkpt>
      <trkpt lat="48.747893" lon="12.861465">
        <ele>323.494162</ele>
      </trkpt>
      <trkpt lat="48.750189" lon="12.862808">
        <ele>323.264918</ele>
      </trkpt>
      <trkpt lat="48.751004" lon="12.863350">
        <ele>323.506790</ele>
      </trkpt>
      <trkpt lat="48.751513" lon="12.863688">
        <ele>323.657812</ele>
      </trkpt>
      <trkpt lat="48.751856" lon="12.863974">
        <ele>323.707805</ele>
      </trkpt>
      <trkpt lat="48.752029" lon="12.864119">
        <ele>323.731521</ele>
      </trkpt>
      <trkpt lat="48.752917" lon="12.864861">
        <ele>323.853168</ele>
      </trkpt>
      <trkpt lat="48.753407" lon="12.865270">
        <ele>323.987920</ele>
      </trkpt>
      <trkpt lat="48.755370" lon="12.866910">
        <ele>324.730588</ele>
      </trkpt>
      <trkpt lat="48.755860" lon="12.867320">
        <ele>324.931103</ele>
      </trkpt>
      <trkpt lat="48.757040" lon="12.868306">
        <ele>325.291806</ele>
      </trkpt>
      <trkpt lat="48.758318" lon="12.869374">
        <ele>325.553111</ele>
      </trkpt>
      <trkpt lat="48.758753" lon="12.869737">
        <ele>325.607391</ele>
      </trkpt>
      <trkpt lat="48.760018" lon="12.870794">
        <ele>325.469255</ele>
      </trkpt>
      <trkpt lat="48.760594" lon="12.871159">
        <ele>325.272273</ele>
      </trkpt>
      <trkpt lat="48.760842" lon="12.871422">
        <ele>325.176788</ele>
      </trkpt>
      <trkpt lat="48.760997" lon="12.871518">
        <ele>325.123957</ele>
      </trkpt>
      <trkpt lat="48.761107" lon="12.871540">
        <ele>325.129450</ele>
      </trkpt>
      <trkpt lat="48.761207" lon="12.871672">
        <ele>325.139603</ele>
      </trkpt>
      <trkpt lat="48.761313" lon="12.871797">
        <ele>325.149887</ele>
      </trkpt>
      <trkpt lat="48.762120" lon="12.872140">
        <ele>325.214081</ele>
      </trkpt>
      <trkpt lat="48.762326" lon="12.872344">
        <ele>325.232924</ele>
      </trkpt>
      <trkpt lat="48.762383" lon="12.872401">
        <ele>325.238153</ele>
      </trkpt>
      <trkpt lat="48.762705" lon="12.872720">
        <ele>325.323834</ele>
      </trkpt>
      <trkpt lat="48.762776" lon="12.872790">
        <ele>325.374241</ele>
      </trkpt>
      <trkpt lat="48.764108" lon="12.874132">
        <ele>326.326103</ele>
      </trkpt>
      <trkpt lat="48.765095" lon="12.875413">
        <ele>326.097834</ele>
      </trkpt>
      <trkpt lat="48.765796" lon="12.876562">
        <ele>325.479698</ele>
      </trkpt>
      <trkpt lat="48.765951" lon="12.876814">
        <ele>325.251854</ele>
      </trkpt>
      <trkpt lat="48.767201" lon="12.878853">
        <ele>323.427093</ele>
      </trkpt>
      <trkpt lat="48.767245" lon="12.878950">
        <ele>323.350823</ele>
      </trkpt>
      <trkpt lat="48.767184" lon="12.878655">
        <ele>323.150564</ele>
      </trkpt>
      <trkpt lat="48.767109" lon="12.878455">
        <ele>323.001522</ele>
      </trkpt>
      <trkpt lat="48.767542" lon="12.879110">
        <ele>322.428339</ele>
      </trkpt>
      <trkpt lat="48.767616" lon="12.879233">
        <ele>322.406141</ele>
      </trkpt>
      <trkpt lat="48.768024" lon="12.879910">
        <ele>322.283870</ele>
      </trkpt>
      <trkpt lat="48.770013" lon="12.883158">
        <ele>322.218749</ele>
      </trkpt>
      <trkpt lat="48.770074" lon="12.883258">
        <ele>322.188268</ele>
      </trkpt>
      <trkpt lat="48.770344" lon="12.883708">
        <ele>322.052139</ele>
      </trkpt>
      <trkpt lat="48.770439" lon="12.883791">
        <ele>322.014931</ele>
      </trkpt>
      <trkpt lat="48.770711" lon="12.883991">
        <ele>321.912342</ele>
      </trkpt>
      <trkpt lat="48.770791" lon="12.884178">
        <ele>321.862471</ele>
      </trkpt>
      <trkpt lat="48.770910" lon="12.884368">
        <ele>321.803839</ele>
      </trkpt>
      <trkpt lat="48.770791" lon="12.884178">
        <ele>321.745207</ele>
      </trkpt>
      <trkpt lat="48.770711" lon="12.883991">
        <ele>321.695336</ele>
      </trkpt>
      <trkpt lat="48.770439" lon="12.883791">
        <ele>321.539067</ele>
      </trkpt>
      <trkpt lat="48.770344" lon="12.883708">
        <ele>321.453013</ele>
      </trkpt>
      <trkpt lat="48.770188" lon="12.883571">
        <ele>321.311521</ele>
      </trkpt>
      <trkpt lat="48.770093" lon="12.883437">
        <ele>321.209699</ele>
      </trkpt>
      <trkpt lat="48.769981" lon="12.883636">
        <ele>321.074311</ele>
      </trkpt>
      <trkpt lat="48.769811" lon="12.884016">
        <ele>320.836695</ele>
      </trkpt>
      <trkpt lat="48.769758" lon="12.884200">
        <ele>320.732804</ele>
      </trkpt>
      <trkpt lat="48.769716" lon="12.884366">
        <ele>320.640808</ele>
      </trkpt>
      <trkpt lat="48.769687" lon="12.884576">
        <ele>320.529800</ele>
      </trkpt>
      <trkpt lat="48.769716" lon="12.885485">
        <ele>320.231474</ele>
      </trkpt>
      <trkpt lat="48.769761" lon="12.885637">
        <ele>320.236642</ele>
      </trkpt>
      <trkpt lat="48.769846" lon="12.885580">
        <ele>320.241015</ele>
      </trkpt>
      <trkpt lat="48.770388" lon="12.885583">
        <ele>320.266519</ele>
      </trkpt>
      <trkpt lat="48.770471" lon="12.885617">
        <ele>320.270565</ele>
      </trkpt>
      <trkpt lat="48.770550" lon="12.885649">
        <ele>320.274412</ele>
      </trkpt>
      <trkpt lat="48.770709" lon="12.885761">
        <ele>320.282661</ele>
      </trkpt>
      <trkpt lat="48.770788" lon="12.885823">
        <ele>320.286847</ele>
      </trkpt>
      <trkpt lat="48.770944" lon="12.885658">
        <ele>320.295795</ele>
      </trkpt>
      <trkpt lat="48.771052" lon="12.885301">
        <ele>320.322285</ele>
      </trkpt>
      <trkpt lat="48.771982" lon="12.882776">
        <ele>321.184973</ele>
      </trkpt>
      <trkpt lat="48.772716" lon="12.880785">
        <ele>321.691724</ele>
      </trkpt>
      <trkpt lat="48.772798" lon="12.880623">
        <ele>321.737098</ele>
      </trkpt>
      <trkpt lat="48.772814" lon="12.880579">
        <ele>321.735453</ele>
      </trkpt>
      <trkpt lat="48.772840" lon="12.880622">
        <ele>321.715210</ele>
      </trkpt>
      <trkpt lat="48.773016" lon="12.880909">
        <ele>321.579220</ele>
      </trkpt>
      <trkpt lat="48.773167" lon="12.881272">
        <ele>321.430314</ele>
      </trkpt>
      <trkpt lat="48.773683" lon="12.882453">
        <ele>320.938791</ele>
      </trkpt>
      <trkpt lat="48.773686" lon="12.882505">
        <ele>320.920684</ele>
      </trkpt>
      <trkpt lat="48.773677" lon="12.882918">
        <ele>320.796865</ele>
      </trkpt>
      <trkpt lat="48.773735" lon="12.883033">
        <ele>320.797706</ele>
      </trkpt>
      <trkpt lat="48.773775" lon="12.883074">
        <ele>320.798131</ele>
      </trkpt>
      <trkpt lat="48.773809" lon="12.883105">
        <ele>320.798480</ele>
      </trkpt>
      <trkpt lat="48.773887" lon="12.883164">
        <ele>320.799248</ele>
      </trkpt>
      <trkpt lat="48.774004" lon="12.883282">
        <ele>320.800485</ele>
      </trkpt>
      <trkpt lat="48.774285" lon="12.883878">
        <ele>320.804737</ele>
      </trkpt>
      <trkpt lat="48.774366" lon="12.884051">
        <ele>320.805969</ele>
      </trkpt>
      <trkpt lat="48.774834" lon="12.884835">
        <ele>320.812107</ele>
      </trkpt>
      <trkpt lat="48.774940" lon="12.885201">
        <ele>320.978201</ele>
      </trkpt>
      <trkpt lat="48.775064" lon="12.885558">
        <ele>321.168088</ele>
      </trkpt>
      <trkpt lat="48.775365" lon="12.886240">
        <ele>321.554313</ele>
      </trkpt>
      <trkpt lat="48.775584" lon="12.886999">
        <ele>321.944181</ele>
      </trkpt>
      <trkpt lat="48.775960" lon="12.887793">
        <ele>322.114812</ele>
      </trkpt>
      <trkpt lat="48.776531" lon="12.888908">
        <ele>322.154109</ele>
      </trkpt>
      <trkpt lat="48.777385" lon="12.890780">
        <ele>322.282449</ele>
      </trkpt>
      <trkpt lat="48.778009" lon="12.892145">
        <ele>322.168421</ele>
      </trkpt>
      <trkpt lat="48.779225" lon="12.894763">
        <ele>320.920593</ele>
      </trkpt>
      <trkpt lat="48.779483" lon="12.895326">
        <ele>320.593139</ele>
      </trkpt>
      <trkpt lat="48.780005" lon="12.896556">
        <ele>319.978250</ele>
      </trkpt>
      <trkpt lat="48.780407" lon="12.897845">
        <ele>319.569867</ele>
      </trkpt>
      <trkpt lat="48.780666" lon="12.899102">
        <ele>319.253934</ele>
      </trkpt>
      <trkpt lat="48.780671" lon="12.899126">
        <ele>319.250138</ele>
      </trkpt>
      <trkpt lat="48.780666" lon="12.899102">
        <ele>319.246343</ele>
      </trkpt>
      <trkpt lat="48.780603" lon="12.899847">
        <ele>319.133090</ele>
      </trkpt>
      <trkpt lat="48.780487" lon="12.901052">
        <ele>318.949471</ele>
      </trkpt>
      <trkpt lat="48.780346" lon="12.902026">
        <ele>319.004234</ele>
      </trkpt>
      <trkpt lat="48.780200" lon="12.902527">
        <ele>319.073819</ele>
      </trkpt>
      <trkpt lat="48.780020" lon="12.903610">
        <ele>319.215695</ele>
      </trkpt>
      <trkpt lat="48.779666" lon="12.904475">
        <ele>319.922431</ele>
      </trkpt>
      <trkpt lat="48.779668" lon="12.904579">
        <ele>320.022486</ele>
      </trkpt>
      <trkpt lat="48.779716" lon="12.904815">
        <ele>320.260003</ele>
      </trkpt>
      <trkpt lat="48.780160" lon="12.906278">
        <ele>321.808949</ele>
      </trkpt>
      <trkpt lat="48.780359" lon="12.906806">
        <ele>322.175607</ele>
      </trkpt>
      <trkpt lat="48.780821" lon="12.907708">
        <ele>322.805706</ele>
      </trkpt>
      <trkpt lat="48.781173" lon="12.908296">
        <ele>323.243854</ele>
      </trkpt>
      <trkpt lat="48.781701" lon="12.908958">
        <ele>323.148420</ele>
      </trkpt>
      <trkpt lat="48.782734" lon="12.909985">
        <ele>322.573130</ele>
      </trkpt>
      <trkpt lat="48.782797" lon="12.909998">
        <ele>322.547846</ele>
      </trkpt>
      <trkpt lat="48.782787" lon="12.910190">
        <ele>322.530715</ele>
      </trkpt>
      <trkpt lat="48.783481" lon="12.911488">
        <ele>322.382037</ele>
      </trkpt>
      <trkpt lat="48.783753" lon="12.912159">
        <ele>322.311965</ele>
      </trkpt>
      <trkpt lat="48.783973" lon="12.912835">
        <ele>322.276771</ele>
      </trkpt>
      <trkpt lat="48.784404" lon="12.914804">
        <ele>322.171506</ele>
      </trkpt>
      <trkpt lat="48.784483" lon="12.915815">
        <ele>321.738861</ele>
      </trkpt>
      <trkpt lat="48.784476" lon="12.916757">
        <ele>321.338524</ele>
      </trkpt>
      <trkpt lat="48.784418" lon="12.918089">
        <ele>320.854188</ele>
      </trkpt>
      <trkpt lat="48.784327" lon="12.918779">
        <ele>320.651401</ele>
      </trkpt>
      <trkpt lat="48.784209" lon="12.919397">
        <ele>320.465980</ele>
      </trkpt>
      <trkpt lat="48.783291" lon="12.922854">
        <ele>319.982606</ele>
      </trkpt>
      <trkpt lat="48.783286" lon="12.922871">
        <ele>319.980247</ele>
      </trkpt>
      <trkpt lat="48.783207" lon="12.923751">
        <ele>319.867692</ele>
      </trkpt>
      <trkpt lat="48.783156" lon="12.925117">
        <ele>319.694297</ele>
      </trkpt>
      <trkpt lat="48.783172" lon="12.925805">
        <ele>319.600503</ele>
      </trkpt>
      <trkpt lat="48.783492" lon="12.928327">
        <ele>319.295101</ele>
      </trkpt>
      <trkpt lat="48.783600" lon="12.928620">
        <ele>319.313018</ele>
      </trkpt>
      <trkpt lat="48.783590" lon="12.929135">
        <ele>319.340515</ele>
      </trkpt>
      <trkpt lat="48.783563" lon="12.930028">
        <ele>319.388224</ele>
      </trkpt>
      <trkpt lat="48.783464" lon="12.930836">
        <ele>319.458671</ele>
      </trkpt>
      <trkpt lat="48.783251" lon="12.931920">
        <ele>319.749647</ele>
      </trkpt>
      <trkpt lat="48.782923" lon="12.933052">
        <ele>320.067747</ele>
      </trkpt>
      <trkpt lat="48.782481" lon="12.934214">
        <ele>320.319874</ele>
      </trkpt>
      <trkpt lat="48.781846" lon="12.935238">
        <ele>320.563782</ele>
      </trkpt>
      <trkpt lat="48.781281" lon="12.935991">
        <ele>320.583086</ele>
      </trkpt>
      <trkpt lat="48.780360" lon="12.937706">
        <ele>320.369819</ele>
      </trkpt>
      <trkpt lat="48.779880" lon="12.939027">
        <ele>319.712608</ele>
      </trkpt>
      <trkpt lat="48.779629" lon="12.939836">
        <ele>319.321084</ele>
      </trkpt>
      <trkpt lat="48.779617" lon="12.940078">
        <ele>319.209689</ele>
      </trkpt>
      <trkpt lat="48.779609" lon="12.940248">
        <ele>319.131458</ele>
      </trkpt>
      <trkpt lat="48.779643" lon="12.940344">
        <ele>319.081432</ele>
      </trkpt>
      <trkpt lat="48.779731" lon="12.940493">
        <ele>318.989589</ele>
      </trkpt>
      <trkpt lat="48.779750" lon="12.940562">
        <ele>318.955263</ele>
      </trkpt>
      <trkpt lat="48.779741" lon="12.941568">
        <ele>318.493456</ele>
      </trkpt>
      <trkpt lat="48.779769" lon="12.942250">
        <ele>318.179804</ele>
      </trkpt>
      <trkpt lat="48.779852" lon="12.942881">
        <ele>317.982610</ele>
      </trkpt>
      <trkpt lat="48.779903" lon="12.943402">
        <ele>317.847641</ele>
      </trkpt>
      <trkpt lat="48.780140" lon="12.944300">
        <ele>317.599764</ele>
      </trkpt>
      <trkpt lat="48.780341" lon="12.944622">
        <ele>317.486110</ele>
      </trkpt>
      <trkpt lat="48.780628" lon="12.945384">
        <ele>317.312896</ele>
      </trkpt>
      <trkpt lat="48.781253" lon="12.946362">
        <ele>317.087376</ele>
      </trkpt>
      <trkpt lat="48.781675" lon="12.947433">
        <ele>317.042368</ele>
      </trkpt>
      <trkpt lat="48.782582" lon="12.948602">
        <ele>317.391052</ele>
      </trkpt>
      <trkpt lat="48.783304" lon="12.949356">
        <ele>317.410537</ele>
      </trkpt>
      <trkpt lat="48.784158" lon="12.950169">
        <ele>317.282164</ele>
      </trkpt>
      <trkpt lat="48.786886" lon="12.951992">
        <ele>315.455646</ele>
      </trkpt>
      <trkpt lat="48.787396" lon="12.952378">
        <ele>315.168280</ele>
      </trkpt>
      <trkpt lat="48.787864" lon="12.952812">
        <ele>315.197667</ele>
      </trkpt>
      <trkpt lat="48.788711" lon="12.953714">
        <ele>315.823635</ele>
      </trkpt>
      <trkpt lat="48.788929" lon="12.954000">
        <ele>315.997960</ele>
      </trkpt>
      <trkpt lat="48.789035" lon="12.954160">
        <ele>316.088400</ele>
      </trkpt>
      <trkpt lat="48.789166" lon="12.954229">
        <ele>316.160856</ele>
      </trkpt>
      <trkpt lat="48.789199" lon="12.954246">
        <ele>316.177419</ele>
      </trkpt>
      <trkpt lat="48.789301" lon="12.954087">
        <ele>316.246911</ele>
      </trkpt>
      <trkpt lat="48.789375" lon="12.954206">
        <ele>316.298151</ele>
      </trkpt>
      <trkpt lat="48.789608" lon="12.954738">
        <ele>316.498187</ele>
      </trkpt>
      <trkpt lat="48.790192" lon="12.955885">
        <ele>316.952102</ele>
      </trkpt>
      <trkpt lat="48.790403" lon="12.956206">
        <ele>316.833596</ele>
      </trkpt>
      <trkpt lat="48.790530" lon="12.956481">
        <ele>316.710976</ele>
      </trkpt>
      <trkpt lat="48.790723" lon="12.956900">
        <ele>316.524307</ele>
      </trkpt>
      <trkpt lat="48.791332" lon="12.958661">
        <ele>315.960417</ele>
      </trkpt>
      <trkpt lat="48.791750" lon="12.960259">
        <ele>315.902204</ele>
      </trkpt>
      <trkpt lat="48.791859" lon="12.960582">
        <ele>315.889916</ele>
      </trkpt>
      <trkpt lat="48.792336" lon="12.961537">
        <ele>316.311847</ele>
      </trkpt>
      <trkpt lat="48.792655" lon="12.962002">
        <ele>316.587549</ele>
      </trkpt>
      <trkpt lat="48.792831" lon="12.962328">
        <ele>316.760642</ele>
      </trkpt>
      <trkpt lat="48.793157" lon="12.962667">
        <ele>317.005510</ele>
      </trkpt>
      <trkpt lat="48.793446" lon="12.963147">
        <ele>316.938955</ele>
      </trkpt>
      <trkpt lat="48.793478" lon="12.963200">
        <ele>316.931597</ele>
      </trkpt>
      <trkpt lat="48.793668" lon="12.963328">
        <ele>316.899301</ele>
      </trkpt>
      <trkpt lat="48.793769" lon="12.963426">
        <ele>316.880677</ele>
      </trkpt>
      <trkpt lat="48.793922" lon="12.963575">
        <ele>316.852435</ele>
      </trkpt>
      <trkpt lat="48.794798" lon="12.964080">
        <ele>316.654965</ele>
      </trkpt>
      <trkpt lat="48.795563" lon="12.964298">
        <ele>316.212343</ele>
      </trkpt>
      <trkpt lat="48.796513" lon="12.964321">
        <ele>315.673833</ele>
      </trkpt>
      <trkpt lat="48.797463" lon="12.964112">
        <ele>315.158881</ele>
      </trkpt>
      <trkpt lat="48.798283" lon="12.964048">
        <ele>314.729476</ele>
      </trkpt>
      <trkpt lat="48.798821" lon="12.964104">
        <ele>314.598250</ele>
      </trkpt>
      <trkpt lat="48.799600" lon="12.964330">
        <ele>314.405255</ele>
      </trkpt>
      <trkpt lat="48.799990" lon="12.964501">
        <ele>314.306472</ele>
      </trkpt>
      <trkpt lat="48.800265" lon="12.964662">
        <ele>314.525734</ele>
      </trkpt>
      <trkpt lat="48.800599" lon="12.964858">
        <ele>314.821467</ele>
      </trkpt>
      <trkpt lat="48.801406" lon="12.965481">
        <ele>315.569170</ele>
      </trkpt>
      <trkpt lat="48.802246" lon="12.966541">
        <ele>315.938104</ele>
      </trkpt>
      <trkpt lat="48.802680" lon="12.967299">
        <ele>316.059101</ele>
      </trkpt>
      <trkpt lat="48.802822" lon="12.967492">
        <ele>316.093960</ele>
      </trkpt>
      <trkpt lat="48.802903" lon="12.967519">
        <ele>316.109128</ele>
      </trkpt>
      <trkpt lat="48.803051" lon="12.967512">
        <ele>315.975129</ele>
      </trkpt>
      <trkpt lat="48.803132" lon="12.967213">
        <ele>315.712319</ele>
      </trkpt>
      <trkpt lat="48.803175" lon="12.966652">
        <ele>315.253210</ele>
      </trkpt>
      <trkpt lat="48.803212" lon="12.966212">
        <ele>314.892635</ele>
      </trkpt>
      <trkpt lat="48.803197" lon="12.966076">
        <ele>314.780543</ele>
      </trkpt>
      <trkpt lat="48.802983" lon="12.965697">
        <ele>314.374744</ele>
      </trkpt>
      <trkpt lat="48.802846" lon="12.965245">
        <ele>313.970278</ele>
      </trkpt>
      <trkpt lat="48.802634" lon="12.964877">
        <ele>313.753678</ele>
      </trkpt>
      <trkpt lat="48.802564" lon="12.964510">
        <ele>313.617118</ele>
      </trkpt>
      <trkpt lat="48.802217" lon="12.964101">
        <ele>313.378736</ele>
      </trkpt>
      <trkpt lat="48.802174" lon="12.963958">
        <ele>313.322551</ele>
      </trkpt>
      <trkpt lat="48.802184" lon="12.963830">
        <ele>313.276481</ele>
      </trkpt>
      <trkpt lat="48.802416" lon="12.963227">
        <ele>313.026882</ele>
      </trkpt>
      <trkpt lat="48.802492" lon="12.962927">
        <ele>312.923191</ele>
      </trkpt>
      <trkpt lat="48.802657" lon="12.962290">
        <ele>313.041277</ele>
      </trkpt>
      <trkpt lat="48.802690" lon="12.962531">
        <ele>313.083743</ele>
      </trkpt>
      <trkpt lat="48.802761" lon="12.962968">
        <ele>313.161393</ele>
      </trkpt>
      <trkpt lat="48.804356" lon="12.964257">
        <ele>313.425748</ele>
      </trkpt>
      <trkpt lat="48.804624" lon="12.964603">
        <ele>313.439000</ele>
      </trkpt>
      <trkpt lat="48.804695" lon="12.964810">
        <ele>313.444791</ele>
      </trkpt>
      <trkpt lat="48.804742" lon="12.964945">
        <ele>313.448579</ele>
      </trkpt>
      <trkpt lat="48.804752" lon="12.965264">
        <ele>313.456503</ele>
      </trkpt>
      <trkpt lat="48.804709" lon="12.965435">
        <ele>313.415253</ele>
      </trkpt>
      <trkpt lat="48.804719" lon="12.965730">
        <ele>313.295142</ele>
      </trkpt>
      <trkpt lat="48.804785" lon="12.965900">
        <ele>313.214901</ele>
      </trkpt>
      <trkpt lat="48.805038" lon="12.966046">
        <ele>313.047805</ele>
      </trkpt>
      <trkpt lat="48.805732" lon="12.966370">
        <ele>312.599551</ele>
      </trkpt>
      <trkpt lat="48.806264" lon="12.966552">
        <ele>312.293710</ele>
      </trkpt>
      <trkpt lat="48.806830" lon="12.966168">
        <ele>312.049651</ele>
      </trkpt>
      <trkpt lat="48.807312" lon="12.966095">
        <ele>311.858952</ele>
      </trkpt>
      <trkpt lat="48.807779" lon="12.966174">
        <ele>311.673963</ele>
      </trkpt>
      <trkpt lat="48.808100" lon="12.966153">
        <ele>311.724902</ele>
      </trkpt>
      <trkpt lat="48.810778" lon="12.965099">
        <ele>312.988702</ele>
      </trkpt>
      <trkpt lat="48.810895" lon="12.964946">
        <ele>313.078229</ele>
      </trkpt>
      <trkpt lat="48.810985" lon="12.964710">
        <ele>313.182361</ele>
      </trkpt>
      <trkpt lat="48.811046" lon="12.964657">
        <ele>313.223110</ele>
      </trkpt>
      <trkpt lat="48.811228" lon="12.964130">
        <ele>313.374874</ele>
      </trkpt>
      <trkpt lat="48.811370" lon="12.964250">
        <ele>313.407814</ele>
      </trkpt>
      <trkpt lat="48.811491" lon="12.964351">
        <ele>313.435802</ele>
      </trkpt>
      <trkpt lat="48.811592" lon="12.964428">
        <ele>313.458710</ele>
      </trkpt>
      <trkpt lat="48.811736" lon="12.964463">
        <ele>313.488270</ele>
      </trkpt>
      <trkpt lat="48.811870" lon="12.964455">
        <ele>313.515453</ele>
      </trkpt>
      <trkpt lat="48.812248" lon="12.964257">
        <ele>313.596504</ele>
      </trkpt>
      <trkpt lat="48.812831" lon="12.963606">
        <ele>313.601062</ele>
      </trkpt>
      <trkpt lat="48.812950" lon="12.963522">
        <ele>313.542297</ele>
      </trkpt>
      <trkpt lat="48.813045" lon="12.963518">
        <ele>313.499738</ele>
      </trkpt>
      <trkpt lat="48.813120" lon="12.963553">
        <ele>313.464602</ele>
      </trkpt>
      <trkpt lat="48.813166" lon="12.963581">
        <ele>313.442409</ele>
      </trkpt>
      <trkpt lat="48.813322" lon="12.963677">
        <ele>313.367032</ele>
      </trkpt>
      <trkpt lat="48.813405" lon="12.963728">
        <ele>313.326936</ele>
      </trkpt>
      <trkpt lat="48.813432" lon="12.963737">
        <ele>313.314558</ele>
      </trkpt>
      <trkpt lat="48.814732" lon="12.963857">
        <ele>312.707591</ele>
      </trkpt>
      <trkpt lat="48.815958" lon="12.963359">
        <ele>312.056067</ele>
      </trkpt>
      <trkpt lat="48.816148" lon="12.963295">
        <ele>311.964488</ele>
      </trkpt>
      <trkpt lat="48.816518" lon="12.963067">
        <ele>311.882278</ele>
      </trkpt>
      <trkpt lat="48.816742" lon="12.962800">
        <ele>311.823651</ele>
      </trkpt>
      <trkpt lat="48.817083" lon="12.962441">
        <ele>311.738224</ele>
      </trkpt>
      <trkpt lat="48.817648" lon="12.961462">
        <ele>311.656677</ele>
      </trkpt>
      <trkpt lat="48.818513" lon="12.959746">
        <ele>312.095426</ele>
      </trkpt>
      <trkpt lat="48.818684" lon="12.959513">
        <ele>312.163577</ele>
      </trkpt>
      <trkpt lat="48.819202" lon="12.958810">
        <ele>312.329634</ele>
      </trkpt>
      <trkpt lat="48.819946" lon="12.958215">
        <ele>312.530628</ele>
      </trkpt>
      <trkpt lat="48.820135" lon="12.958063">
        <ele>312.581749</ele>
      </trkpt>
      <trkpt lat="48.820489" lon="12.957777">
        <ele>312.732350</ele>
      </trkpt>
      <trkpt lat="48.820931" lon="12.957420">
        <ele>312.922223</ele>
      </trkpt>
      <trkpt lat="48.821070" lon="12.957287">
        <ele>312.984532</ele>
      </trkpt>
      <trkpt lat="48.821648" lon="12.956758">
        <ele>313.240482</ele>
      </trkpt>
      <trkpt lat="48.821908" lon="12.956444">
        <ele>313.307377</ele>
      </trkpt>
      <trkpt lat="48.821984" lon="12.956313">
        <ele>313.325215</ele>
      </trkpt>
      <trkpt lat="48.822061" lon="12.956599">
        <ele>313.356784</ele>
      </trkpt>
      <trkpt lat="48.822188" lon="12.957013">
        <ele>313.403447</ele>
      </trkpt>
      <trkpt lat="48.822290" lon="12.957303">
        <ele>313.437039</ele>
      </trkpt>
      <trkpt lat="48.822389" lon="12.957524">
        <ele>313.464349</ele>
      </trkpt>
      <trkpt lat="48.822487" lon="12.957717">
        <ele>313.489250</ele>
      </trkpt>
      <trkpt lat="48.822559" lon="12.957832">
        <ele>313.505463</ele>
      </trkpt>
      <trkpt lat="48.822628" lon="12.957941">
        <ele>313.520912</ele>
      </trkpt>
      <trkpt lat="48.822814" lon="12.958182">
        <ele>313.501974</ele>
      </trkpt>
      <trkpt lat="48.823337" lon="12.958788">
        <ele>313.167007</ele>
      </trkpt>
      <trkpt lat="48.823771" lon="12.959210">
        <ele>312.904602</ele>
      </trkpt>
      <trkpt lat="48.824676" lon="12.959916">
        <ele>312.677503</ele>
      </trkpt>
      <trkpt lat="48.826326" lon="12.961029">
        <ele>313.190397</ele>
      </trkpt>
      <trkpt lat="48.826295" lon="12.961111">
        <ele>313.239321</ele>
      </trkpt>
      <trkpt lat="48.826683" lon="12.961386">
        <ele>313.575813</ele>
      </trkpt>
      <trkpt lat="48.826948" lon="12.961638">
        <ele>313.821523</ele>
      </trkpt>
      <trkpt lat="48.827325" lon="12.962070">
        <ele>314.192658</ele>
      </trkpt>
      <trkpt lat="48.827730" lon="12.962619">
        <ele>315.556338</ele>
      </trkpt>
      <trkpt lat="48.827758" lon="12.962703">
        <ele>315.720367</ele>
      </trkpt>
      <trkpt lat="48.827759" lon="12.962789">
        <ele>315.870214</ele>
      </trkpt>
      <trkpt lat="48.827789" lon="12.962831">
        <ele>315.978180</ele>
      </trkpt>
      <trkpt lat="48.827838" lon="12.962871">
        <ele>316.125388</ele>
      </trkpt>
      <trkpt lat="48.827684" lon="12.963128">
        <ele>316.730817</ele>
      </trkpt>
      <trkpt lat="48.827527" lon="12.963389">
        <ele>317.346746</ele>
      </trkpt>
      <trkpt lat="48.827346" lon="12.963691">
        <ele>318.058249</ele>
      </trkpt>
      <trkpt lat="48.827188" lon="12.963939">
        <ele>318.659492</ele>
      </trkpt>
      <trkpt lat="48.827077" lon="12.964093">
        <ele>319.066418</ele>
      </trkpt>
      <trkpt lat="48.826999" lon="12.964202">
        <ele>319.381325</ele>
      </trkpt>
      <trkpt lat="48.826799" lon="12.964447">
        <ele>320.144725</ele>
      </trkpt>
      <trkpt lat="48.826711" lon="12.964557">
        <ele>320.483339</ele>
      </trkpt>
      <trkpt lat="48.826364" lon="12.964915">
        <ele>321.729669</ele>
      </trkpt>
      <trkpt lat="48.825672" lon="12.965548">
        <ele>324.129777</ele>
      </trkpt>
      <trkpt lat="48.825579" lon="12.965627">
        <ele>324.402064</ele>
      </trkpt>
      <trkpt lat="48.825307" lon="12.965857">
        <ele>324.982856</ele>
      </trkpt>
      <trkpt lat="48.825017" lon="12.966107">
        <ele>325.604960</ele>
      </trkpt>
      <trkpt lat="48.824132" lon="12.966789">
        <ele>327.456408</ele>
      </trkpt>
      <trkpt lat="48.823433" lon="12.967266">
        <ele>327.668347</ele>
      </trkpt>
      <trkpt lat="48.823062" lon="12.967505">
        <ele>327.659231</ele>
      </trkpt>
      <trkpt lat="48.822881" lon="12.967612">
        <ele>327.654838</ele>
      </trkpt>
      <trkpt lat="48.822577" lon="12.967814">
        <ele>327.647332</ele>
      </trkpt>
      <trkpt lat="48.822318" lon="12.967971">
        <ele>327.514286</ele>
      </trkpt>
      <trkpt lat="48.822032" lon="12.968088">
        <ele>326.814282</ele>
      </trkpt>
      <trkpt lat="48.821243" lon="12.968253">
        <ele>324.932015</ele>
      </trkpt>
      <trkpt lat="48.820217" lon="12.968695">
        <ele>322.316272</ele>
      </trkpt>
      <trkpt lat="48.820052" lon="12.968832">
        <ele>321.828628</ele>
      </trkpt>
      <trkpt lat="48.819803" lon="12.969070">
        <ele>321.065693</ele>
      </trkpt>
      <trkpt lat="48.819569" lon="12.969361">
        <ele>320.281416</ele>
      </trkpt>
      <trkpt lat="48.819204" lon="12.969865">
        <ele>319.002179</ele>
      </trkpt>
      <trkpt lat="48.818874" lon="12.970341">
        <ele>318.254772</ele>
      </trkpt>
      <trkpt lat="48.818548" lon="12.970782">
        <ele>317.663927</ele>
      </trkpt>
      <trkpt lat="48.818237" lon="12.971127">
        <ele>317.142701</ele>
      </trkpt>
      <trkpt lat="48.817930" lon="12.971568">
        <ele>316.570799</ele>
      </trkpt>
      <trkpt lat="48.817686" lon="12.971956">
        <ele>316.204142</ele>
      </trkpt>
      <trkpt lat="48.817613" lon="12.971967">
        <ele>316.160113</ele>
      </trkpt>
      <trkpt lat="48.816337" lon="12.974062">
        <ele>315.159100</ele>
      </trkpt>
      <trkpt lat="48.816265" lon="12.974127">
        <ele>315.144021</ele>
      </trkpt>
      <trkpt lat="48.816110" lon="12.974141">
        <ele>315.116068</ele>
      </trkpt>
      <trkpt lat="48.816060" lon="12.974223">
        <ele>315.102820</ele>
      </trkpt>
      <trkpt lat="48.816033" lon="12.974299">
        <ele>315.092584</ele>
      </trkpt>
      <trkpt lat="48.816033" lon="12.974366">
        <ele>315.084641</ele>
      </trkpt>
      <trkpt lat="48.816082" lon="12.974453">
        <ele>315.071071</ele>
      </trkpt>
      <trkpt lat="48.816073" lon="12.974556">
        <ele>315.058754</ele>
      </trkpt>
      <trkpt lat="48.815873" lon="12.974945">
        <ele>315.000250</ele>
      </trkpt>
      <trkpt lat="48.815801" lon="12.975073">
        <ele>314.980295</ele>
      </trkpt>
      <trkpt lat="48.815741" lon="12.975112">
        <ele>314.968546</ele>
      </trkpt>
      <trkpt lat="48.815545" lon="12.975002">
        <ele>314.930929</ele>
      </trkpt>
      <trkpt lat="48.815263" lon="12.975048">
        <ele>314.878021</ele>
      </trkpt>
      <trkpt lat="48.815075" lon="12.975105">
        <ele>314.836977</ele>
      </trkpt>
      <trkpt lat="48.814899" lon="12.975225">
        <ele>314.795673</ele>
      </trkpt>
      <trkpt lat="48.814677" lon="12.975438">
        <ele>314.739453</ele>
      </trkpt>
      <trkpt lat="48.814625" lon="12.975320">
        <ele>314.719436</ele>
      </trkpt>
      <trkpt lat="48.814599" lon="12.975253">
        <ele>314.708472</ele>
      </trkpt>
      <trkpt lat="48.814111" lon="12.975612">
        <ele>314.592381</ele>
      </trkpt>
      <trkpt lat="48.813062" lon="12.976413">
        <ele>314.610457</ele>
      </trkpt>
      <trkpt lat="48.812984" lon="12.976412">
        <ele>314.621269</ele>
      </trkpt>
      <trkpt lat="48.812831" lon="12.976289">
        <ele>314.645264</ele>
      </trkpt>
      <trkpt lat="48.812630" lon="12.976386">
        <ele>314.674497</ele>
      </trkpt>
      <trkpt lat="48.812525" lon="12.976673">
        <ele>314.704464</ele>
      </trkpt>
      <trkpt lat="48.812332" lon="12.976949">
        <ele>314.741210</ele>
      </trkpt>
      <trkpt lat="48.811312" lon="12.977679">
        <ele>315.689582</ele>
      </trkpt>
      <trkpt lat="48.811009" lon="12.977776">
        <ele>315.969191</ele>
      </trkpt>
      <trkpt lat="48.810687" lon="12.978081">
        <ele>316.311871</ele>
      </trkpt>
      <trkpt lat="48.810126" lon="12.978356">
        <ele>316.722252</ele>
      </trkpt>
      <trkpt lat="48.809942" lon="12.978372">
        <ele>316.845148</ele>
      </trkpt>
      <trkpt lat="48.809482" lon="12.978545">
        <ele>317.161155</ele>
      </trkpt>
      <trkpt lat="48.808778" lon="12.978577">
        <ele>317.510753</ele>
      </trkpt>
      <trkpt lat="48.808405" lon="12.978422">
        <ele>317.189626</ele>
      </trkpt>
      <trkpt lat="48.808172" lon="12.978526">
        <ele>316.987958</ele>
      </trkpt>
      <trkpt lat="48.807852" lon="12.978481">
        <ele>316.721094</ele>
      </trkpt>
      <trkpt lat="48.807597" lon="12.978390">
        <ele>316.503574</ele>
      </trkpt>
      <trkpt lat="48.807473" lon="12.978357">
        <ele>316.399035</ele>
      </trkpt>
      <trkpt lat="48.806980" lon="12.978287">
        <ele>316.067042</ele>
      </trkpt>
      <trkpt lat="48.806467" lon="12.978276">
        <ele>315.992787</ele>
      </trkpt>
      <trkpt lat="48.806407" lon="12.978181">
        <ele>315.980241</ele>
      </trkpt>
      <trkpt lat="48.806406" lon="12.977862">
        <ele>315.949833</ele>
      </trkpt>
      <trkpt lat="48.806370" lon="12.977672">
        <ele>315.930988</ele>
      </trkpt>
      <trkpt lat="48.806304" lon="12.977560">
        <ele>315.916662</ele>
      </trkpt>
      <trkpt lat="48.806175" lon="12.977549">
        <ele>315.897962</ele>
      </trkpt>
      <trkpt lat="48.805936" lon="12.977546">
        <ele>315.863370</ele>
      </trkpt>
      <trkpt lat="48.805842" lon="12.977650">
        <ele>315.846537</ele>
      </trkpt>
      <trkpt lat="48.805528" lon="12.978238">
        <ele>315.911007</ele>
      </trkpt>
      <trkpt lat="48.803966" lon="12.980848">
        <ele>315.918304</ele>
      </trkpt>
      <trkpt lat="48.802595" lon="12.983088">
        <ele>314.683418</ele>
      </trkpt>
      <trkpt lat="48.801478" lon="12.985070">
        <ele>313.949286</ele>
      </trkpt>
      <trkpt lat="48.800494" lon="12.986931">
        <ele>314.112535</ele>
      </trkpt>
      <trkpt lat="48.799653" lon="12.988501">
        <ele>314.534094</ele>
      </trkpt>
      <trkpt lat="48.799277" lon="12.989258">
        <ele>314.563887</ele>
      </trkpt>
      <trkpt lat="48.798710" lon="12.990320">
        <ele>314.583715</ele>
      </trkpt>
      <trkpt lat="48.798080" lon="12.991478">
        <ele>313.909921</ele>
      </trkpt>
      <trkpt lat="48.796211" lon="12.994820">
        <ele>312.005579</ele>
      </trkpt>
      <trkpt lat="48.793823" lon="12.998963">
        <ele>312.188151</ele>
      </trkpt>
      <trkpt lat="48.793548" lon="12.999455">
        <ele>312.284230</ele>
      </trkpt>
      <trkpt lat="48.791942" lon="13.002622">
        <ele>312.467644</ele>
      </trkpt>
      <trkpt lat="48.791920" lon="13.002721">
        <ele>312.465492</ele>
      </trkpt>
      <trkpt lat="48.791948" lon="13.002811">
        <ele>312.463441</ele>
      </trkpt>
      <trkpt lat="48.792202" lon="13.003060">
        <ele>312.374483</ele>
      </trkpt>
      <trkpt lat="48.793180" lon="13.003714">
        <ele>311.984401</ele>
      </trkpt>
      <trkpt lat="48.793189" lon="13.003796">
        <ele>311.964412</ele>
      </trkpt>
      <trkpt lat="48.793142" lon="13.003804">
        <ele>311.947149</ele>
      </trkpt>
      <trkpt lat="48.792242" lon="13.003435">
        <ele>311.805883</ele>
      </trkpt>
      <trkpt lat="48.791861" lon="13.003089">
        <ele>311.806672</ele>
      </trkpt>
      <trkpt lat="48.791215" lon="13.002397">
        <ele>311.808077</ele>
      </trkpt>
      <trkpt lat="48.791138" lon="13.002356">
        <ele>311.809406</ele>
      </trkpt>
      <trkpt lat="48.791008" lon="13.002396">
        <ele>311.812251</ele>
      </trkpt>
      <trkpt lat="48.790852" lon="13.002536">
        <ele>311.816139</ele>
      </trkpt>
      <trkpt lat="48.790544" lon="13.002925">
        <ele>311.824734</ele>
      </trkpt>
      <trkpt lat="48.789560" lon="13.004254">
        <ele>311.936266</ele>
      </trkpt>
      <trkpt lat="48.788207" lon="13.005937">
        <ele>312.318647</ele>
      </trkpt>
      <trkpt lat="48.787388" lon="13.006663">
        <ele>312.017579</ele>
      </trkpt>
      <trkpt lat="48.786087" lon="13.007587">
        <ele>311.282841</ele>
      </trkpt>
      <trkpt lat="48.785215" lon="13.008032">
        <ele>310.681853</ele>
      </trkpt>
      <trkpt lat="48.784310" lon="13.008308">
        <ele>310.573536</ele>
      </trkpt>
      <trkpt lat="48.783548" lon="13.008383">
        <ele>310.506656</ele>
      </trkpt>
      <trkpt lat="48.782989" lon="13.008368">
        <ele>310.628295</ele>
      </trkpt>
      <trkpt lat="48.781101" lon="13.008070">
        <ele>311.158257</ele>
      </trkpt>
      <trkpt lat="48.780233" lon="13.007997">
        <ele>311.251284</ele>
      </trkpt>
      <trkpt lat="48.779339" lon="13.008159">
        <ele>311.287670</ele>
      </trkpt>
      <trkpt lat="48.777151" lon="13.008680">
        <ele>311.324941</ele>
      </trkpt>
      <trkpt lat="48.776929" lon="13.008769">
        <ele>311.341778</ele>
      </trkpt>
      <trkpt lat="48.775483" lon="13.009356">
        <ele>311.251923</ele>
      </trkpt>
      <trkpt lat="48.774825" lon="13.009694">
        <ele>311.132320</ele>
      </trkpt>
      <trkpt lat="48.773492" lon="13.010585">
        <ele>310.803717</ele>
      </trkpt>
      <trkpt lat="48.773022" lon="13.010991">
        <ele>310.674500</ele>
      </trkpt>
      <trkpt lat="48.772192" lon="13.011710">
        <ele>311.189759</ele>
      </trkpt>
      <trkpt lat="48.771110" lon="13.012813">
        <ele>312.144727</ele>
      </trkpt>
      <trkpt lat="48.769942" lon="13.014492">
        <ele>313.731048</ele>
      </trkpt>
      <trkpt lat="48.768940" lon="13.016180">
        <ele>314.882630</ele>
      </trkpt>
      <trkpt lat="48.768038" lon="13.017629">
        <ele>314.750474</ele>
      </trkpt>
      <trkpt lat="48.767485" lon="13.018328">
        <ele>314.577316</ele>
      </trkpt>
      <trkpt lat="48.767103" lon="13.018751">
        <ele>314.334283</ele>
      </trkpt>
      <trkpt lat="48.766844" lon="13.019001">
        <ele>314.176530</ele>
      </trkpt>
      <trkpt lat="48.766051" lon="13.019625">
        <ele>313.717459</ele>
      </trkpt>
      <trkpt lat="48.765644" lon="13.019827">
        <ele>313.430419</ele>
      </trkpt>
      <trkpt lat="48.765440" lon="13.019937">
        <ele>313.284224</ele>
      </trkpt>
      <trkpt lat="48.764835" lon="13.020350">
        <ele>312.836239</ele>
      </trkpt>
      <trkpt lat="48.764488" lon="13.020641">
        <ele>312.568508</ele>
      </trkpt>
      <trkpt lat="48.764277" lon="13.020724">
        <ele>312.418884</ele>
      </trkpt>
      <trkpt lat="48.763926" lon="13.020913">
        <ele>312.159204</ele>
      </trkpt>
      <trkpt lat="48.763277" lon="13.021257">
        <ele>311.679888</ele>
      </trkpt>
      <trkpt lat="48.762886" lon="13.021531">
        <ele>311.379598</ele>
      </trkpt>
      <trkpt lat="48.762214" lon="13.022154">
        <ele>311.020640</ele>
      </trkpt>
      <trkpt lat="48.761751" lon="13.022596">
        <ele>310.815418</ele>
      </trkpt>
      <trkpt lat="48.761214" lon="13.023248">
        <ele>310.555716</ele>
      </trkpt>
      <trkpt lat="48.759913" lon="13.025239">
        <ele>309.777678</ele>
      </trkpt>
      <trkpt lat="48.759408" lon="13.026101">
        <ele>309.759635</ele>
      </trkpt>
      <trkpt lat="48.759087" lon="13.026771">
        <ele>309.746676</ele>
      </trkpt>
      <trkpt lat="48.758223" lon="13.028072">
        <ele>309.970762</ele>
      </trkpt>
      <trkpt lat="48.757823" lon="13.028722">
        <ele>310.142000</ele>
      </trkpt>
      <trkpt lat="48.757762" lon="13.028819">
        <ele>310.167817</ele>
      </trkpt>
      <trkpt lat="48.757087" lon="13.029958">
        <ele>310.104848</ele>
      </trkpt>
      <trkpt lat="48.756950" lon="13.030210">
        <ele>310.055490</ele>
      </trkpt>
      <trkpt lat="48.756927" lon="13.030254">
        <ele>310.047004</ele>
      </trkpt>
      <trkpt lat="48.756739" lon="13.030603">
        <ele>309.978900</ele>
      </trkpt>
      <trkpt lat="48.756097" lon="13.031816">
        <ele>309.789686</ele>
      </trkpt>
      <trkpt lat="48.756096" lon="13.031816">
        <ele>309.789556</ele>
      </trkpt>
      <trkpt lat="48.755510" lon="13.033064">
        <ele>309.658071</ele>
      </trkpt>
      <trkpt lat="48.754773" lon="13.035398">
        <ele>309.905148</ele>
      </trkpt>
      <trkpt lat="48.754488" lon="13.035917">
        <ele>309.997017</ele>
      </trkpt>
      <trkpt lat="48.754124" lon="13.036348">
        <ele>310.070842</ele>
      </trkpt>
      <trkpt lat="48.753759" lon="13.036644">
        <ele>310.137011</ele>
      </trkpt>
      <trkpt lat="48.753099" lon="13.037033">
        <ele>310.250212</ele>
      </trkpt>
      <trkpt lat="48.752629" lon="13.037259">
        <ele>310.267493</ele>
      </trkpt>
      <trkpt lat="48.751632" lon="13.037842">
        <ele>310.223647</ele>
      </trkpt>
      <trkpt lat="48.751623" lon="13.037956">
        <ele>310.220540</ele>
      </trkpt>
      <trkpt lat="48.751353" lon="13.038042">
        <ele>310.209219</ele>
      </trkpt>
      <trkpt lat="48.749690" lon="13.039613">
        <ele>309.562349</ele>
      </trkpt>
      <trkpt lat="48.749161" lon="13.039812">
        <ele>309.334211</ele>
      </trkpt>
      <trkpt lat="48.748660" lon="13.039936">
        <ele>309.121728</ele>
      </trkpt>
      <trkpt lat="48.747764" lon="13.039910">
        <ele>308.878127</ele>
      </trkpt>
      <trkpt lat="48.747593" lon="13.039922">
        <ele>308.900846</ele>
      </trkpt>
      <trkpt lat="48.746521" lon="13.039960">
        <ele>309.043164</ele>
      </trkpt>
      <trkpt lat="48.745163" lon="13.040063">
        <ele>309.546118</ele>
      </trkpt>
      <trkpt lat="48.744235" lon="13.039917">
        <ele>309.846517</ele>
      </trkpt>
      <trkpt lat="48.742147" lon="13.039211">
        <ele>309.360909</ele>
      </trkpt>
      <trkpt lat="48.742003" lon="13.039162">
        <ele>309.309721</ele>
      </trkpt>
      <trkpt lat="48.741444" lon="13.038973">
        <ele>309.111072</ele>
      </trkpt>
      <trkpt lat="48.739696" lon="13.038419">
        <ele>309.036956</ele>
      </trkpt>
      <trkpt lat="48.738830" lon="13.038069">
        <ele>309.130509</ele>
      </trkpt>
      <trkpt lat="48.738031" lon="13.037746">
        <ele>309.226046</ele>
      </trkpt>
      <trkpt lat="48.736039" lon="13.036699">
        <ele>309.089637</ele>
      </trkpt>
      <trkpt lat="48.734963" lon="13.035950">
        <ele>309.060071</ele>
      </trkpt>
      <trkpt lat="48.734766" lon="13.035813">
        <ele>309.065079</ele>
      </trkpt>
      <trkpt lat="48.734555" lon="13.035600">
        <ele>309.070936</ele>
      </trkpt>
      <trkpt lat="48.733311" lon="13.034443">
        <ele>309.321954</ele>
      </trkpt>
      <trkpt lat="48.732541" lon="13.033591">
        <ele>309.503296</ele>
      </trkpt>
      <trkpt lat="48.731727" lon="13.032271">
        <ele>309.313024</ele>
      </trkpt>
      <trkpt lat="48.730990" lon="13.030871">
        <ele>308.977938</ele>
      </trkpt>
      <trkpt lat="48.730655" lon="13.030147">
        <ele>308.763668</ele>
      </trkpt>
      <trkpt lat="48.730389" lon="13.029391">
        <ele>308.595530</ele>
      </trkpt>
      <trkpt lat="48.729803" lon="13.027900">
        <ele>308.994176</ele>
      </trkpt>
      <trkpt lat="48.728956" lon="13.025753">
        <ele>310.191966</ele>
      </trkpt>
      <trkpt lat="48.728654" lon="13.024878">
        <ele>310.804861</ele>
      </trkpt>
      <trkpt lat="48.728561" lon="13.024628">
        <ele>310.893348</ele>
      </trkpt>
      <trkpt lat="48.728586" lon="13.024468">
        <ele>310.891491</ele>
      </trkpt>
      <trkpt lat="48.728382" lon="13.023723">
        <ele>310.882378</ele>
      </trkpt>
      <trkpt lat="48.729349" lon="13.022838">
        <ele>310.817347</ele>
      </trkpt>
      <trkpt lat="48.729224" lon="13.022389">
        <ele>310.585965</ele>
      </trkpt>
      <trkpt lat="48.729083" lon="13.022002">
        <ele>310.376061</ele>
      </trkpt>
      <trkpt lat="48.728981" lon="13.021523">
        <ele>310.137086</ele>
      </trkpt>
      <trkpt lat="48.728701" lon="13.020768">
        <ele>309.725857</ele>
      </trkpt>
      <trkpt lat="48.728647" lon="13.020545">
        <ele>309.613072</ele>
      </trkpt>
      <trkpt lat="48.728520" lon="13.020013">
        <ele>309.524373</ele>
      </trkpt>
      <trkpt lat="48.728056" lon="13.019158">
        <ele>309.418903</ele>
      </trkpt>
      <trkpt lat="48.727633" lon="13.018498">
        <ele>309.331240</ele>
      </trkpt>
      <trkpt lat="48.727094" lon="13.017821">
        <ele>309.139097</ele>
      </trkpt>
      <trkpt lat="48.726131" lon="13.016967">
        <ele>308.793726</ele>
      </trkpt>
      <trkpt lat="48.725463" lon="13.016574">
        <ele>308.618201</ele>
      </trkpt>
      <trkpt lat="48.724807" lon="13.016398">
        <ele>308.464694</ele>
      </trkpt>
      <trkpt lat="48.724042" lon="13.016090">
        <ele>308.380115</ele>
      </trkpt>
      <trkpt lat="48.723749" lon="13.016025">
        <ele>308.430576</ele>
      </trkpt>
      <trkpt lat="48.723536" lon="13.016085">
        <ele>308.467494</ele>
      </trkpt>
      <trkpt lat="48.723412" lon="13.016004">
        <ele>308.490503</ele>
      </trkpt>
      <trkpt lat="48.722847" lon="13.016027">
        <ele>308.586817</ele>
      </trkpt>
      <trkpt lat="48.722106" lon="13.016231">
        <ele>308.692462</ele>
      </trkpt>
      <trkpt lat="48.721730" lon="13.016412">
        <ele>308.737933</ele>
      </trkpt>
      <trkpt lat="48.721440" lon="13.016430">
        <ele>308.771387</ele>
      </trkpt>
      <trkpt lat="48.720935" lon="13.016805">
        <ele>308.836203</ele>
      </trkpt>
      <trkpt lat="48.720578" lon="13.016917">
        <ele>308.826457</ele>
      </trkpt>
      <trkpt lat="48.720350" lon="13.017132">
        <ele>308.795489</ele>
      </trkpt>
      <trkpt lat="48.720136" lon="13.017331">
        <ele>308.766535</ele>
      </trkpt>
      <trkpt lat="48.719924" lon="13.017561">
        <ele>308.736469</ele>
      </trkpt>
      <trkpt lat="48.719709" lon="13.017878">
        <ele>308.701878</ele>
      </trkpt>
      <trkpt lat="48.719674" lon="13.018005">
        <ele>308.691406</ele>
      </trkpt>
      <trkpt lat="48.719636" lon="13.018123">
        <ele>308.681416</ele>
      </trkpt>
      <trkpt lat="48.719565" lon="13.018180">
        <ele>308.672150</ele>
      </trkpt>
      <trkpt lat="48.718988" lon="13.019083">
        <ele>308.586539</ele>
      </trkpt>
      <trkpt lat="48.718734" lon="13.019480">
        <ele>308.550634</ele>
      </trkpt>
      <trkpt lat="48.718629" lon="13.019649">
        <ele>308.535562</ele>
      </trkpt>
      <trkpt lat="48.718380" lon="13.020231">
        <ele>308.490526</ele>
      </trkpt>
      <trkpt lat="48.718166" lon="13.020867">
        <ele>308.458806</ele>
      </trkpt>
      <trkpt lat="48.718129" lon="13.021106">
        <ele>308.452690</ele>
      </trkpt>
      <trkpt lat="48.718134" lon="13.021778">
        <ele>308.435948</ele>
      </trkpt>
      <trkpt lat="48.718237" lon="13.022228">
        <ele>308.424082</ele>
      </trkpt>
      <trkpt lat="48.718229" lon="13.022919">
        <ele>308.406864</ele>
      </trkpt>
      <trkpt lat="48.718057" lon="13.024215">
        <ele>308.507015</ele>
      </trkpt>
      <trkpt lat="48.717930" lon="13.024663">
        <ele>308.556880</ele>
      </trkpt>
      <trkpt lat="48.717914" lon="13.025023">
        <ele>308.593780</ele>
      </trkpt>
      <trkpt lat="48.717963" lon="13.025230">
        <ele>308.616271</ele>
      </trkpt>
      <trkpt lat="48.718013" lon="13.025363">
        <ele>308.631926</ele>
      </trkpt>
      <trkpt lat="48.717960" lon="13.025501">
        <ele>308.648255</ele>
      </trkpt>
      <trkpt lat="48.717894" lon="13.025713">
        <ele>308.672229</ele>
      </trkpt>
      <trkpt lat="48.717919" lon="13.026103">
        <ele>308.727113</ele>
      </trkpt>
      <trkpt lat="48.717904" lon="13.026464">
        <ele>308.780459</ele>
      </trkpt>
      <trkpt lat="48.717992" lon="13.027324">
        <ele>308.908811</ele>
      </trkpt>
      <trkpt lat="48.718061" lon="13.027702">
        <ele>308.966654</ele>
      </trkpt>
      <trkpt lat="48.718059" lon="13.028012">
        <ele>309.012375</ele>
      </trkpt>
      <trkpt lat="48.718101" lon="13.028238">
        <ele>309.047003</ele>
      </trkpt>
      <trkpt lat="48.718241" lon="13.028515">
        <ele>309.072985</ele>
      </trkpt>
      <trkpt lat="48.718456" lon="13.029352">
        <ele>309.013677</ele>
      </trkpt>
      <trkpt lat="48.718583" lon="13.030030">
        <ele>308.967139</ele>
      </trkpt>
      <trkpt lat="48.718609" lon="13.030298">
        <ele>308.949253</ele>
      </trkpt>
      <trkpt lat="48.718632" lon="13.030538">
        <ele>308.933240</ele>
      </trkpt>
      <trkpt lat="48.718886" lon="13.030758">
        <ele>308.903961</ele>
      </trkpt>
      <trkpt lat="48.719034" lon="13.031197">
        <ele>308.972217</ele>
      </trkpt>
      <trkpt lat="48.719135" lon="13.031819">
        <ele>309.074725</ele>
      </trkpt>
      <trkpt lat="48.719253" lon="13.031935">
        <ele>309.108839</ele>
      </trkpt>
      <trkpt lat="48.719600" lon="13.031925">
        <ele>309.193022</ele>
      </trkpt>
      <trkpt lat="48.719725" lon="13.032008">
        <ele>309.226124</ele>
      </trkpt>
      <trkpt lat="48.719883" lon="13.032311">
        <ele>309.287929</ele>
      </trkpt>
      <trkpt lat="48.720418" lon="13.033832">
        <ele>309.792377</ele>
      </trkpt>
      <trkpt lat="48.720531" lon="13.034036">
        <ele>309.878002</ele>
      </trkpt>
      <trkpt lat="48.720786" lon="13.034660">
        <ele>310.113951</ele>
      </trkpt>
      <trkpt lat="48.721245" lon="13.035538">
        <ele>310.159991</ele>
      </trkpt>
      <trkpt lat="48.722522" lon="13.038003">
        <ele>309.877303</ele>
      </trkpt>
      <trkpt lat="48.723315" lon="13.039054">
        <ele>309.685570</ele>
      </trkpt>
      <trkpt lat="48.723774" lon="13.039623">
        <ele>309.701763</ele>
      </trkpt>
      <trkpt lat="48.724300" lon="13.040192">
        <ele>309.719410</ele>
      </trkpt>
      <trkpt lat="48.725124" lon="13.041373">
        <ele>309.322974</ele>
      </trkpt>
      <trkpt lat="48.725554" lon="13.042449">
        <ele>308.785251</ele>
      </trkpt>
      <trkpt lat="48.725813" lon="13.043000">
        <ele>308.489672</ele>
      </trkpt>
      <trkpt lat="48.725920" lon="13.043093">
        <ele>308.402619</ele>
      </trkpt>
      <trkpt lat="48.726170" lon="13.043172">
        <ele>308.222376</ele>
      </trkpt>
      <trkpt lat="48.726405" lon="13.043322">
        <ele>308.042410</ele>
      </trkpt>
      <trkpt lat="48.726514" lon="13.043528">
        <ele>307.919457</ele>
      </trkpt>
      <trkpt lat="48.727437" lon="13.043378">
        <ele>307.297480</ele>
      </trkpt>
      <trkpt lat="48.728589" lon="13.043322">
        <ele>307.280361</ele>
      </trkpt>
      <trkpt lat="48.728830" lon="13.043596">
        <ele>307.275886</ele>
      </trkpt>
      <trkpt lat="48.728973" lon="13.045969">
        <ele>306.979685</ele>
      </trkpt>
      <trkpt lat="48.729110" lon="13.048233">
        <ele>306.781067</ele>
      </trkpt>
      <trkpt lat="48.729160" lon="13.049451">
        <ele>306.716082</ele>
      </trkpt>
      <trkpt lat="48.729162" lon="13.049594">
        <ele>306.736670</ele>
      </trkpt>
      <trkpt lat="48.729165" lon="13.049764">
        <ele>306.768843</ele>
      </trkpt>
      <trkpt lat="48.729166" lon="13.049847">
        <ele>306.784548</ele>
      </trkpt>
      <trkpt lat="48.729200" lon="13.053393">
        <ele>307.378351</ele>
      </trkpt>
      <trkpt lat="48.729227" lon="13.054151">
        <ele>307.472730</ele>
      </trkpt>
      <trkpt lat="48.729319" lon="13.054425">
        <ele>307.510955</ele>
      </trkpt>
      <trkpt lat="48.729342" lon="13.054490">
        <ele>307.520126</ele>
      </trkpt>
      <trkpt lat="48.729428" lon="13.054746">
        <ele>307.555844</ele>
      </trkpt>
      <trkpt lat="48.729490" lon="13.054935">
        <ele>307.565662</ele>
      </trkpt>
      <trkpt lat="48.729506" lon="13.054998">
        <ele>307.563065</ele>
      </trkpt>
      <trkpt lat="48.729568" lon="13.055288">
        <ele>307.551339</ele>
      </trkpt>
      <trkpt lat="48.729574" lon="13.055625">
        <ele>307.538371</ele>
      </trkpt>
      <trkpt lat="48.729091" lon="13.057116">
        <ele>307.474475</ele>
      </trkpt>
      <trkpt lat="48.728863" lon="13.057570">
        <ele>307.455213</ele>
      </trkpt>
      <trkpt lat="48.728471" lon="13.058107">
        <ele>307.431229</ele>
      </trkpt>
      <trkpt lat="48.728301" lon="13.058497">
        <ele>307.417232</ele>
      </trkpt>
      <trkpt lat="48.728182" lon="13.058917">
        <ele>307.403544</ele>
      </trkpt>
      <trkpt lat="48.728063" lon="13.059658">
        <ele>307.364480</ele>
      </trkpt>
      <trkpt lat="48.727958" lon="13.060110">
        <ele>307.248750</ele>
      </trkpt>
      <trkpt lat="48.727764" lon="13.060727">
        <ele>307.083680</ele>
      </trkpt>
      <trkpt lat="48.727674" lon="13.060986">
        <ele>307.012982</ele>
      </trkpt>
      <trkpt lat="48.727526" lon="13.061410">
        <ele>306.897132</ele>
      </trkpt>
      <trkpt lat="48.726919" lon="13.060787">
        <ele>306.574025</ele>
      </trkpt>
      <trkpt lat="48.726772" lon="13.060641">
        <ele>306.472901</ele>
      </trkpt>
      <trkpt lat="48.726683" lon="13.060600">
        <ele>306.419376</ele>
      </trkpt>
      <trkpt lat="48.726561" lon="13.060911">
        <ele>306.282031</ele>
      </trkpt>
      <trkpt lat="48.725797" lon="13.062220">
        <ele>305.665930</ele>
      </trkpt>
      <trkpt lat="48.725220" lon="13.063089">
        <ele>305.510291</ele>
      </trkpt>
      <trkpt lat="48.725059" lon="13.063396">
        <ele>305.460785</ele>
      </trkpt>
      <trkpt lat="48.724712" lon="13.063891">
        <ele>305.369607</ele>
      </trkpt>
      <trkpt lat="48.724657" lon="13.063944">
        <ele>305.357136</ele>
      </trkpt>
      <trkpt lat="48.724442" lon="13.064075">
        <ele>305.421622</ele>
      </trkpt>
      <trkpt lat="48.724079" lon="13.064203">
        <ele>305.588807</ele>
      </trkpt>
      <trkpt lat="48.723859" lon="13.064383">
        <ele>305.700955</ele>
      </trkpt>
      <trkpt lat="48.723670" lon="13.064728">
        <ele>305.833664</ele>
      </trkpt>
      <trkpt lat="48.723505" lon="13.065123">
        <ele>305.972020</ele>
      </trkpt>
      <trkpt lat="48.723351" lon="13.065645">
        <ele>306.141240</ele>
      </trkpt>
      <trkpt lat="48.723285" lon="13.065885">
        <ele>306.248073</ele>
      </trkpt>
      <trkpt lat="48.723268" lon="13.066173">
        <ele>306.372388</ele>
      </trkpt>
      <trkpt lat="48.723132" lon="13.066632">
        <ele>306.588719</ele>
      </trkpt>
      <trkpt lat="48.722754" lon="13.067605">
        <ele>307.074194</ele>
      </trkpt>
      <trkpt lat="48.722385" lon="13.068320">
        <ele>307.405653</ele>
      </trkpt>
      <trkpt lat="48.722374" lon="13.068336">
        <ele>307.411416</ele>
      </trkpt>
      <trkpt lat="48.722173" lon="13.068620">
        <ele>307.515287</ele>
      </trkpt>
      <trkpt lat="48.721973" lon="13.069023">
        <ele>307.641050</ele>
      </trkpt>
      <trkpt lat="48.721639" lon="13.070135">
        <ele>307.945753</ele>
      </trkpt>
      <trkpt lat="48.721226" lon="13.070749">
        <ele>307.998372</ele>
      </trkpt>
      <trkpt lat="48.720480" lon="13.071500">
        <ele>307.985825</ele>
      </trkpt>
      <trkpt lat="48.720181" lon="13.072259">
        <ele>307.983373</ele>
      </trkpt>
      <trkpt lat="48.720049" lon="13.072901">
        <ele>308.001629</ele>
      </trkpt>
      <trkpt lat="48.719827" lon="13.073026">
        <ele>308.011375</ele>
      </trkpt>
      <trkpt lat="48.719254" lon="13.073660">
        <ele>308.040568</ele>
      </trkpt>
      <trkpt lat="48.719017" lon="13.073810">
        <ele>308.051136</ele>
      </trkpt>
      <trkpt lat="48.719017" lon="13.074017">
        <ele>308.093955</ele>
      </trkpt>
      <trkpt lat="48.719008" lon="13.075799">
        <ele>308.637339</ele>
      </trkpt>
      <trkpt lat="48.719039" lon="13.076644">
        <ele>308.898017</ele>
      </trkpt>
      <trkpt lat="48.718936" lon="13.076927">
        <ele>309.020087</ele>
      </trkpt>
      <trkpt lat="48.718896" lon="13.076993">
        <ele>309.053936</ele>
      </trkpt>
      <trkpt lat="48.718845" lon="13.077081">
        <ele>309.098174</ele>
      </trkpt>
      <trkpt lat="48.718712" lon="13.077262">
        <ele>309.200499</ele>
      </trkpt>
      <trkpt lat="48.718633" lon="13.077368">
        <ele>309.260898</ele>
      </trkpt>
      <trkpt lat="48.718837" lon="13.077859">
        <ele>309.480051</ele>
      </trkpt>
      <trkpt lat="48.718847" lon="13.078040">
        <ele>309.548652</ele>
      </trkpt>
      <trkpt lat="48.718837" lon="13.078189">
        <ele>309.605217</ele>
      </trkpt>
      <trkpt lat="48.718868" lon="13.078394">
        <ele>309.684651</ele>
      </trkpt>
      <trkpt lat="48.719211" lon="13.079447">
        <ele>310.583850</ele>
      </trkpt>
      <trkpt lat="48.719195" lon="13.079690">
        <ele>310.872365</ele>
      </trkpt>
      <trkpt lat="48.719186" lon="13.079918">
        <ele>311.142213</ele>
      </trkpt>
      <trkpt lat="48.719229" lon="13.080062">
        <ele>311.328954</ele>
      </trkpt>
      <trkpt lat="48.719293" lon="13.080117">
        <ele>311.460700</ele>
      </trkpt>
      <trkpt lat="48.719611" lon="13.080474">
        <ele>312.169337</ele>
      </trkpt>
      <trkpt lat="48.719650" lon="13.080606">
        <ele>312.340208</ele>
      </trkpt>
      <trkpt lat="48.719703" lon="13.080683">
        <ele>312.471674</ele>
      </trkpt>
      <trkpt lat="48.719904" lon="13.080890">
        <ele>312.906830</ele>
      </trkpt>
      <trkpt lat="48.720226" lon="13.081070">
        <ele>313.482854</ele>
      </trkpt>
      <trkpt lat="48.720274" lon="13.081081">
        <ele>313.561113</ele>
      </trkpt>
      <trkpt lat="48.720257" lon="13.081309">
        <ele>313.805145</ele>
      </trkpt>
      <trkpt lat="48.720226" lon="13.081526">
        <ele>314.041283</ele>
      </trkpt>
      <trkpt lat="48.720200" lon="13.081805">
        <ele>314.340958</ele>
      </trkpt>
      <trkpt lat="48.719977" lon="13.082414">
        <ele>315.081736</ele>
      </trkpt>
      <trkpt lat="48.719790" lon="13.082953">
        <ele>315.729423</ele>
      </trkpt>
      <trkpt lat="48.719688" lon="13.083069">
        <ele>315.934993</ele>
      </trkpt>
      <trkpt lat="48.719273" lon="13.084889">
        <ele>315.978289</ele>
      </trkpt>
      <trkpt lat="48.718609" lon="13.086488">
        <ele>315.546863</ele>
      </trkpt>
      <trkpt lat="48.718185" lon="13.087752">
        <ele>314.971233</ele>
      </trkpt>
      <trkpt lat="48.717989" lon="13.088274">
        <ele>314.665444</ele>
      </trkpt>
      <trkpt lat="48.717828" lon="13.088678">
        <ele>314.372137</ele>
      </trkpt>
      <trkpt lat="48.717378" lon="13.089583">
        <ele>313.667895</ele>
      </trkpt>
      <trkpt lat="48.716878" lon="13.090558">
        <ele>312.896069</ele>
      </trkpt>
      <trkpt lat="48.716361" lon="13.091542">
        <ele>312.100540</ele>
      </trkpt>
      <trkpt lat="48.716104" lon="13.092272">
        <ele>311.577246</ele>
      </trkpt>
      <trkpt lat="48.715998" lon="13.092809">
        <ele>311.177026</ele>
      </trkpt>
      <trkpt lat="48.715202" lon="13.092360">
        <ele>310.179653</ele>
      </trkpt>
      <trkpt lat="48.714761" lon="13.093948">
        <ele>309.104213</ele>
      </trkpt>
      <trkpt lat="48.714047" lon="13.096403">
        <ele>308.403586</ele>
      </trkpt>
      <trkpt lat="48.713028" lon="13.099269">
        <ele>308.700771</ele>
      </trkpt>
      <trkpt lat="48.712020" lon="13.101222">
        <ele>308.946562</ele>
      </trkpt>
      <trkpt lat="48.711399" lon="13.102592">
        <ele>308.934461</ele>
      </trkpt>
      <trkpt lat="48.710559" lon="13.104445">
        <ele>308.706868</ele>
      </trkpt>
      <trkpt lat="48.709978" lon="13.105621">
        <ele>308.621065</ele>
      </trkpt>
      <trkpt lat="48.709819" lon="13.105858">
        <ele>308.617424</ele>
      </trkpt>
      <trkpt lat="48.708506" lon="13.106444">
        <ele>308.485140</ele>
      </trkpt>
      <trkpt lat="48.707870" lon="13.106777">
        <ele>308.230304</ele>
      </trkpt>
      <trkpt lat="48.707656" lon="13.106986">
        <ele>308.133885</ele>
      </trkpt>
      <trkpt lat="48.707529" lon="13.107008">
        <ele>308.085475</ele>
      </trkpt>
      <trkpt lat="48.707410" lon="13.106805">
        <ele>308.017616</ele>
      </trkpt>
      <trkpt lat="48.707033" lon="13.106207">
        <ele>307.691354</ele>
      </trkpt>
      <trkpt lat="48.706701" lon="13.105799">
        <ele>307.350123</ele>
      </trkpt>
      <trkpt lat="48.706500" lon="13.105628">
        <ele>307.166109</ele>
      </trkpt>
      <trkpt lat="48.706299" lon="13.105436">
        <ele>306.976434</ele>
      </trkpt>
      <trkpt lat="48.706016" lon="13.105390">
        <ele>306.749223</ele>
      </trkpt>
      <trkpt lat="48.705767" lon="13.105458">
        <ele>306.547247</ele>
      </trkpt>
      <trkpt lat="48.705565" lon="13.105556">
        <ele>306.363946</ele>
      </trkpt>
      <trkpt lat="48.705406" lon="13.105632">
        <ele>306.213144</ele>
      </trkpt>
      <trkpt lat="48.705093" lon="13.105925">
        <ele>305.880368</ele>
      </trkpt>
      <trkpt lat="48.704790" lon="13.106219">
        <ele>305.554929</ele>
      </trkpt>
      <trkpt lat="48.704651" lon="13.106333">
        <ele>305.411969</ele>
      </trkpt>
      <trkpt lat="48.704511" lon="13.106431">
        <ele>305.272479</ele>
      </trkpt>
      <trkpt lat="48.703835" lon="13.106888">
        <ele>304.734617</ele>
      </trkpt>
      <trkpt lat="48.703446" lon="13.107248">
        <ele>304.536747</ele>
      </trkpt>
      <trkpt lat="48.703265" lon="13.107591">
        <ele>304.410931</ele>
      </trkpt>
      <trkpt lat="48.703125" lon="13.107941">
        <ele>304.293679</ele>
      </trkpt>
      <trkpt lat="48.703032" lon="13.108031">
        <ele>304.245776</ele>
      </trkpt>
      <trkpt lat="48.702946" lon="13.108063">
        <ele>304.207334</ele>
      </trkpt>
      <trkpt lat="48.702821" lon="13.108033">
        <ele>304.152395</ele>
      </trkpt>
      <trkpt lat="48.702454" lon="13.107789">
        <ele>304.189147</ele>
      </trkpt>
      <trkpt lat="48.702340" lon="13.107704">
        <ele>304.253910</ele>
      </trkpt>
      <trkpt lat="48.702200" lon="13.107724">
        <ele>304.325589</ele>
      </trkpt>
      <trkpt lat="48.700738" lon="13.108842">
        <ele>305.180782</ele>
      </trkpt>
      <trkpt lat="48.700529" lon="13.108911">
        <ele>305.303062</ele>
      </trkpt>
      <trkpt lat="48.700525" lon="13.109150">
        <ele>305.393264</ele>
      </trkpt>
      <trkpt lat="48.700516" lon="13.109806">
        <ele>305.640821</ele>
      </trkpt>
      <trkpt lat="48.700511" lon="13.110454">
        <ele>305.885323</ele>
      </trkpt>
      <trkpt lat="48.700467" lon="13.111686">
        <ele>306.081328</ele>
      </trkpt>
      <trkpt lat="48.699801" lon="13.112207">
        <ele>306.160359</ele>
      </trkpt>
      <trkpt lat="48.699372" lon="13.112485">
        <ele>306.209557</ele>
      </trkpt>
      <trkpt lat="48.698964" lon="13.112659">
        <ele>306.258055</ele>
      </trkpt>
      <trkpt lat="48.695215" lon="13.113855">
        <ele>306.870681</ele>
      </trkpt>
      <trkpt lat="48.694391" lon="13.114192">
        <ele>307.092402</ele>
      </trkpt>
      <trkpt lat="48.694052" lon="13.114263">
        <ele>307.174595</ele>
      </trkpt>
      <trkpt lat="48.693742" lon="13.114266">
        <ele>307.213854</ele>
      </trkpt>
      <trkpt lat="48.692843" lon="13.114263">
        <ele>307.327702</ele>
      </trkpt>
      <trkpt lat="48.689963" lon="13.113652">
        <ele>307.477422</ele>
      </trkpt>
      <trkpt lat="48.689572" lon="13.113685">
        <ele>307.525313</ele>
      </trkpt>
      <trkpt lat="48.689164" lon="13.113690">
        <ele>307.575210</ele>
      </trkpt>
      <trkpt lat="48.689163" lon="13.113740">
        <ele>307.579248</ele>
      </trkpt>
      <trkpt lat="48.689162" lon="13.114028">
        <ele>307.602499</ele>
      </trkpt>
      <trkpt lat="48.689152" lon="13.114084">
        <ele>307.607182</ele>
      </trkpt>
      <trkpt lat="48.688992" lon="13.114025">
        <ele>307.627321</ele>
      </trkpt>
      <trkpt lat="48.687710" lon="13.113939">
        <ele>307.506904</ele>
      </trkpt>
      <trkpt lat="48.687398" lon="13.113927">
        <ele>307.477476</ele>
      </trkpt>
      <trkpt lat="48.687072" lon="13.113796">
        <ele>307.444925</ele>
      </trkpt>
      <trkpt lat="48.686406" lon="13.113412">
        <ele>307.373668</ele>
      </trkpt>
      <trkpt lat="48.686124" lon="13.113368">
        <ele>307.345321</ele>
      </trkpt>
      <trkpt lat="48.685732" lon="13.113382">
        <ele>307.306112</ele>
      </trkpt>
      <trkpt lat="48.685379" lon="13.113639">
        <ele>307.236915</ele>
      </trkpt>
      <trkpt lat="48.684591" lon="13.113711">
        <ele>306.947285</ele>
      </trkpt>
      <trkpt lat="48.684271" lon="13.113394">
        <ele>306.807003</ele>
      </trkpt>
      <trkpt lat="48.683921" lon="13.113706">
        <ele>306.658005</ele>
      </trkpt>
      <trkpt lat="48.682903" lon="13.114418">
        <ele>306.315844</ele>
      </trkpt>
      <trkpt lat="48.682682" lon="13.114612">
        <ele>306.239583</ele>
      </trkpt>
      <trkpt lat="48.682446" lon="13.114812">
        <ele>306.158845</ele>
      </trkpt>
      <trkpt lat="48.682124" lon="13.115051">
        <ele>306.181514</ele>
      </trkpt>
      <trkpt lat="48.681693" lon="13.115170">
        <ele>306.625395</ele>
      </trkpt>
      <trkpt lat="48.681181" lon="13.115326">
        <ele>307.154540</ele>
      </trkpt>
      <trkpt lat="48.680934" lon="13.115348">
        <ele>307.405230</ele>
      </trkpt>
      <trkpt lat="48.680120" lon="13.115524">
        <ele>308.039271</ele>
      </trkpt>
      <trkpt lat="48.680103" lon="13.115618">
        <ele>308.065688</ele>
      </trkpt>
      <trkpt lat="48.679641" lon="13.115572">
        <ele>308.255757</ele>
      </trkpt>
      <trkpt lat="48.679046" lon="13.115594">
        <ele>308.500087</ele>
      </trkpt>
      <trkpt lat="48.678236" lon="13.115634">
        <ele>308.152668</ele>
      </trkpt>
      <trkpt lat="48.677682" lon="13.115670">
        <ele>307.568579</ele>
      </trkpt>
      <trkpt lat="48.676194" lon="13.115734">
        <ele>305.807802</ele>
      </trkpt>
      <trkpt lat="48.675171" lon="13.115671">
        <ele>304.450995</ele>
      </trkpt>
      <trkpt lat="48.675045" lon="13.115685">
        <ele>304.335107</ele>
      </trkpt>
      <trkpt lat="48.674749" lon="13.115628">
        <ele>304.193394</ele>
      </trkpt>
      <trkpt lat="48.674305" lon="13.115374">
        <ele>303.967979</ele>
      </trkpt>
      <trkpt lat="48.674222" lon="13.115406">
        <ele>303.927302</ele>
      </trkpt>
      <trkpt lat="48.674037" lon="13.115043">
        <ele>303.783495</ele>
      </trkpt>
      <trkpt lat="48.673666" lon="13.114893">
        <ele>303.601123</ele>
      </trkpt>
      <trkpt lat="48.672474" lon="13.114896">
        <ele>303.526041</ele>
      </trkpt>
      <trkpt lat="48.672301" lon="13.114930">
        <ele>303.528901</ele>
      </trkpt>
      <trkpt lat="48.671928" lon="13.115005">
        <ele>303.535070</ele>
      </trkpt>
      <trkpt lat="48.670996" lon="13.115184">
        <ele>303.593426</ele>
      </trkpt>
      <trkpt lat="48.670170" lon="13.115379">
        <ele>303.659100</ele>
      </trkpt>
      <trkpt lat="48.669313" lon="13.115640">
        <ele>303.600085</ele>
      </trkpt>
      <trkpt lat="48.668987" lon="13.115934">
        <ele>303.549473</ele>
      </trkpt>
      <trkpt lat="48.668492" lon="13.116116">
        <ele>303.481528</ele>
      </trkpt>
      <trkpt lat="48.667483" lon="13.116346">
        <ele>303.327113</ele>
      </trkpt>
      <trkpt lat="48.666099" lon="13.117282">
        <ele>303.077600</ele>
      </trkpt>
      <trkpt lat="48.665112" lon="13.118250">
        <ele>302.867575</ele>
      </trkpt>
      <trkpt lat="48.664568" lon="13.119076">
        <ele>302.625963</ele>
      </trkpt>
      <trkpt lat="48.664395" lon="13.119340">
        <ele>302.537884</ele>
      </trkpt>
      <trkpt lat="48.664146" lon="13.119803">
        <ele>302.396473</ele>
      </trkpt>
      <trkpt lat="48.663903" lon="13.120531">
        <ele>302.203285</ele>
      </trkpt>
      <trkpt lat="48.663620" lon="13.121196">
        <ele>302.055878</ele>
      </trkpt>
      <trkpt lat="48.663595" lon="13.121681">
        <ele>301.967380</ele>
      </trkpt>
      <trkpt lat="48.663546" lon="13.121940">
        <ele>301.918368</ele>
      </trkpt>
      <trkpt lat="48.663426" lon="13.122167">
        <ele>301.865475</ele>
      </trkpt>
      <trkpt lat="48.663337" lon="13.122445">
        <ele>301.809274</ele>
      </trkpt>
      <trkpt lat="48.663253" lon="13.123064">
        <ele>301.694314</ele>
      </trkpt>
      <trkpt lat="48.663261" lon="13.123596">
        <ele>301.738353</ele>
      </trkpt>
      <trkpt lat="48.663997" lon="13.123701">
        <ele>301.835667</ele>
      </trkpt>
      <trkpt lat="48.664194" lon="13.123730">
        <ele>301.861722</ele>
      </trkpt>
      <trkpt lat="48.664396" lon="13.123672">
        <ele>301.888787</ele>
      </trkpt>
      <trkpt lat="48.664625" lon="13.123520">
        <ele>301.921701</ele>
      </trkpt>
      <trkpt lat="48.664738" lon="13.123446">
        <ele>301.953687</ele>
      </trkpt>
      <trkpt lat="48.664971" lon="13.123496">
        <ele>302.043329</ele>
      </trkpt>
      <trkpt lat="48.665220" lon="13.123584">
        <ele>302.140729</ele>
      </trkpt>
      <trkpt lat="48.665517" lon="13.123792">
        <ele>302.265380</ele>
      </trkpt>
      <trkpt lat="48.665563" lon="13.123836">
        <ele>302.286106</ele>
      </trkpt>
      <trkpt lat="48.665689" lon="13.123946">
        <ele>302.341509</ele>
      </trkpt>
      <trkpt lat="48.665872" lon="13.124122">
        <ele>302.424092</ele>
      </trkpt>
      <trkpt lat="48.666115" lon="13.124410">
        <ele>302.541642</ele>
      </trkpt>
      <trkpt lat="48.666081" lon="13.124483">
        <ele>302.564115</ele>
      </trkpt>
      <trkpt lat="48.665869" lon="13.124986">
        <ele>302.777755</ele>
      </trkpt>
      <trkpt lat="48.665679" lon="13.125684">
        <ele>303.088935</ele>
      </trkpt>
      <trkpt lat="48.665606" lon="13.126022">
        <ele>303.235512</ele>
      </trkpt>
      <trkpt lat="48.665510" lon="13.126852">
        <ele>303.582831</ele>
      </trkpt>
      <trkpt lat="48.665448" lon="13.126931">
        <ele>303.633402</ele>
      </trkpt>
      <trkpt lat="48.665261" lon="13.127012">
        <ele>303.748468</ele>
      </trkpt>
      <trkpt lat="48.665195" lon="13.127102">
        <ele>303.783935</ele>
      </trkpt>
      <trkpt lat="48.665597" lon="13.128781">
        <ele>304.254924</ele>
      </trkpt>
      <trkpt lat="48.665650" lon="13.128882">
        <ele>304.288944</ele>
      </trkpt>
      <trkpt lat="48.665714" lon="13.128999">
        <ele>304.329008</ele>
      </trkpt>
      <trkpt lat="48.665821" lon="13.129131">
        <ele>304.384120</ele>
      </trkpt>
      <trkpt lat="48.665845" lon="13.129191">
        <ele>304.402619</ele>
      </trkpt>
      <trkpt lat="48.665839" lon="13.129246">
        <ele>304.417320</ele>
      </trkpt>
      <trkpt lat="48.665664" lon="13.129418">
        <ele>304.392162</ele>
      </trkpt>
      <trkpt lat="48.665439" lon="13.129497">
        <ele>304.262986</ele>
      </trkpt>
      <trkpt lat="48.665074" lon="13.129624">
        <ele>304.053529</ele>
      </trkpt>
      <trkpt lat="48.664599" lon="13.129917">
        <ele>303.766673</ele>
      </trkpt>
      <trkpt lat="48.664287" lon="13.130271">
        <ele>303.548620</ele>
      </trkpt>
      <trkpt lat="48.664071" lon="13.130723">
        <ele>303.359367</ele>
      </trkpt>
      <trkpt lat="48.663650" lon="13.131443">
        <ele>303.060041</ele>
      </trkpt>
      <trkpt lat="48.663453" lon="13.132538">
        <ele>302.706776</ele>
      </trkpt>
      <trkpt lat="48.663033" lon="13.134054">
        <ele>302.631242</ele>
      </trkpt>
      <trkpt lat="48.662976" lon="13.134874">
        <ele>302.649799</ele>
      </trkpt>
      <trkpt lat="48.662838" lon="13.136695">
        <ele>302.764450</ele>
      </trkpt>
      <trkpt lat="48.662261" lon="13.141824">
        <ele>303.175786</ele>
      </trkpt>
      <trkpt lat="48.661608" lon="13.146880">
        <ele>304.131958</ele>
      </trkpt>
      <trkpt lat="48.661502" lon="13.147462">
        <ele>304.340028</ele>
      </trkpt>
      <trkpt lat="48.661446" lon="13.147726">
        <ele>304.435591</ele>
      </trkpt>
      <trkpt lat="48.661390" lon="13.147906">
        <ele>304.504165</ele>
      </trkpt>
      <trkpt lat="48.660770" lon="13.149645">
        <ele>305.308651</ele>
      </trkpt>
      <trkpt lat="48.659621" lon="13.152071">
        <ele>306.576639</ele>
      </trkpt>
      <trkpt lat="48.657796" lon="13.154718">
        <ele>308.026648</ele>
      </trkpt>
      <trkpt lat="48.656678" lon="13.156463">
        <ele>310.354834</ele>
      </trkpt>
      <trkpt lat="48.656541" lon="13.156693">
        <ele>310.678633</ele>
      </trkpt>
      <trkpt lat="48.656456" lon="13.156955">
        <ele>310.983817</ele>
      </trkpt>
      <trkpt lat="48.656536" lon="13.157335">
        <ele>311.726071</ele>
      </trkpt>
      <trkpt lat="48.656487" lon="13.157901">
        <ele>312.802811</ele>
      </trkpt>
      <trkpt lat="48.656387" lon="13.158207">
        <ele>313.446771</ele>
      </trkpt>
      <trkpt lat="48.655553" lon="13.159211">
        <ele>316.223158</ele>
      </trkpt>
      <trkpt lat="48.655071" lon="13.160051">
        <ele>316.757269</ele>
      </trkpt>
      <trkpt lat="48.654529" lon="13.160952">
        <ele>317.342243</ele>
      </trkpt>
      <trkpt lat="48.653475" lon="13.162781">
        <ele>316.136824</ele>
      </trkpt>
      <trkpt lat="48.652516" lon="13.164188">
        <ele>314.438702</ele>
      </trkpt>
      <trkpt lat="48.652116" lon="13.164762">
        <ele>313.668506</ele>
      </trkpt>
      <trkpt lat="48.651983" lon="13.164952">
        <ele>313.412958</ele>
      </trkpt>
      <trkpt lat="48.651615" lon="13.165244">
        <ele>313.296627</ele>
      </trkpt>
      <trkpt lat="48.650903" lon="13.166461">
        <ele>313.190250</ele>
      </trkpt>
      <trkpt lat="48.650197" lon="13.168059">
        <ele>314.115836</ele>
      </trkpt>
      <trkpt lat="48.649789" lon="13.168763">
        <ele>314.774974</ele>
      </trkpt>
      <trkpt lat="48.649432" lon="13.169287">
        <ele>314.907200</ele>
      </trkpt>
      <trkpt lat="48.648774" lon="13.170093">
        <ele>314.281169</ele>
      </trkpt>
      <trkpt lat="48.648139" lon="13.170780">
        <ele>313.634740</ele>
      </trkpt>
      <trkpt lat="48.647360" lon="13.171712">
        <ele>311.488197</ele>
      </trkpt>
      <trkpt lat="48.646793" lon="13.172536">
        <ele>309.801914</ele>
      </trkpt>
      <trkpt lat="48.646079" lon="13.173369">
        <ele>308.255232</ele>
      </trkpt>
      <trkpt lat="48.645818" lon="13.173678">
        <ele>307.686718</ele>
      </trkpt>
      <trkpt lat="48.645557" lon="13.173935">
        <ele>307.152499</ele>
      </trkpt>
      <trkpt lat="48.644423" lon="13.175274">
        <ele>305.361360</ele>
      </trkpt>
      <trkpt lat="48.644077" lon="13.175755">
        <ele>304.817355</ele>
      </trkpt>
      <trkpt lat="48.643652" lon="13.176690">
        <ele>304.089178</ele>
      </trkpt>
      <trkpt lat="48.642353" lon="13.178939">
        <ele>302.534526</ele>
      </trkpt>
      <trkpt lat="48.641684" lon="13.180235">
        <ele>301.975251</ele>
      </trkpt>
      <trkpt lat="48.641421" lon="13.180659">
        <ele>302.005258</ele>
      </trkpt>
      <trkpt lat="48.641202" lon="13.181182">
        <ele>302.037206</ele>
      </trkpt>
      <trkpt lat="48.640848" lon="13.182259">
        <ele>302.099274</ele>
      </trkpt>
      <trkpt lat="48.640897" lon="13.182398">
        <ele>302.107403</ele>
      </trkpt>
      <trkpt lat="48.641069" lon="13.182588">
        <ele>302.211379</ele>
      </trkpt>
      <trkpt lat="48.641095" lon="13.182653">
        <ele>302.236828</ele>
      </trkpt>
      <trkpt lat="48.641083" lon="13.182766">
        <ele>302.275160</ele>
      </trkpt>
      <trkpt lat="48.640805" lon="13.183411">
        <ele>302.533085</ele>
      </trkpt>
      <trkpt lat="48.640682" lon="13.183513">
        <ele>302.604177</ele>
      </trkpt>
      <trkpt lat="48.640493" lon="13.183494">
        <ele>302.700188</ele>
      </trkpt>
      <trkpt lat="48.640412" lon="13.183643">
        <ele>302.764811</ele>
      </trkpt>
      <trkpt lat="48.639852" lon="13.185453">
        <ele>303.453728</ele>
      </trkpt>
      <trkpt lat="48.639671" lon="13.186248">
        <ele>303.748633</ele>
      </trkpt>
      <trkpt lat="48.639607" lon="13.186423">
        <ele>303.818781</ele>
      </trkpt>
      <trkpt lat="48.639523" lon="13.186527">
        <ele>303.876384</ele>
      </trkpt>
      <trkpt lat="48.639160" lon="13.186853">
        <ele>304.355971</ele>
      </trkpt>
      <trkpt lat="48.639052" lon="13.186990">
        <ele>304.582500</ele>
      </trkpt>
      <trkpt lat="48.639036" lon="13.187019">
        <ele>304.622630</ele>
      </trkpt>
      <trkpt lat="48.638974" lon="13.187106">
        <ele>304.758544</ele>
      </trkpt>
      <trkpt lat="48.638928" lon="13.187189">
        <ele>304.873610</ele>
      </trkpt>
      <trkpt lat="48.638884" lon="13.187281">
        <ele>304.994243</ele>
      </trkpt>
      <trkpt lat="48.638753" lon="13.187594">
        <ele>305.387792</ele>
      </trkpt>
      <trkpt lat="48.638690" lon="13.187772">
        <ele>305.602279</ele>
      </trkpt>
      <trkpt lat="48.638792" lon="13.187851">
        <ele>305.786466</ele>
      </trkpt>
      <trkpt lat="48.638638" lon="13.188428">
        <ele>306.447468</ele>
      </trkpt>
      <trkpt lat="48.638525" lon="13.188354">
        <ele>306.645389</ele>
      </trkpt>
      <trkpt lat="48.638518" lon="13.188564">
        <ele>306.872160</ele>
      </trkpt>
      <trkpt lat="48.638525" lon="13.189272">
        <ele>308.467265</ele>
      </trkpt>
      <trkpt lat="48.638519" lon="13.189364">
        <ele>308.675522</ele>
      </trkpt>
      <trkpt lat="48.638496" lon="13.189476">
        <ele>308.939729</ele>
      </trkpt>
      <trkpt lat="48.638434" lon="13.190711">
        <ele>311.729859</ele>
      </trkpt>
      <trkpt lat="48.638350" lon="13.191214">
        <ele>312.898604</ele>
      </trkpt>
      <trkpt lat="48.638234" lon="13.191640">
        <ele>313.479227</ele>
      </trkpt>
      <trkpt lat="48.638133" lon="13.192032">
        <ele>313.965535</ele>
      </trkpt>
      <trkpt lat="48.637621" lon="13.193319">
        <ele>315.701865</ele>
      </trkpt>
      <trkpt lat="48.637473" lon="13.193584">
        <ele>316.102903</ele>
      </trkpt>
      <trkpt lat="48.637005" lon="13.194458">
        <ele>315.605581</ele>
      </trkpt>
      <trkpt lat="48.636898" lon="13.194651">
        <ele>315.481278</ele>
      </trkpt>
      <trkpt lat="48.636208" lon="13.195466">
        <ele>314.827721</ele>
      </trkpt>
      <trkpt lat="48.636067" lon="13.195706">
        <ele>314.631966</ele>
      </trkpt>
      <trkpt lat="48.634551" lon="13.199756">
        <ele>312.393177</ele>
      </trkpt>
      <trkpt lat="48.634599" lon="13.199857">
        <ele>312.354577</ele>
      </trkpt>
      <trkpt lat="48.634572" lon="13.199950">
        <ele>312.323059</ele>
      </trkpt>
      <trkpt lat="48.634089" lon="13.201303">
        <ele>312.499797</ele>
      </trkpt>
      <trkpt lat="48.633846" lon="13.201747">
        <ele>312.624764</ele>
      </trkpt>
      <trkpt lat="48.633342" lon="13.202604">
        <ele>312.474406</ele>
      </trkpt>
      <trkpt lat="48.633040" lon="13.203014">
        <ele>311.597969</ele>
      </trkpt>
      <trkpt lat="48.632618" lon="13.203488">
        <ele>310.462700</ele>
      </trkpt>
      <trkpt lat="48.632325" lon="13.203965">
        <ele>309.533032</ele>
      </trkpt>
      <trkpt lat="48.632171" lon="13.204308">
        <ele>308.941059</ele>
      </trkpt>
      <trkpt lat="48.632097" lon="13.204435">
        <ele>308.660974</ele>
      </trkpt>
      <trkpt lat="48.632005" lon="13.204460">
        <ele>308.426262</ele>
      </trkpt>
      <trkpt lat="48.631796" lon="13.204252">
        <ele>307.798109</ele>
      </trkpt>
      <trkpt lat="48.631567" lon="13.203946">
        <ele>307.030946</ele>
      </trkpt>
      <trkpt lat="48.631481" lon="13.203936">
        <ele>306.814360</ele>
      </trkpt>
      <trkpt lat="48.631030" lon="13.205302">
        <ele>304.389481</ele>
      </trkpt>
      <trkpt lat="48.629639" lon="13.207560">
        <ele>303.487553</ele>
      </trkpt>
      <trkpt lat="48.629527" lon="13.207814">
        <ele>303.509425</ele>
      </trkpt>
      <trkpt lat="48.628887" lon="13.209475">
        <ele>303.647148</ele>
      </trkpt>
      <trkpt lat="48.628769" lon="13.209783">
        <ele>303.646966</ele>
      </trkpt>
      <trkpt lat="48.628354" lon="13.211090">
        <ele>303.631309</ele>
      </trkpt>
      <trkpt lat="48.627999" lon="13.212314">
        <ele>303.719913</ele>
      </trkpt>
      <trkpt lat="48.627475" lon="13.213794">
        <ele>304.160795</ele>
      </trkpt>
      <trkpt lat="48.627519" lon="13.213905">
        <ele>304.194783</ele>
      </trkpt>
      <trkpt lat="48.627580" lon="13.213974">
        <ele>304.225042</ele>
      </trkpt>
      <trkpt lat="48.627671" lon="13.214001">
        <ele>304.261884</ele>
      </trkpt>
      <trkpt lat="48.627933" lon="13.213944">
        <ele>304.410722</ele>
      </trkpt>
      <trkpt lat="48.628000" lon="13.213989">
        <ele>304.480213</ele>
      </trkpt>
      <trkpt lat="48.627312" lon="13.215902">
        <ele>305.844772</ele>
      </trkpt>
      <trkpt lat="48.626708" lon="13.217575">
        <ele>306.166655</ele>
      </trkpt>
      <trkpt lat="48.626146" lon="13.219258">
        <ele>305.820027</ele>
      </trkpt>
      <trkpt lat="48.626044" lon="13.219213">
        <ele>305.727621</ele>
      </trkpt>
      <trkpt lat="48.625328" lon="13.218685">
        <ele>305.034865</ele>
      </trkpt>
      <trkpt lat="48.625194" lon="13.219011">
        <ele>304.814176</ele>
      </trkpt>
      <trkpt lat="48.625081" lon="13.219208">
        <ele>304.674468</ele>
      </trkpt>
      <trkpt lat="48.624757" lon="13.219719">
        <ele>304.420130</ele>
      </trkpt>
      <trkpt lat="48.624626" lon="13.219930">
        <ele>304.316151</ele>
      </trkpt>
      <trkpt lat="48.624237" lon="13.220640">
        <ele>303.984907</ele>
      </trkpt>
      <trkpt lat="48.623912" lon="13.221040">
        <ele>303.757237</ele>
      </trkpt>
      <trkpt lat="48.623766" lon="13.221471">
        <ele>303.690287</ele>
      </trkpt>
      <trkpt lat="48.623701" lon="13.221594">
        <ele>303.679985</ele>
      </trkpt>
      <trkpt lat="48.623422" lon="13.222100">
        <ele>303.636880</ele>
      </trkpt>
      <trkpt lat="48.623120" lon="13.222719">
        <ele>303.586551</ele>
      </trkpt>
      <trkpt lat="48.623110" lon="13.222917">
        <ele>303.573561</ele>
      </trkpt>
      <trkpt lat="48.623134" lon="13.223007">
        <ele>303.567212</ele>
      </trkpt>
      <trkpt lat="48.623233" lon="13.223096">
        <ele>303.555815</ele>
      </trkpt>
      <trkpt lat="48.623566" lon="13.223684">
        <ele>303.470315</ele>
      </trkpt>
      <trkpt lat="48.623698" lon="13.223740">
        <ele>303.441470</ele>
      </trkpt>
      <trkpt lat="48.623694" lon="13.223830">
        <ele>303.428925</ele>
      </trkpt>
      <trkpt lat="48.623695" lon="13.223865">
        <ele>303.424053</ele>
      </trkpt>
      <trkpt lat="48.623709" lon="13.224063">
        <ele>303.396358</ele>
      </trkpt>
      <trkpt lat="48.623711" lon="13.224092">
        <ele>303.392303</ele>
      </trkpt>
      <trkpt lat="48.623586" lon="13.224100">
        <ele>303.365979</ele>
      </trkpt>
      <trkpt lat="48.623123" lon="13.223362">
        <ele>303.224468</ele>
      </trkpt>
      <trkpt lat="48.623007" lon="13.223339">
        <ele>303.199852</ele>
      </trkpt>
      <trkpt lat="48.622796" lon="13.223501">
        <ele>303.143184</ele>
      </trkpt>
      <trkpt lat="48.622664" lon="13.223648">
        <ele>303.077466</ele>
      </trkpt>
      <trkpt lat="48.621926" lon="13.224857">
        <ele>302.641313</ele>
      </trkpt>
      <trkpt lat="48.621427" lon="13.225303">
        <ele>302.420609</ele>
      </trkpt>
      <trkpt lat="48.620945" lon="13.225999">
        <ele>302.266603</ele>
      </trkpt>
      <trkpt lat="48.620773" lon="13.226291">
        <ele>302.206848</ele>
      </trkpt>
      <trkpt lat="48.620524" lon="13.226990">
        <ele>302.085533</ele>
      </trkpt>
      <trkpt lat="48.620374" lon="13.227323">
        <ele>302.023966</ele>
      </trkpt>
      <trkpt lat="48.619956" lon="13.228213">
        <ele>302.012608</ele>
      </trkpt>
      <trkpt lat="48.619537" lon="13.229394">
        <ele>302.002366</ele>
      </trkpt>
      <trkpt lat="48.619073" lon="13.230245">
        <ele>302.047914</ele>
      </trkpt>
      <trkpt lat="48.618994" lon="13.230563">
        <ele>302.068426</ele>
      </trkpt>
      <trkpt lat="48.618913" lon="13.230751">
        <ele>302.081975</ele>
      </trkpt>
      <trkpt lat="48.618547" lon="13.231452">
        <ele>302.135910</ele>
      </trkpt>
      <trkpt lat="48.618333" lon="13.231603">
        <ele>302.157478</ele>
      </trkpt>
      <trkpt lat="48.617458" lon="13.233693">
        <ele>302.618317</ele>
      </trkpt>
      <trkpt lat="48.617159" lon="13.234244">
        <ele>302.705749</ele>
      </trkpt>
      <trkpt lat="48.616815" lon="13.234689">
        <ele>302.741191</ele>
      </trkpt>
      <trkpt lat="48.616326" lon="13.235504">
        <ele>302.798162</ele>
      </trkpt>
      <trkpt lat="48.615860" lon="13.236375">
        <ele>302.745254</ele>
      </trkpt>
      <trkpt lat="48.615755" lon="13.236400">
        <ele>302.720453</ele>
      </trkpt>
      <trkpt lat="48.615578" lon="13.236271">
        <ele>302.674611</ele>
      </trkpt>
      <trkpt lat="48.615512" lon="13.236329">
        <ele>302.656802</ele>
      </trkpt>
      <trkpt lat="48.615278" lon="13.236752">
        <ele>302.571723</ele>
      </trkpt>
      <trkpt lat="48.613878" lon="13.239988">
        <ele>301.902993</ele>
      </trkpt>
      <trkpt lat="48.613531" lon="13.240882">
        <ele>301.780052</ele>
      </trkpt>
      <trkpt lat="48.612735" lon="13.242511">
        <ele>301.764580</ele>
      </trkpt>
      <trkpt lat="48.612544" lon="13.242831">
        <ele>301.938166</ele>
      </trkpt>
      <trkpt lat="48.612277" lon="13.243404">
        <ele>302.220427</ele>
      </trkpt>
      <trkpt lat="48.611931" lon="13.244279">
        <ele>302.630951</ele>
      </trkpt>
      <trkpt lat="48.611088" lon="13.246515">
        <ele>306.168984</ele>
      </trkpt>
      <trkpt lat="48.611067" lon="13.246671">
        <ele>306.396551</ele>
      </trkpt>
      <trkpt lat="48.611248" lon="13.246901">
        <ele>306.889457</ele>
      </trkpt>
      <trkpt lat="48.611223" lon="13.247118">
        <ele>307.187098</ele>
      </trkpt>
      <trkpt lat="48.611036" lon="13.247781">
        <ele>308.161095</ele>
      </trkpt>
      <trkpt lat="48.610698" lon="13.248735">
        <ele>309.623622</ele>
      </trkpt>
      <trkpt lat="48.610616" lon="13.249199">
        <ele>310.242527</ele>
      </trkpt>
      <trkpt lat="48.610425" lon="13.249654">
        <ele>309.957656</ele>
      </trkpt>
      <trkpt lat="48.609833" lon="13.250834">
        <ele>309.174728</ele>
      </trkpt>
      <trkpt lat="48.609591" lon="13.251536">
        <ele>308.723922</ele>
      </trkpt>
      <trkpt lat="48.609507" lon="13.251906">
        <ele>308.399480</ele>
      </trkpt>
      <trkpt lat="48.608781" lon="13.255785">
        <ele>305.348976</ele>
      </trkpt>
      <trkpt lat="48.608572" lon="13.257212">
        <ele>304.410642</ele>
      </trkpt>
      <trkpt lat="48.608471" lon="13.258484">
        <ele>303.642110</ele>
      </trkpt>
      <trkpt lat="48.608445" lon="13.258725">
        <ele>303.495626</ele>
      </trkpt>
      <trkpt lat="48.608358" lon="13.259237">
        <ele>303.178506</ele>
      </trkpt>
      <trkpt lat="48.608297" lon="13.263284">
        <ele>301.528423</ele>
      </trkpt>
      <trkpt lat="48.608435" lon="13.266327">
        <ele>300.787808</ele>
      </trkpt>
      <trkpt lat="48.608410" lon="13.266573">
        <ele>300.744857</ele>
      </trkpt>
      <trkpt lat="48.608481" lon="13.267049">
        <ele>300.660648</ele>
      </trkpt>
      <trkpt lat="48.608601" lon="13.267334">
        <ele>300.602340</ele>
      </trkpt>
      <trkpt lat="48.608599" lon="13.267549">
        <ele>300.583349</ele>
      </trkpt>
      <trkpt lat="48.608687" lon="13.267736">
        <ele>300.580862</ele>
      </trkpt>
      <trkpt lat="48.609078" lon="13.268729">
        <ele>300.568340</ele>
      </trkpt>
      <trkpt lat="48.609377" lon="13.269470">
        <ele>300.558934</ele>
      </trkpt>
      <trkpt lat="48.610105" lon="13.271095">
        <ele>300.760139</ele>
      </trkpt>
      <trkpt lat="48.610521" lon="13.271940">
        <ele>300.894485</ele>
      </trkpt>
      <trkpt lat="48.610897" lon="13.273021">
        <ele>301.043666</ele>
      </trkpt>
      <trkpt lat="48.611304" lon="13.273920">
        <ele>301.176440</ele>
      </trkpt>
      <trkpt lat="48.611374" lon="13.274436">
        <ele>301.232796</ele>
      </trkpt>
      <trkpt lat="48.612206" lon="13.277088">
        <ele>301.175596</ele>
      </trkpt>
      <trkpt lat="48.612464" lon="13.278388">
        <ele>301.050905</ele>
      </trkpt>
      <trkpt lat="48.612521" lon="13.278947">
        <ele>300.998944</ele>
      </trkpt>
      <trkpt lat="48.612792" lon="13.280730">
        <ele>301.842357</ele>
      </trkpt>
      <trkpt lat="48.612760" lon="13.282134">
        <ele>302.801814</ele>
      </trkpt>
      <trkpt lat="48.612787" lon="13.282848">
        <ele>304.025541</ele>
      </trkpt>
      <trkpt lat="48.613117" lon="13.283126">
        <ele>305.011689</ele>
      </trkpt>
      <trkpt lat="48.613152" lon="13.283351">
        <ele>305.410653</ele>
      </trkpt>
      <trkpt lat="48.612966" lon="13.285116">
        <ele>307.807479</ele>
      </trkpt>
      <trkpt lat="48.612618" lon="13.287513">
        <ele>308.843135</ele>
      </trkpt>
      <trkpt lat="48.612359" lon="13.288920">
        <ele>308.383869</ele>
      </trkpt>
      <trkpt lat="48.611785" lon="13.291137">
        <ele>307.814767</ele>
      </trkpt>
      <trkpt lat="48.611474" lon="13.292214">
        <ele>307.592935</ele>
      </trkpt>
      <trkpt lat="48.610694" lon="13.295450">
        <ele>307.786298</ele>
      </trkpt>
      <trkpt lat="48.610386" lon="13.296577">
        <ele>307.706800</ele>
      </trkpt>
      <trkpt lat="48.610172" lon="13.297628">
        <ele>307.486408</ele>
      </trkpt>
      <trkpt lat="48.609651" lon="13.301725">
        <ele>304.147757</ele>
      </trkpt>
      <trkpt lat="48.609509" lon="13.303213">
        <ele>303.103497</ele>
      </trkpt>
      <trkpt lat="48.609441" lon="13.303918">
        <ele>302.826734</ele>
      </trkpt>
      <trkpt lat="48.609295" lon="13.304901">
        <ele>302.435360</ele>
      </trkpt>
      <trkpt lat="48.608840" lon="13.306506">
        <ele>301.883027</ele>
      </trkpt>
      <trkpt lat="48.608619" lon="13.307101">
        <ele>301.690381</ele>
      </trkpt>
      <trkpt lat="48.608467" lon="13.307405">
        <ele>301.582793</ele>
      </trkpt>
      <trkpt lat="48.607007" lon="13.309645">
        <ele>300.568842</ele>
      </trkpt>
      <trkpt lat="48.606726" lon="13.310169">
        <ele>300.482150</ele>
      </trkpt>
      <trkpt lat="48.606554" lon="13.310583">
        <ele>300.426265</ele>
      </trkpt>
      <trkpt lat="48.606376" lon="13.311129">
        <ele>300.356685</ele>
      </trkpt>
      <trkpt lat="48.605512" lon="13.314468">
        <ele>300.162476</ele>
      </trkpt>
      <trkpt lat="48.604961" lon="13.317183">
        <ele>300.355406</ele>
      </trkpt>
      <trkpt lat="48.604216" lon="13.321045">
        <ele>300.316876</ele>
      </trkpt>
      <trkpt lat="48.603929" lon="13.322274">
        <ele>300.301431</ele>
      </trkpt>
      <trkpt lat="48.603784" lon="13.323096">
        <ele>300.277854</ele>
      </trkpt>
      <trkpt lat="48.603683" lon="13.323947">
        <ele>300.251626</ele>
      </trkpt>
      <trkpt lat="48.603609" lon="13.325330">
        <ele>300.196888</ele>
      </trkpt>
      <trkpt lat="48.603464" lon="13.326643">
        <ele>300.092278</ele>
      </trkpt>
      <trkpt lat="48.603363" lon="13.328983">
        <ele>299.873255</ele>
      </trkpt>
      <trkpt lat="48.603591" lon="13.329886">
        <ele>299.769732</ele>
      </trkpt>
      <trkpt lat="48.603654" lon="13.330233">
        <ele>299.731192</ele>
      </trkpt>
      <trkpt lat="48.603654" lon="13.330275">
        <ele>299.726694</ele>
      </trkpt>
      <trkpt lat="48.603655" lon="13.330428">
        <ele>299.710808</ele>
      </trkpt>
      <trkpt lat="48.603653" lon="13.330505">
        <ele>299.704516</ele>
      </trkpt>
      <trkpt lat="48.603575" lon="13.331175">
        <ele>299.648964</ele>
      </trkpt>
      <trkpt lat="48.602984" lon="13.334603">
        <ele>299.374719</ele>
      </trkpt>
      <trkpt lat="48.602349" lon="13.337630">
        <ele>299.153690</ele>
      </trkpt>
      <trkpt lat="48.602038" lon="13.340292">
        <ele>299.186820</ele>
      </trkpt>
      <trkpt lat="48.601944" lon="13.342320">
        <ele>299.328404</ele>
      </trkpt>
      <trkpt lat="48.601924" lon="13.344222">
        <ele>299.353226</ele>
      </trkpt>
      <trkpt lat="48.601858" lon="13.345463">
        <ele>299.138829</ele>
      </trkpt>
      <trkpt lat="48.601993" lon="13.347825">
        <ele>298.662292</ele>
      </trkpt>
      <trkpt lat="48.601960" lon="13.349531">
        <ele>298.431308</ele>
      </trkpt>
      <trkpt lat="48.601948" lon="13.349967">
        <ele>298.486540</ele>
      </trkpt>
      <trkpt lat="48.601895" lon="13.351788">
        <ele>298.717247</ele>
      </trkpt>
      <trkpt lat="48.601805" lon="13.354913">
        <ele>299.264521</ele>
      </trkpt>
      <trkpt lat="48.601699" lon="13.356363">
        <ele>299.031092</ele>
      </trkpt>
      <trkpt lat="48.601644" lon="13.356845">
        <ele>298.952827</ele>
      </trkpt>
      <trkpt lat="48.601586" lon="13.357357">
        <ele>298.876024</ele>
      </trkpt>
      <trkpt lat="48.601278" lon="13.359156">
        <ele>298.683907</ele>
      </trkpt>
      <trkpt lat="48.601153" lon="13.359871">
        <ele>298.607449</ele>
      </trkpt>
      <trkpt lat="48.600786" lon="13.361962">
        <ele>299.267326</ele>
      </trkpt>
      <trkpt lat="48.600271" lon="13.365206">
        <ele>299.962957</ele>
      </trkpt>
      <trkpt lat="48.599692" lon="13.368675">
        <ele>298.811450</ele>
      </trkpt>
      <trkpt lat="48.599776" lon="13.368816">
        <ele>298.740211</ele>
      </trkpt>
      <trkpt lat="48.599951" lon="13.368899">
        <ele>298.636103</ele>
      </trkpt>
      <trkpt lat="48.599920" lon="13.369269">
        <ele>298.496101</ele>
      </trkpt>
      <trkpt lat="48.599565" lon="13.370072">
        <ele>298.133514</ele>
      </trkpt>
      <trkpt lat="48.599484" lon="13.370483">
        <ele>298.199107</ele>
      </trkpt>
      <trkpt lat="48.599281" lon="13.372036">
        <ele>298.454042</ele>
      </trkpt>
      <trkpt lat="48.599211" lon="13.372332">
        <ele>298.504666</ele>
      </trkpt>
      <trkpt lat="48.599075" lon="13.372579">
        <ele>298.556425</ele>
      </trkpt>
      <trkpt lat="48.598969" lon="13.373652">
        <ele>298.692446</ele>
      </trkpt>
      <trkpt lat="48.599049" lon="13.373968">
        <ele>298.733926</ele>
      </trkpt>
      <trkpt lat="48.599197" lon="13.374093">
        <ele>298.765351</ele>
      </trkpt>
      <trkpt lat="48.599006" lon="13.375777">
        <ele>299.198635</ele>
      </trkpt>
      <trkpt lat="48.598812" lon="13.376833">
        <ele>299.748883</ele>
      </trkpt>
      <trkpt lat="48.598748" lon="13.377028">
        <ele>299.858177</ele>
      </trkpt>
      <trkpt lat="48.598372" lon="13.378264">
        <ele>300.810591</ele>
      </trkpt>
      <trkpt lat="48.597978" lon="13.379354">
        <ele>302.049012</ele>
      </trkpt>
      <trkpt lat="48.596616" lon="13.382463">
        <ele>303.767543</ele>
      </trkpt>
      <trkpt lat="48.596138" lon="13.384132">
        <ele>304.780071</ele>
      </trkpt>
      <trkpt lat="48.596044" lon="13.384414">
        <ele>304.955877</ele>
      </trkpt>
      <trkpt lat="48.595885" lon="13.384966">
        <ele>305.319625</ele>
      </trkpt>
      <trkpt lat="48.595650" lon="13.385780">
        <ele>306.085776</ele>
      </trkpt>
      <trkpt lat="48.595086" lon="13.387104">
        <ele>307.444286</ele>
      </trkpt>
      <trkpt lat="48.593805" lon="13.389084">
        <ele>307.760870</ele>
      </trkpt>
      <trkpt lat="48.593615" lon="13.389569">
        <ele>307.825937</ele>
      </trkpt>
      <trkpt lat="48.593615" lon="13.389769">
        <ele>307.851426</ele>
      </trkpt>
      <trkpt lat="48.593589" lon="13.390017">
        <ele>307.883426</ele>
      </trkpt>
      <trkpt lat="48.593460" lon="13.390357">
        <ele>307.933380</ele>
      </trkpt>
      <trkpt lat="48.593269" lon="13.390704">
        <ele>307.990913</ele>
      </trkpt>
      <trkpt lat="48.593209" lon="13.390815">
        <ele>308.009183</ele>
      </trkpt>
      <trkpt lat="48.593008" lon="13.391113">
        <ele>308.063426</ele>
      </trkpt>
      <trkpt lat="48.592655" lon="13.391897">
        <ele>308.138551</ele>
      </trkpt>
      <trkpt lat="48.592382" lon="13.392491">
        <ele>308.169830</ele>
      </trkpt>
      <trkpt lat="48.592207" lon="13.392873">
        <ele>308.189923</ele>
      </trkpt>
      <trkpt lat="48.591937" lon="13.393350">
        <ele>308.217072</ele>
      </trkpt>
      <trkpt lat="48.591725" lon="13.393863">
        <ele>308.111444</ele>
      </trkpt>
      <trkpt lat="48.591435" lon="13.394440">
        <ele>307.752371</ele>
      </trkpt>
      <trkpt lat="48.591245" lon="13.394749">
        <ele>307.543324</ele>
      </trkpt>
      <trkpt lat="48.591078" lon="13.395038">
        <ele>307.353175</ele>
      </trkpt>
      <trkpt lat="48.590908" lon="13.395331">
        <ele>307.160054</ele>
      </trkpt>
      <trkpt lat="48.590628" lon="13.395815">
        <ele>306.800038</ele>
      </trkpt>
      <trkpt lat="48.590405" lon="13.396144">
        <ele>306.345923</ele>
      </trkpt>
      <trkpt lat="48.590204" lon="13.396442">
        <ele>305.935625</ele>
      </trkpt>
      <trkpt lat="48.589285" lon="13.397412">
        <ele>304.302108</ele>
      </trkpt>
      <trkpt lat="48.588959" lon="13.397805">
        <ele>304.158263</ele>
      </trkpt>
      <trkpt lat="48.588724" lon="13.398131">
        <ele>304.072091</ele>
      </trkpt>
      <trkpt lat="48.588052" lon="13.399297">
        <ele>303.795706</ele>
      </trkpt>
      <trkpt lat="48.587788" lon="13.399847">
        <ele>303.802019</ele>
      </trkpt>
      <trkpt lat="48.587745" lon="13.399991">
        <ele>303.808605</ele>
      </trkpt>
      <trkpt lat="48.587665" lon="13.400182">
        <ele>303.818028</ele>
      </trkpt>
      <trkpt lat="48.587516" lon="13.400436">
        <ele>303.832179</ele>
      </trkpt>
      <trkpt lat="48.587423" lon="13.400530">
        <ele>303.839229</ele>
      </trkpt>
      <trkpt lat="48.587304" lon="13.400611">
        <ele>303.847453</ele>
      </trkpt>
      <trkpt lat="48.587002" lon="13.400845">
        <ele>303.868838</ele>
      </trkpt>
      <trkpt lat="48.586574" lon="13.401267">
        <ele>303.974219</ele>
      </trkpt>
      <trkpt lat="48.586311" lon="13.401686">
        <ele>304.177388</ele>
      </trkpt>
      <trkpt lat="48.585843" lon="13.402577">
        <ele>304.577575</ele>
      </trkpt>
      <trkpt lat="48.585561" lon="13.403118">
        <ele>304.819849</ele>
      </trkpt>
      <trkpt lat="48.585477" lon="13.403330">
        <ele>305.057981</ele>
      </trkpt>
      <trkpt lat="48.585031" lon="13.404979">
        <ele>307.286133</ele>
      </trkpt>
      <trkpt lat="48.584747" lon="13.405806">
        <ele>308.356543</ele>
      </trkpt>
      <trkpt lat="48.584411" lon="13.406446">
        <ele>308.900753</ele>
      </trkpt>
      <trkpt lat="48.584189" lon="13.407131">
        <ele>309.408818</ele>
      </trkpt>
      <trkpt lat="48.583980" lon="13.407503">
        <ele>309.733897</ele>
      </trkpt>
      <trkpt lat="48.583489" lon="13.408219">
        <ele>309.722307</ele>
      </trkpt>
      <trkpt lat="48.582912" lon="13.408916">
        <ele>309.029016</ele>
      </trkpt>
      <trkpt lat="48.582695" lon="13.409205">
        <ele>308.757551</ele>
      </trkpt>
      <trkpt lat="48.582267" lon="13.409731">
        <ele>308.040904</ele>
      </trkpt>
      <trkpt lat="48.582200" lon="13.409490">
        <ele>307.632546</ele>
      </trkpt>
      <trkpt lat="48.582150" lon="13.409371">
        <ele>307.412332</ele>
      </trkpt>
      <trkpt lat="48.581983" lon="13.409566">
        <ele>306.914047</ele>
      </trkpt>
      <trkpt lat="48.581021" lon="13.410328">
        <ele>304.349501</ele>
      </trkpt>
      <trkpt lat="48.579900" lon="13.411122">
        <ele>301.347220</ele>
      </trkpt>
      <trkpt lat="48.579546" lon="13.411372">
        <ele>300.397542</ele>
      </trkpt>
      <trkpt lat="48.579340" lon="13.411558">
        <ele>299.814329</ele>
      </trkpt>
      <trkpt lat="48.579261" lon="13.411638">
        <ele>299.686405</ele>
      </trkpt>
      <trkpt lat="48.578853" lon="13.412101">
        <ele>299.203330</ele>
      </trkpt>
      <trkpt lat="48.578568" lon="13.412577">
        <ele>298.801170</ele>
      </trkpt>
      <trkpt lat="48.578200" lon="13.413325">
        <ele>298.217242</ele>
      </trkpt>
      <trkpt lat="48.578052" lon="13.413534">
        <ele>298.042577</ele>
      </trkpt>
      <trkpt lat="48.577911" lon="13.413601">
        <ele>298.003489</ele>
      </trkpt>
      <trkpt lat="48.577847" lon="13.413679">
        <ele>297.981747</ele>
      </trkpt>
      <trkpt lat="48.577775" lon="13.413887">
        <ele>297.940674</ele>
      </trkpt>
      <trkpt lat="48.577703" lon="13.414382">
        <ele>297.851997</ele>
      </trkpt>
      <trkpt lat="48.577561" lon="13.414925">
        <ele>297.749838</ele>
      </trkpt>
      <trkpt lat="48.577497" lon="13.415070">
        <ele>297.719340</ele>
      </trkpt>
      <trkpt lat="48.577371" lon="13.415227">
        <ele>297.676155</ele>
      </trkpt>
      <trkpt lat="48.576961" lon="13.414972">
        <ele>297.626967</ele>
      </trkpt>
      <trkpt lat="48.575807" lon="13.414237">
        <ele>298.835710</ele>
      </trkpt>
      <trkpt lat="48.575637" lon="13.414086">
        <ele>299.026039</ele>
      </trkpt>
      <trkpt lat="48.575556" lon="13.414352">
        <ele>299.213043</ele>
      </trkpt>
      <trkpt lat="48.575525" lon="13.414475">
        <ele>299.297101</ele>
      </trkpt>
      <trkpt lat="48.575489" lon="13.414621">
        <ele>299.427266</ele>
      </trkpt>
      <trkpt lat="48.575387" lon="13.414958">
        <ele>299.747393</ele>
      </trkpt>
      <trkpt lat="48.575243" lon="13.415299">
        <ele>300.096847</ele>
      </trkpt>
      <trkpt lat="48.574997" lon="13.415501">
        <ele>300.462369</ele>
      </trkpt>
      <trkpt lat="48.574790" lon="13.415510">
        <ele>300.732743</ele>
      </trkpt>
      <trkpt lat="48.574550" lon="13.415342">
        <ele>301.078066</ele>
      </trkpt>
      <trkpt lat="48.574414" lon="13.415766">
        <ele>301.485111</ele>
      </trkpt>
      <trkpt lat="48.574266" lon="13.416269">
        <ele>301.638038</ele>
      </trkpt>
      <trkpt lat="48.574057" lon="13.416979">
        <ele>301.593780</ele>
      </trkpt>
      <trkpt lat="48.574048" lon="13.417009">
        <ele>301.591904</ele>
      </trkpt>
      <trkpt lat="48.574004" lon="13.417158">
        <ele>301.582611</ele>
      </trkpt>
      <trkpt lat="48.573746" lon="13.418164">
        <ele>301.521161</ele>
      </trkpt>
      <trkpt lat="48.573655" lon="13.418585">
        <ele>301.453917</ele>
      </trkpt>
      <trkpt lat="48.573620" lon="13.418880">
        <ele>301.337669</ele>
      </trkpt>
      <trkpt lat="48.573608" lon="13.418973">
        <ele>301.300917</ele>
      </trkpt>
      <trkpt lat="48.573436" lon="13.420846">
        <ele>300.567461</ele>
      </trkpt>
      <trkpt lat="48.573412" lon="13.421288">
        <ele>300.449100</ele>
      </trkpt>
      <trkpt lat="48.573399" lon="13.421478">
        <ele>300.449557</ele>
      </trkpt>
      <trkpt lat="48.573390" lon="13.421715">
        <ele>300.450125</ele>
      </trkpt>
      <trkpt lat="48.573378" lon="13.422022">
        <ele>300.450861</ele>
      </trkpt>
      <trkpt lat="48.573288" lon="13.422147">
        <ele>300.451303</ele>
      </trkpt>
      <trkpt lat="48.573390" lon="13.423651">
        <ele>300.454920</ele>
      </trkpt>
      <trkpt lat="48.573410" lon="13.423911">
        <ele>300.468674</ele>
      </trkpt>
      <trkpt lat="48.573518" lon="13.425318">
        <ele>300.636028</ele>
      </trkpt>
      <trkpt lat="48.573564" lon="13.426213">
        <ele>300.742091</ele>
      </trkpt>
      <trkpt lat="48.573561" lon="13.428834">
        <ele>300.901021</ele>
      </trkpt>
      <trkpt lat="48.573236" lon="13.438045">
        <ele>302.552980</ele>
      </trkpt>
      <trkpt lat="48.573165" lon="13.438326">
        <ele>302.521007</ele>
      </trkpt>
      <trkpt lat="48.573193" lon="13.438621">
        <ele>302.489328</ele>
      </trkpt>
      <trkpt lat="48.573566" lon="13.440528">
        <ele>302.316856</ele>
      </trkpt>
      <trkpt lat="48.573599" lon="13.440738">
        <ele>302.309189</ele>
      </trkpt>
      <trkpt lat="48.573767" lon="13.441729">
        <ele>302.272851</ele>
      </trkpt>
      <trkpt lat="48.574307" lon="13.444885">
        <ele>302.900861</ele>
      </trkpt>
      <trkpt lat="48.574611" lon="13.447052">
        <ele>303.586319</ele>
      </trkpt>
      <trkpt lat="48.574658" lon="13.447325">
        <ele>303.675152</ele>
      </trkpt>
      <trkpt lat="48.574687" lon="13.447595">
        <ele>303.761290</ele>
      </trkpt>
      <trkpt lat="48.574719" lon="13.448055">
        <ele>303.854695</ele>
      </trkpt>
      <trkpt lat="48.574671" lon="13.448121">
        <ele>303.845065</ele>
      </trkpt>
      <trkpt lat="48.574687" lon="13.448395">
        <ele>303.818058</ele>
      </trkpt>
      <trkpt lat="48.574676" lon="13.448542">
        <ele>303.803532</ele>
      </trkpt>
      <trkpt lat="48.574701" lon="13.448585">
        <ele>303.797912</ele>
      </trkpt>
      <trkpt lat="48.574800" lon="13.448656">
        <ele>303.781651</ele>
      </trkpt>
      <trkpt lat="48.574832" lon="13.448957">
        <ele>303.751718</ele>
      </trkpt>
      <trkpt lat="48.574902" lon="13.449524">
        <ele>303.695087</ele>
      </trkpt>
      <trkpt lat="48.574918" lon="13.449660">
        <ele>303.681524</ele>
      </trkpt>
      <trkpt lat="48.574942" lon="13.450091">
        <ele>303.639057</ele>
      </trkpt>
      <trkpt lat="48.574972" lon="13.450528">
        <ele>303.584644</ele>
      </trkpt>
      <trkpt lat="48.574992" lon="13.450526">
        <ele>303.573838</ele>
      </trkpt>
      <trkpt lat="48.575188" lon="13.450508">
        <ele>303.467979</ele>
      </trkpt>
      <trkpt lat="48.575316" lon="13.450495">
        <ele>303.398818</ele>
      </trkpt>
      <trkpt lat="48.575293" lon="13.451351">
        <ele>303.093239</ele>
      </trkpt>
      <trkpt lat="48.575356" lon="13.452735">
        <ele>302.592412</ele>
      </trkpt>
      <trkpt lat="48.575494" lon="13.453971">
        <ele>302.061825</ele>
      </trkpt>
      <trkpt lat="48.575662" lon="13.455354">
        <ele>301.501504</ele>
      </trkpt>
      <trkpt lat="48.575668" lon="13.455401">
        <ele>301.534769</ele>
      </trkpt>
      <trkpt lat="48.575740" lon="13.455925">
        <ele>301.906692</ele>
      </trkpt>
      <trkpt lat="48.575854" lon="13.456644">
        <ele>302.420506</ele>
      </trkpt>
      <trkpt lat="48.576068" lon="13.458682">
        <ele>304.107676</ele>
      </trkpt>
      <trkpt lat="48.576200" lon="13.459732">
        <ele>305.237715</ele>
      </trkpt>
      <trkpt lat="48.576228" lon="13.460060">
        <ele>305.587387</ele>
      </trkpt>
      <trkpt lat="48.576238" lon="13.460178">
        <ele>305.713169</ele>
      </trkpt>
      <trkpt lat="48.576318" lon="13.461255">
        <ele>306.001058</ele>
      </trkpt>
      <trkpt lat="48.576325" lon="13.461791">
        <ele>305.777962</ele>
      </trkpt>
      <trkpt lat="48.576304" lon="13.462273">
        <ele>305.576946</ele>
      </trkpt>
      <trkpt lat="48.576283" lon="13.462488">
        <ele>305.486506</ele>
      </trkpt>
      <trkpt lat="48.576117" lon="13.463848">
        <ele>304.735496</ele>
      </trkpt>
      <trkpt lat="48.575997" lon="13.464395">
        <ele>304.286360</ele>
      </trkpt>
      <trkpt lat="48.575960" lon="13.464426">
        <ele>304.236528</ele>
      </trkpt>
      <trkpt lat="48.575975" lon="13.464488">
        <ele>304.185078</ele>
      </trkpt>
      <trkpt lat="48.575961" lon="13.464863">
        <ele>303.892351</ele>
      </trkpt>
      <trkpt lat="48.575939" lon="13.465143">
        <ele>303.672596</ele>
      </trkpt>
      <trkpt lat="48.575895" lon="13.465646">
        <ele>303.277163</ele>
      </trkpt>
      <trkpt lat="48.575860" lon="13.465992">
        <ele>303.004369</ele>
      </trkpt>
      <trkpt lat="48.575812" lon="13.466364">
        <ele>302.872148</ele>
      </trkpt>
      <trkpt lat="48.575740" lon="13.466917">
        <ele>302.684922</ele>
      </trkpt>
      <trkpt lat="48.575655" lon="13.467518">
        <ele>302.480763</ele>
      </trkpt>
      <trkpt lat="48.575570" lon="13.468114">
        <ele>302.278227</ele>
      </trkpt>
      <trkpt lat="48.575491" lon="13.468619">
        <ele>302.105844</ele>
      </trkpt>
      <trkpt lat="48.575447" lon="13.468920">
        <ele>302.067381</ele>
      </trkpt>
      <trkpt lat="48.575436" lon="13.468996">
        <ele>302.060564</ele>
      </trkpt>
      <trkpt lat="48.575371" lon="13.469448">
        <ele>302.020033</ele>
      </trkpt>
      <trkpt lat="48.575326" lon="13.469677">
        <ele>301.999101</ele>
      </trkpt>
      <trkpt lat="48.575226" lon="13.470312">
        <ele>301.941906</ele>
      </trkpt>
      <trkpt lat="48.575202" lon="13.470367">
        <ele>301.936133</ele>
      </trkpt>
      <trkpt lat="48.575084" lon="13.470467">
        <ele>301.918217</ele>
      </trkpt>
      <trkpt lat="48.575034" lon="13.470483">
        <ele>301.911448</ele>
      </trkpt>
      <trkpt lat="48.574983" lon="13.470502">
        <ele>301.904492</ele>
      </trkpt>
      <trkpt lat="48.574947" lon="13.470519">
        <ele>301.899497</ele>
      </trkpt>
      <trkpt lat="48.574912" lon="13.470560">
        <ele>301.893632</ele>
      </trkpt>
      <trkpt lat="48.574888" lon="13.470613">
        <ele>301.888005</ele>
      </trkpt>
      <trkpt lat="48.574861" lon="13.470788">
        <ele>301.872259</ele>
      </trkpt>
      <trkpt lat="48.574860" lon="13.470910">
        <ele>301.861568</ele>
      </trkpt>
      <trkpt lat="48.574878" lon="13.471009">
        <ele>301.852572</ele>
      </trkpt>
      <trkpt lat="48.574848" lon="13.471045">
        <ele>301.811855</ele>
      </trkpt>
      <trkpt lat="48.574796" lon="13.471117">
        <ele>301.729936</ele>
      </trkpt>
      <trkpt lat="48.574775" lon="13.471157">
        <ele>301.690691</ele>
      </trkpt>
      <trkpt lat="48.574768" lon="13.471199">
        <ele>301.657403</ele>
      </trkpt>
      <trkpt lat="48.574766" lon="13.471261">
        <ele>301.609695</ele>
      </trkpt>
      <trkpt lat="48.574739" lon="13.471384">
        <ele>301.510094</ele>
      </trkpt>
      <trkpt lat="48.574686" lon="13.471721">
        <ele>301.243870</ele>
      </trkpt>
      <trkpt lat="48.574645" lon="13.471834">
        <ele>301.144820</ele>
      </trkpt>
      <trkpt lat="48.574574" lon="13.472236">
        <ele>300.825037</ele>
      </trkpt>
      <trkpt lat="48.574528" lon="13.472389">
        <ele>300.695874</ele>
      </trkpt>
      <trkpt lat="48.574408" lon="13.472698">
        <ele>300.420500</ele>
      </trkpt>
      <trkpt lat="48.574276" lon="13.473175">
        <ele>300.023116</ele>
      </trkpt>
      <trkpt lat="48.574134" lon="13.473513">
        <ele>299.652349</ele>
      </trkpt>
      <trkpt lat="48.574252" lon="13.473666">
        <ele>299.231420</ele>
      </trkpt>
      <trkpt lat="48.574323" lon="13.473753">
        <ele>298.983955</ele>
      </trkpt>
      <trkpt lat="48.574310" lon="13.473787">
        <ele>298.913610</ele>
      </trkpt>
      <trkpt lat="48.574188" lon="13.474112">
        <ele>298.244249</ele>
      </trkpt>
      <trkpt lat="48.574168" lon="13.474169">
        <ele>298.128673</ele>
      </trkpt>
      <trkpt lat="48.574161" lon="13.474249">
        <ele>297.984117</ele>
      </trkpt>
      <trkpt lat="48.574123" lon="13.474441">
        <ele>297.625119</ele>
      </trkpt>
      <trkpt lat="48.574107" lon="13.474591">
        <ele>297.352947</ele>
      </trkpt>
      <trkpt lat="48.574083" lon="13.474774">
        <ele>297.018751</ele>
      </trkpt>
      <trkpt lat="48.574046" lon="13.475042">
        <ele>296.528327</ele>
      </trkpt>
      <trkpt lat="48.574044" lon="13.475098">
        <ele>296.427865</ele>
      </trkpt>
      <trkpt lat="48.574048" lon="13.475161">
        <ele>296.314491</ele>
      </trkpt>
      <trkpt lat="48.574038" lon="13.475278">
        <ele>296.103161</ele>
      </trkpt>
      <trkpt lat="48.573993" lon="13.475596">
        <ele>295.520626</ele>
      </trkpt>
      <trkpt lat="48.573944" lon="13.475950">
        <ele>294.892709</ele>
      </trkpt>
      <trkpt lat="48.574055" lon="13.475989">
        <ele>294.886538</ele>
      </trkpt>
      <trkpt lat="48.574026" lon="13.476184">
        <ele>294.879377</ele>
      </trkpt>
      <trkpt lat="48.573917" lon="13.476146">
        <ele>294.873319</ele>
      </trkpt>
      <trkpt lat="48.573873" lon="13.476461">
        <ele>294.861784</ele>
      </trkpt>
      <trkpt lat="48.573795" lon="13.476746">
        <ele>294.850733</ele>
      </trkpt>
      <trkpt lat="48.573695" lon="13.476763">
        <ele>294.845284</ele>
      </trkpt>
      <trkpt lat="48.573668" lon="13.476713">
        <ele>294.842972</ele>
      </trkpt>
      <trkpt lat="48.573695" lon="13.476763">
        <ele>294.840659</ele>
      </trkpt>
      <trkpt lat="48.573795" lon="13.476746">
        <ele>294.835210</ele>
      </trkpt>
      <trkpt lat="48.573873" lon="13.476461">
        <ele>294.824160</ele>
      </trkpt>
      <trkpt lat="48.573917" lon="13.476146">
        <ele>294.812624</ele>
      </trkpt>
      <trkpt lat="48.574026" lon="13.476184">
        <ele>294.806567</ele>
      </trkpt>
      <trkpt lat="48.574055" lon="13.475989">
        <ele>294.799406</ele>
      </trkpt>
      <trkpt lat="48.573944" lon="13.475950">
        <ele>294.918311</ele>
      </trkpt>
      <trkpt lat="48.573993" lon="13.475596">
        <ele>295.558399</ele>
      </trkpt>
      <trkpt lat="48.574038" lon="13.475278">
        <ele>296.133938</ele>
      </trkpt>
      <trkpt lat="48.574048" lon="13.475161">
        <ele>296.342730</ele>
      </trkpt>
      <trkpt lat="48.574044" lon="13.475098">
        <ele>296.454743</ele>
      </trkpt>
      <trkpt lat="48.574046" lon="13.475042">
        <ele>296.553998</ele>
      </trkpt>
      <trkpt lat="48.574083" lon="13.474774">
        <ele>297.038532</ele>
      </trkpt>
      <trkpt lat="48.574107" lon="13.474591">
        <ele>297.368714</ele>
      </trkpt>
      <trkpt lat="48.574123" lon="13.474441">
        <ele>297.637618</ele>
      </trkpt>
      <trkpt lat="48.574161" lon="13.474249">
        <ele>297.992304</ele>
      </trkpt>
      <trkpt lat="48.574168" lon="13.474169">
        <ele>298.135124</ele>
      </trkpt>
      <trkpt lat="48.574188" lon="13.474112">
        <ele>298.249312</ele>
      </trkpt>
      <trkpt lat="48.574310" lon="13.473787">
        <ele>298.910634</ele>
      </trkpt>
      <trkpt lat="48.574323" lon="13.473753">
        <ele>298.980133</ele>
      </trkpt>
      <trkpt lat="48.574252" lon="13.473666">
        <ele>299.224626</ele>
      </trkpt>
      <trkpt lat="48.574134" lon="13.473513">
        <ele>299.634668</ele>
      </trkpt>
      <trkpt lat="48.574276" lon="13.473175">
        <ele>300.220339</ele>
      </trkpt>
      <trkpt lat="48.574408" lon="13.472698">
        <ele>300.976656</ele>
      </trkpt>
      <trkpt lat="48.574528" lon="13.472389">
        <ele>301.500762</ele>
      </trkpt>
      <trkpt lat="48.574574" lon="13.472236">
        <ele>301.746589</ele>
      </trkpt>
      <trkpt lat="48.574645" lon="13.471834">
        <ele>302.355216</ele>
      </trkpt>
      <trkpt lat="48.574686" lon="13.471721">
        <ele>302.543731</ele>
      </trkpt>
      <trkpt lat="48.574364" lon="13.471687">
        <ele>303.257351</ele>
      </trkpt>
      <trkpt lat="48.574244" lon="13.471592">
        <ele>303.556841</ele>
      </trkpt>
      <trkpt lat="48.574216" lon="13.471445">
        <ele>303.704752</ele>
      </trkpt>
      <trkpt lat="48.574180" lon="13.471104">
        <ele>304.015620</ele>
      </trkpt>
      <trkpt lat="48.574145" lon="13.470286">
        <ele>304.753562</ele>
      </trkpt>
      <trkpt lat="48.573919" lon="13.470268">
        <ele>305.061487</ele>
      </trkpt>
      <trkpt lat="48.573864" lon="13.470263">
        <ele>305.136456</ele>
      </trkpt>
      <trkpt lat="48.573858" lon="13.470223">
        <ele>305.173380</ele>
      </trkpt>
      <trkpt lat="48.573870" lon="13.470020">
        <ele>305.356860</ele>
      </trkpt>
      <trkpt lat="48.573893" lon="13.469626">
        <ele>305.712938</ele>
      </trkpt>
      <trkpt lat="48.573919" lon="13.469451">
        <ele>305.874405</ele>
      </trkpt>
      <trkpt lat="48.573955" lon="13.469283">
        <ele>306.029844</ele>
      </trkpt>
      <trkpt lat="48.574019" lon="13.468991">
        <ele>305.952035</ele>
      </trkpt>
      <trkpt lat="48.574053" lon="13.468838">
        <ele>305.911209</ele>
      </trkpt>
      <trkpt lat="48.574110" lon="13.468616">
        <ele>305.850974</ele>
      </trkpt>
      <trkpt lat="48.574205" lon="13.468262">
        <ele>305.754344</ele>
      </trkpt>
      <trkpt lat="48.574251" lon="13.468087">
        <ele>305.706713</ele>
      </trkpt>
      <trkpt lat="48.574349" lon="13.467512">
        <ele>305.556519</ele>
      </trkpt>
      <trkpt lat="48.574166" lon="13.467466">
        <ele>305.485596</ele>
      </trkpt>
      <trkpt lat="48.574001" lon="13.467442">
        <ele>305.422225</ele>
      </trkpt>
      <trkpt lat="48.573964" lon="13.467403">
        <ele>305.404979</ele>
      </trkpt>
      <trkpt lat="48.573955" lon="13.467377">
        <ele>305.397557</ele>
      </trkpt>
      <trkpt lat="48.573915" lon="13.467226">
        <ele>305.356414</ele>
      </trkpt>
      <trkpt lat="48.573830" lon="13.466376">
        <ele>304.655821</ele>
      </trkpt>
      <trkpt lat="48.573822" lon="13.466314">
        <ele>304.602006</ele>
      </trkpt>
      <trkpt lat="48.573809" lon="13.466245">
        <ele>304.540885</ele>
      </trkpt>
      <trkpt lat="48.573800" lon="13.466202">
        <ele>304.502463</ele>
      </trkpt>
      <trkpt lat="48.573790" lon="13.466167">
        <ele>304.469984</ele>
      </trkpt>
      <trkpt lat="48.573776" lon="13.466116">
        <ele>304.422944</ele>
      </trkpt>
      <trkpt lat="48.573755" lon="13.466027">
        <ele>304.342444</ele>
      </trkpt>
      <trkpt lat="48.573683" lon="13.465842">
        <ele>304.159592</ele>
      </trkpt>
      <trkpt lat="48.573639" lon="13.465807">
        <ele>304.095570</ele>
      </trkpt>
      <trkpt lat="48.573627" lon="13.465806">
        <ele>304.080096</ele>
      </trkpt>
      <trkpt lat="48.573618" lon="13.465805">
        <ele>304.068476</ele>
      </trkpt>
      <trkpt lat="48.573590" lon="13.465779">
        <ele>304.026163</ele>
      </trkpt>
      <trkpt lat="48.573552" lon="13.465619">
        <ele>303.881336</ele>
      </trkpt>
      <trkpt lat="48.573555" lon="13.465306">
        <ele>303.614650</ele>
      </trkpt>
      <trkpt lat="48.573551" lon="13.465062">
        <ele>303.406712</ele>
      </trkpt>
      <trkpt lat="48.573500" lon="13.465087">
        <ele>303.337678</ele>
      </trkpt>
      <trkpt lat="48.573437" lon="13.465106">
        <ele>303.254960</ele>
      </trkpt>
      <trkpt lat="48.573429" lon="13.465110">
        <ele>303.244111</ele>
      </trkpt>
      <trkpt lat="48.571547" lon="13.466002">
        <ele>307.717995</ele>
      </trkpt>
      <trkpt lat="48.571429" lon="13.466032">
        <ele>308.141032</ele>
      </trkpt>
      <trkpt lat="48.571295" lon="13.466065">
        <ele>308.621022</ele>
      </trkpt>
      <trkpt lat="48.571191" lon="13.466134">
        <ele>309.022573</ele>
      </trkpt>
      <trkpt lat="48.571132" lon="13.466179">
        <ele>309.256219</ele>
      </trkpt>
      <trkpt lat="48.571096" lon="13.466229">
        <ele>309.429077</ele>
      </trkpt>
      <trkpt lat="48.571053" lon="13.466264">
        <ele>309.601745</ele>
      </trkpt>
      <trkpt lat="48.570745" lon="13.466454">
        <ele>310.777865</ele>
      </trkpt>
      <trkpt lat="48.570460" lon="13.466630">
        <ele>311.866325</ele>
      </trkpt>
      <trkpt lat="48.570301" lon="13.466720">
        <ele>312.466587</ele>
      </trkpt>
      <trkpt lat="48.570305" lon="13.466744">
        <ele>312.524485</ele>
      </trkpt>
      <trkpt lat="48.570397" lon="13.467369">
        <ele>314.022328</ele>
      </trkpt>
      <trkpt lat="48.570448" lon="13.467806">
        <ele>313.418715</ele>
      </trkpt>
      <trkpt lat="48.570487" lon="13.468697">
        <ele>312.084533</ele>
      </trkpt>
      <trkpt lat="48.570667" lon="13.469245">
        <ele>311.170420</ele>
      </trkpt>
      <trkpt lat="48.570749" lon="13.469331">
        <ele>310.945044</ele>
      </trkpt>
      <trkpt lat="48.570767" lon="13.469339">
        <ele>310.902678</ele>
      </trkpt>
      <trkpt lat="48.570914" lon="13.469385">
        <ele>310.563708</ele>
      </trkpt>
      <trkpt lat="48.570909" lon="13.469681">
        <ele>310.121304</ele>
      </trkpt>
      <trkpt lat="48.570907" lon="13.469783">
        <ele>309.937623</ele>
      </trkpt>
      <trkpt lat="48.570905" lon="13.469989">
        <ele>309.290953</ele>
      </trkpt>
      <trkpt lat="48.570899" lon="13.470633">
        <ele>307.269342</ele>
      </trkpt>
      <trkpt lat="48.571365" lon="13.470626">
        <ele>305.058695</ele>
      </trkpt>
      <trkpt lat="48.571459" lon="13.470622">
        <ele>304.612615</ele>
      </trkpt>
      <trkpt lat="48.571438" lon="13.470857">
        <ele>303.868300</ele>
      </trkpt>
      <trkpt lat="48.571434" lon="13.471198">
        <ele>302.797801</ele>
      </trkpt>
      <trkpt lat="48.571422" lon="13.471555">
        <ele>301.675803</ele>
      </trkpt>
      <trkpt lat="48.571414" lon="13.471815">
        <ele>301.265856</ele>
      </trkpt>
      <trkpt lat="48.571412" lon="13.471888">
        <ele>301.190498</ele>
      </trkpt>
      <trkpt lat="48.571400" lon="13.472367">
        <ele>300.696091</ele>
      </trkpt>
      <trkpt lat="48.571398" lon="13.472438">
        <ele>300.622794</ele>
      </trkpt>
      <trkpt lat="48.571401" lon="13.472647">
        <ele>300.407175</ele>
      </trkpt>
      <trkpt lat="48.571402" lon="13.472741">
        <ele>300.310209</ele>
      </trkpt>
      <trkpt lat="48.571404" lon="13.472810">
        <ele>300.238972</ele>
      </trkpt>
      <trkpt lat="48.571404" lon="13.472840">
        <ele>300.208030</ele>
      </trkpt>
      <trkpt lat="48.571406" lon="13.473434">
        <ele>299.595355</ele>
      </trkpt>
      <trkpt lat="48.571406" lon="13.473507">
        <ele>299.520061</ele>
      </trkpt>
      <trkpt lat="48.571412" lon="13.473788">
        <ele>299.230080</ele>
      </trkpt>
      <trkpt lat="48.571419" lon="13.473896">
        <ele>299.118153</ele>
      </trkpt>
      <trkpt lat="48.571420" lon="13.474672">
        <ele>298.651070</ele>
      </trkpt>
      <trkpt lat="48.571417" lon="13.475765">
        <ele>298.617260</ele>
      </trkpt>
      <trkpt lat="48.571424" lon="13.475926">
        <ele>298.612270</ele>
      </trkpt>
      <trkpt lat="48.571437" lon="13.476115">
        <ele>298.606392</ele>
      </trkpt>
      <trkpt lat="48.571455" lon="13.476375">
        <ele>298.598305</ele>
      </trkpt>
      <trkpt lat="48.571477" lon="13.476759">
        <ele>298.586383</ele>
      </trkpt>
      <trkpt lat="48.571565" lon="13.478200">
        <ele>299.367088</ele>
      </trkpt>
      <trkpt lat="48.571462" lon="13.479155">
        <ele>300.029762</ele>
      </trkpt>
      <trkpt lat="48.571415" lon="13.479482">
        <ele>300.258934</ele>
      </trkpt>
      <trkpt lat="48.571306" lon="13.479382">
        <ele>300.390912</ele>
      </trkpt>
      <trkpt lat="48.571280" lon="13.479598">
        <ele>300.780656</ele>
      </trkpt>
      <trkpt lat="48.571237" lon="13.479816">
        <ele>301.300882</ele>
      </trkpt>
      <trkpt lat="48.571088" lon="13.480480">
        <ele>302.904339</ele>
      </trkpt>
      <trkpt lat="48.571020" lon="13.480775">
        <ele>303.618745</ele>
      </trkpt>
      <trkpt lat="48.570999" lon="13.480873">
        <ele>303.854323</ele>
      </trkpt>
      <trkpt lat="48.570926" lon="13.481197">
        <ele>304.637063</ele>
      </trkpt>
      <trkpt lat="48.570815" lon="13.481893">
        <ele>306.274346</ele>
      </trkpt>
      <trkpt lat="48.570750" lon="13.482921">
        <ele>308.449605</ele>
      </trkpt>
      <trkpt lat="48.570761" lon="13.484331">
        <ele>311.370892</ele>
      </trkpt>
      <trkpt lat="48.570769" lon="13.484982">
        <ele>312.417047</ele>
      </trkpt>
      <trkpt lat="48.570772" lon="13.485819">
        <ele>312.938893</ele>
      </trkpt>
      <trkpt lat="48.570759" lon="13.486763">
        <ele>313.527571</ele>
      </trkpt>
      <trkpt lat="48.570748" lon="13.487364">
        <ele>313.902416</ele>
      </trkpt>
      <trkpt lat="48.570738" lon="13.487691">
        <ele>313.768656</ele>
      </trkpt>
      <trkpt lat="48.570710" lon="13.488447">
        <ele>312.965519</ele>
      </trkpt>
      <trkpt lat="48.570773" lon="13.489238">
        <ele>312.120458</ele>
      </trkpt>
      <trkpt lat="48.570811" lon="13.489424">
        <ele>311.913980</ele>
      </trkpt>
      <trkpt lat="48.570863" lon="13.489629">
        <ele>311.681110</ele>
      </trkpt>
      <trkpt lat="48.570928" lon="13.489853">
        <ele>311.421673</ele>
      </trkpt>
      <trkpt lat="48.571049" lon="13.490199">
        <ele>310.896707</ele>
      </trkpt>
      <trkpt lat="48.571269" lon="13.490735">
        <ele>309.425751</ele>
      </trkpt>
      <trkpt lat="48.571469" lon="13.491104">
        <ele>308.313369</ele>
      </trkpt>
      <trkpt lat="48.571682" lon="13.491459">
        <ele>307.195803</ele>
      </trkpt>
      <trkpt lat="48.571863" lon="13.491781">
        <ele>306.210494</ele>
      </trkpt>
      <trkpt lat="48.572015" lon="13.492049">
        <ele>305.387326</ele>
      </trkpt>
      <trkpt lat="48.572138" lon="13.492305">
        <ele>304.691421</ele>
      </trkpt>
      <trkpt lat="48.572201" lon="13.492575">
        <ele>304.279238</ele>
      </trkpt>
      <trkpt lat="48.572148" lon="13.492606">
        <ele>304.155582</ele>
      </trkpt>
      <trkpt lat="48.572167" lon="13.492686">
        <ele>304.033211</ele>
      </trkpt>
      <trkpt lat="48.572198" lon="13.492860">
        <ele>303.773779</ele>
      </trkpt>
      <trkpt lat="48.572303" lon="13.493437">
        <ele>302.912223</ele>
      </trkpt>
      <trkpt lat="48.572347" lon="13.493629">
        <ele>302.619690</ele>
      </trkpt>
      <trkpt lat="48.572433" lon="13.494093">
        <ele>301.925954</ele>
      </trkpt>
      <trkpt lat="48.572458" lon="13.494262">
        <ele>301.676638</ele>
      </trkpt>
      <trkpt lat="48.572484" lon="13.494446">
        <ele>301.405759</ele>
      </trkpt>
      <trkpt lat="48.572526" lon="13.494625">
        <ele>301.132329</ele>
      </trkpt>
      <trkpt lat="48.572618" lon="13.494964">
        <ele>300.890036</ele>
      </trkpt>
      <trkpt lat="48.572915" lon="13.495772">
        <ele>301.136774</ele>
      </trkpt>
      <trkpt lat="48.573066" lon="13.496169">
        <ele>301.259012</ele>
      </trkpt>
      <trkpt lat="48.573272" lon="13.496710">
        <ele>301.425634</ele>
      </trkpt>
      <trkpt lat="48.573907" lon="13.498531">
        <ele>303.119304</ele>
      </trkpt>
      <trkpt lat="48.574298" lon="13.499391">
        <ele>304.186638</ele>
      </trkpt>
      <trkpt lat="48.575146" lon="13.500762">
        <ele>307.292689</ele>
      </trkpt>
      <trkpt lat="48.575271" lon="13.500944">
        <ele>307.742436</ele>
      </trkpt>
      <trkpt lat="48.576159" lon="13.501951">
        <ele>310.037168</ele>
      </trkpt>
      <trkpt lat="48.577077" lon="13.502656">
        <ele>311.739034</ele>
      </trkpt>
      <trkpt lat="48.577784" lon="13.502925">
        <ele>311.493497</ele>
      </trkpt>
      <trkpt lat="48.578355" lon="13.503015">
        <ele>311.007109</ele>
      </trkpt>
      <trkpt lat="48.578858" lon="13.503032">
        <ele>310.580850</ele>
      </trkpt>
      <trkpt lat="48.579294" lon="13.503159">
        <ele>310.528756</ele>
      </trkpt>
      <trkpt lat="48.579773" lon="13.503248">
        <ele>310.636418</ele>
      </trkpt>
      <trkpt lat="48.580240" lon="13.503488">
        <ele>310.746456</ele>
      </trkpt>
      <trkpt lat="48.580260" lon="13.503391">
        <ele>310.761451</ele>
      </trkpt>
      <trkpt lat="48.580276" lon="13.503311">
        <ele>310.773786</ele>
      </trkpt>
      <trkpt lat="48.580892" lon="13.503152">
        <ele>311.674768</ele>
      </trkpt>
      <trkpt lat="48.581409" lon="13.503180">
        <ele>313.522417</ele>
      </trkpt>
      <trkpt lat="48.581677" lon="13.503270">
        <ele>314.502914</ele>
      </trkpt>
      <trkpt lat="48.582037" lon="13.503684">
        <ele>316.118443</ele>
      </trkpt>
      <trkpt lat="48.582138" lon="13.503814">
        <ele>316.592218</ele>
      </trkpt>
      <trkpt lat="48.582632" lon="13.504302">
        <ele>319.369689</ele>
      </trkpt>
      <trkpt lat="48.583418" lon="13.505090">
        <ele>324.334289</ele>
      </trkpt>
      <trkpt lat="48.583568" lon="13.505230">
        <ele>325.262237</ele>
      </trkpt>
      <trkpt lat="48.583635" lon="13.505293">
        <ele>325.677577</ele>
      </trkpt>
      <trkpt lat="48.583868" lon="13.505558">
        <ele>326.806581</ele>
      </trkpt>
      <trkpt lat="48.584277" lon="13.506124">
        <ele>327.141037</ele>
      </trkpt>
      <trkpt lat="48.584576" lon="13.506650">
        <ele>327.417755</ele>
      </trkpt>
      <trkpt lat="48.584882" lon="13.507334">
        <ele>327.747223</ele>
      </trkpt>
      <trkpt lat="48.585182" lon="13.508151">
        <ele>326.246795</ele>
      </trkpt>
      <trkpt lat="48.585502" lon="13.509265">
        <ele>323.502347</ele>
      </trkpt>
      <trkpt lat="48.585835" lon="13.510919">
        <ele>320.170506</ele>
      </trkpt>
      <trkpt lat="48.585950" lon="13.511790">
        <ele>318.713252</ele>
      </trkpt>
      <trkpt lat="48.586001" lon="13.512425">
        <ele>317.663746</ele>
      </trkpt>
      <trkpt lat="48.586029" lon="13.513454">
        <ele>317.465610</ele>
      </trkpt>
      <trkpt lat="48.586016" lon="13.513928">
        <ele>317.609085</ele>
      </trkpt>
      <trkpt lat="48.585900" lon="13.515174">
        <ele>317.989626</ele>
      </trkpt>
      <trkpt lat="48.585574" lon="13.517374">
        <ele>320.001235</ele>
      </trkpt>
      <trkpt lat="48.585519" lon="13.517364">
        <ele>320.081263</ele>
      </trkpt>
      <trkpt lat="48.585487" lon="13.517375">
        <ele>320.128672</ele>
      </trkpt>
      <trkpt lat="48.585391" lon="13.517613">
        <ele>320.395063</ele>
      </trkpt>
      <trkpt lat="48.585271" lon="13.518100">
        <ele>320.688883</ele>
      </trkpt>
      <trkpt lat="48.584932" lon="13.519846">
        <ele>320.942861</ele>
      </trkpt>
      <trkpt lat="48.584700" lon="13.520711">
        <ele>320.641405</ele>
      </trkpt>
      <trkpt lat="48.584263" lon="13.521709">
        <ele>318.979821</ele>
      </trkpt>
      <trkpt lat="48.584096" lon="13.522104">
        <ele>318.328999</ele>
      </trkpt>
      <trkpt lat="48.583687" lon="13.523046">
        <ele>316.248530</ele>
      </trkpt>
      <trkpt lat="48.582554" lon="13.525528">
        <ele>308.206881</ele>
      </trkpt>
      <trkpt lat="48.582418" lon="13.525756">
        <ele>307.578814</ele>
      </trkpt>
      <trkpt lat="48.581835" lon="13.526422">
        <ele>305.318919</ele>
      </trkpt>
      <trkpt lat="48.581707" lon="13.526619">
        <ele>304.754002</ele>
      </trkpt>
      <trkpt lat="48.581602" lon="13.526857">
        <ele>304.168742</ele>
      </trkpt>
      <trkpt lat="48.581539" lon="13.526999">
        <ele>304.012417</ele>
      </trkpt>
      <trkpt lat="48.581285" lon="13.527651">
        <ele>304.327374</ele>
      </trkpt>
      <trkpt lat="48.581148" lon="13.527969">
        <ele>304.485336</ele>
      </trkpt>
      <trkpt lat="48.581023" lon="13.528218">
        <ele>304.615446</ele>
      </trkpt>
      <trkpt lat="48.580901" lon="13.528454">
        <ele>304.740117</ele>
      </trkpt>
      <trkpt lat="48.580607" lon="13.528970">
        <ele>305.023584</ele>
      </trkpt>
      <trkpt lat="48.580424" lon="13.529285">
        <ele>305.253913</ele>
      </trkpt>
      <trkpt lat="48.580301" lon="13.529496">
        <ele>305.446381</ele>
      </trkpt>
      <trkpt lat="48.579822" lon="13.530243">
        <ele>306.158360</ele>
      </trkpt>
      <trkpt lat="48.579228" lon="13.531006">
        <ele>306.964767</ele>
      </trkpt>
      <trkpt lat="48.578822" lon="13.531368">
        <ele>306.865373</ele>
      </trkpt>
      <trkpt lat="48.578427" lon="13.531659">
        <ele>306.764349</ele>
      </trkpt>
      <trkpt lat="48.577815" lon="13.532304">
        <ele>306.592822</ele>
      </trkpt>
      <trkpt lat="48.577124" lon="13.532837">
        <ele>306.877528</ele>
      </trkpt>
      <trkpt lat="48.576988" lon="13.533011">
        <ele>306.968174</ele>
      </trkpt>
      <trkpt lat="48.576207" lon="13.533800">
        <ele>307.446070</ele>
      </trkpt>
      <trkpt lat="48.575815" lon="13.534131">
        <ele>307.163469</ele>
      </trkpt>
      <trkpt lat="48.575243" lon="13.534476">
        <ele>306.679750</ele>
      </trkpt>
      <trkpt lat="48.575101" lon="13.534621">
        <ele>306.545150</ele>
      </trkpt>
      <trkpt lat="48.574793" lon="13.535212">
        <ele>306.154191</ele>
      </trkpt>
      <trkpt lat="48.574268" lon="13.536489">
        <ele>303.138027</ele>
      </trkpt>
      <trkpt lat="48.574057" lon="13.537188">
        <ele>301.441803</ele>
      </trkpt>
      <trkpt lat="48.573978" lon="13.537735">
        <ele>300.205732</ele>
      </trkpt>
      <trkpt lat="48.573919" lon="13.539161">
        <ele>297.974577</ele>
      </trkpt>
      <trkpt lat="48.573938" lon="13.539227">
        <ele>297.864444</ele>
      </trkpt>
      <trkpt lat="48.573972" lon="13.539264">
        <ele>297.767555</ele>
      </trkpt>
      <trkpt lat="48.574058" lon="13.539357">
        <ele>297.523006</ele>
      </trkpt>
      <trkpt lat="48.573684" lon="13.540512">
        <ele>295.817702</ele>
      </trkpt>
      <trkpt lat="48.573288" lon="13.541801">
        <ele>295.299159</ele>
      </trkpt>
      <trkpt lat="48.572916" lon="13.542784">
        <ele>294.908733</ele>
      </trkpt>
      <trkpt lat="48.572555" lon="13.543594">
        <ele>294.921086</ele>
      </trkpt>
      <trkpt lat="48.571905" lon="13.544780">
        <ele>294.940566</ele>
      </trkpt>
      <trkpt lat="48.571343" lon="13.545623">
        <ele>295.378319</ele>
      </trkpt>
      <trkpt lat="48.570710" lon="13.546411">
        <ele>295.890357</ele>
      </trkpt>
      <trkpt lat="48.569901" lon="13.547220">
        <ele>297.366416</ele>
      </trkpt>
      <trkpt lat="48.569067" lon="13.547886">
        <ele>299.145609</ele>
      </trkpt>
      <trkpt lat="48.568666" lon="13.548117">
        <ele>301.043035</ele>
      </trkpt>
      <trkpt lat="48.568532" lon="13.548206">
        <ele>301.923329</ele>
      </trkpt>
      <trkpt lat="48.568297" lon="13.548378">
        <ele>303.493690</ele>
      </trkpt>
      <trkpt lat="48.568042" lon="13.548645">
        <ele>305.359442</ele>
      </trkpt>
      <trkpt lat="48.568008" lon="13.548740">
        <ele>305.789271</ele>
      </trkpt>
      <trkpt lat="48.568006" lon="13.548840">
        <ele>306.187427</ele>
      </trkpt>
      <trkpt lat="48.568011" lon="13.548923">
        <ele>306.519111</ele>
      </trkpt>
      <trkpt lat="48.567774" lon="13.549229">
        <ele>308.393855</ele>
      </trkpt>
      <trkpt lat="48.567429" lon="13.549830">
        <ele>311.616895</ele>
      </trkpt>
      <trkpt lat="48.567296" lon="13.550141">
        <ele>313.155545</ele>
      </trkpt>
      <trkpt lat="48.567051" lon="13.550895">
        <ele>316.645932</ele>
      </trkpt>
      <trkpt lat="48.566791" lon="13.551937">
        <ele>321.273299</ele>
      </trkpt>
      <trkpt lat="48.566328" lon="13.554581">
        <ele>325.653530</ele>
      </trkpt>
      <trkpt lat="48.566244" lon="13.555002">
        <ele>325.427065</ele>
      </trkpt>
      <trkpt lat="48.566159" lon="13.555401">
        <ele>325.090336</ele>
      </trkpt>
      <trkpt lat="48.566039" lon="13.555898">
        <ele>324.665335</ele>
      </trkpt>
      <trkpt lat="48.565733" lon="13.556913">
        <ele>323.769320</ele>
      </trkpt>
      <trkpt lat="48.565162" lon="13.558362">
        <ele>320.509011</ele>
      </trkpt>
      <trkpt lat="48.564712" lon="13.559248">
        <ele>318.110393</ele>
      </trkpt>
      <trkpt lat="48.563584" lon="13.561189">
        <ele>313.683742</ele>
      </trkpt>
      <trkpt lat="48.562458" lon="13.563128">
        <ele>313.832350</ele>
      </trkpt>
      <trkpt lat="48.562291" lon="13.563417">
        <ele>313.948305</ele>
      </trkpt>
      <trkpt lat="48.561901" lon="13.564094">
        <ele>315.531985</ele>
      </trkpt>
      <trkpt lat="48.560601" lon="13.566353">
        <ele>321.209978</ele>
      </trkpt>
      <trkpt lat="48.560166" lon="13.567086">
        <ele>323.082863</ele>
      </trkpt>
      <trkpt lat="48.559798" lon="13.567809">
        <ele>324.770801</ele>
      </trkpt>
      <trkpt lat="48.559463" lon="13.568774">
        <ele>326.659952</ele>
      </trkpt>
      <trkpt lat="48.559285" lon="13.569551">
        <ele>328.085422</ele>
      </trkpt>
      <trkpt lat="48.559012" lon="13.571439">
        <ele>331.364516</ele>
      </trkpt>
      <trkpt lat="48.558616" lon="13.572843">
        <ele>333.985232</ele>
      </trkpt>
      <trkpt lat="48.558234" lon="13.575401">
        <ele>338.974189</ele>
      </trkpt>
      <trkpt lat="48.558203" lon="13.576523">
        <ele>340.564214</ele>
      </trkpt>
      <trkpt lat="48.558269" lon="13.577502">
        <ele>341.957553</ele>
      </trkpt>
      <trkpt lat="48.558992" lon="13.581681">
        <ele>343.604165</ele>
      </trkpt>
      <trkpt lat="48.559217" lon="13.582311">
        <ele>343.179108</ele>
      </trkpt>
      <trkpt lat="48.559782" lon="13.583513">
        <ele>341.945373</ele>
      </trkpt>
      <trkpt lat="48.559981" lon="13.583838">
        <ele>341.410578</ele>
      </trkpt>
      <trkpt lat="48.560389" lon="13.584313">
        <ele>340.470562</ele>
      </trkpt>
      <trkpt lat="48.560956" lon="13.584720">
        <ele>339.372651</ele>
      </trkpt>
      <trkpt lat="48.561467" lon="13.585016">
        <ele>339.490866</ele>
      </trkpt>
      <trkpt lat="48.561825" lon="13.585148">
        <ele>339.570467</ele>
      </trkpt>
      <trkpt lat="48.562426" lon="13.585285">
        <ele>339.701759</ele>
      </trkpt>
      <trkpt lat="48.562778" lon="13.585470">
        <ele>339.627972</ele>
      </trkpt>
      <trkpt lat="48.563178" lon="13.585827">
        <ele>339.135899</ele>
      </trkpt>
      <trkpt lat="48.563735" lon="13.586491">
        <ele>338.384418</ele>
      </trkpt>
      <trkpt lat="48.564194" lon="13.587131">
        <ele>337.116399</ele>
      </trkpt>
      <trkpt lat="48.564708" lon="13.587996">
        <ele>332.443351</ele>
      </trkpt>
      <trkpt lat="48.565762" lon="13.590152">
        <ele>319.818312</ele>
      </trkpt>
      <trkpt lat="48.566268" lon="13.591021">
        <ele>313.527958</ele>
      </trkpt>
      <trkpt lat="48.566236" lon="13.591071">
        <ele>313.149953</ele>
      </trkpt>
      <trkpt lat="48.566218" lon="13.591098">
        <ele>312.941676</ele>
      </trkpt>
      <trkpt lat="48.566300" lon="13.591639">
        <ele>310.627714</ele>
      </trkpt>
      <trkpt lat="48.566336" lon="13.591762">
        <ele>310.127000</ele>
      </trkpt>
      <trkpt lat="48.566404" lon="13.591931">
        <ele>309.390642</ele>
      </trkpt>
      <trkpt lat="48.566716" lon="13.593513">
        <ele>303.244938</ele>
      </trkpt>
      <trkpt lat="48.566772" lon="13.594575">
        <ele>300.809232</ele>
      </trkpt>
      <trkpt lat="48.566614" lon="13.599573">
        <ele>293.580671</ele>
      </trkpt>
      <trkpt lat="48.566419" lon="13.601076">
        <ele>292.343022</ele>
      </trkpt>
      <trkpt lat="48.566323" lon="13.601638">
        <ele>291.874000</ele>
      </trkpt>
      <trkpt lat="48.566294" lon="13.601862">
        <ele>291.689561</ele>
      </trkpt>
      <trkpt lat="48.566216" lon="13.602321">
        <ele>291.642125</ele>
      </trkpt>
      <trkpt lat="48.566210" lon="13.602394">
        <ele>291.643693</ele>
      </trkpt>
      <trkpt lat="48.566229" lon="13.602547">
        <ele>291.647013</ele>
      </trkpt>
      <trkpt lat="48.566208" lon="13.602599">
        <ele>291.648312</ele>
      </trkpt>
      <trkpt lat="48.566161" lon="13.602718">
        <ele>291.651267</ele>
      </trkpt>
      <trkpt lat="48.565793" lon="13.603396">
        <ele>291.669966</ele>
      </trkpt>
      <trkpt lat="48.565028" lon="13.604592">
        <ele>291.785171</ele>
      </trkpt>
      <trkpt lat="48.564570" lon="13.605322">
        <ele>291.928982</ele>
      </trkpt>
      <trkpt lat="48.564253" lon="13.605885">
        <ele>292.034663</ele>
      </trkpt>
      <trkpt lat="48.564096" lon="13.606176">
        <ele>292.073537</ele>
      </trkpt>
      <trkpt lat="48.563940" lon="13.606462">
        <ele>292.032211</ele>
      </trkpt>
      <trkpt lat="48.563917" lon="13.606507">
        <ele>292.025871</ele>
      </trkpt>
      <trkpt lat="48.563868" lon="13.606603">
        <ele>292.012353</ele>
      </trkpt>
      <trkpt lat="48.563744" lon="13.606844">
        <ele>291.978315</ele>
      </trkpt>
      <trkpt lat="48.563538" lon="13.607239">
        <ele>291.922239</ele>
      </trkpt>
      <trkpt lat="48.563403" lon="13.607489">
        <ele>291.886260</ele>
      </trkpt>
      <trkpt lat="48.563333" lon="13.607622">
        <ele>291.867312</ele>
      </trkpt>
      <trkpt lat="48.563193" lon="13.607878">
        <ele>291.830282</ele>
      </trkpt>
      <trkpt lat="48.563093" lon="13.608051">
        <ele>291.804670</ele>
      </trkpt>
      <trkpt lat="48.562998" lon="13.608198">
        <ele>291.781760</ele>
      </trkpt>
      <trkpt lat="48.562866" lon="13.608392">
        <ele>291.782246</ele>
      </trkpt>
      <trkpt lat="48.562706" lon="13.608659">
        <ele>291.790315</ele>
      </trkpt>
      <trkpt lat="48.562238" lon="13.609332">
        <ele>291.812185</ele>
      </trkpt>
      <trkpt lat="48.561762" lon="13.609936">
        <ele>291.833226</ele>
      </trkpt>
      <trkpt lat="48.560245" lon="13.611637">
        <ele>293.492904</ele>
      </trkpt>
      <trkpt lat="48.559966" lon="13.612000">
        <ele>294.188533</ele>
      </trkpt>
      <trkpt lat="48.559545" lon="13.612647">
        <ele>295.405009</ele>
      </trkpt>
      <trkpt lat="48.559286" lon="13.613103">
        <ele>296.210652</ele>
      </trkpt>
      <trkpt lat="48.558982" lon="13.613696">
        <ele>297.193946</ele>
      </trkpt>
      <trkpt lat="48.558850" lon="13.613955">
        <ele>297.359228</ele>
      </trkpt>
      <trkpt lat="48.558885" lon="13.614008">
        <ele>297.397083</ele>
      </trkpt>
      <trkpt lat="48.558922" lon="13.614065">
        <ele>297.437451</ele>
      </trkpt>
      <trkpt lat="48.557572" lon="13.616751">
        <ele>298.555180</ele>
      </trkpt>
      <trkpt lat="48.557358" lon="13.617185">
        <ele>298.555513</ele>
      </trkpt>
      <trkpt lat="48.557191" lon="13.617524">
        <ele>298.555772</ele>
      </trkpt>
      <trkpt lat="48.557033" lon="13.617757">
        <ele>298.555977</ele>
      </trkpt>
      <trkpt lat="48.556975" lon="13.617841">
        <ele>298.556051</ele>
      </trkpt>
      <trkpt lat="48.555977" lon="13.619142">
        <ele>300.523513</ele>
      </trkpt>
      <trkpt lat="48.555344" lon="13.620331">
        <ele>303.828011</ele>
      </trkpt>
      <trkpt lat="48.553967" lon="13.623862">
        <ele>319.459532</ele>
      </trkpt>
      <trkpt lat="48.553578" lon="13.625016">
        <ele>324.133506</ele>
      </trkpt>
      <trkpt lat="48.553212" lon="13.626260">
        <ele>328.428216</ele>
      </trkpt>
      <trkpt lat="48.553047" lon="13.626881">
        <ele>330.539263</ele>
      </trkpt>
      <trkpt lat="48.552650" lon="13.628647">
        <ele>333.896092</ele>
      </trkpt>
      <trkpt lat="48.552292" lon="13.630798">
        <ele>335.655974</ele>
      </trkpt>
      <trkpt lat="48.552222" lon="13.631504">
        <ele>335.741174</ele>
      </trkpt>
      <trkpt lat="48.552201" lon="13.632148">
        <ele>335.818127</ele>
      </trkpt>
      <trkpt lat="48.552232" lon="13.632736">
        <ele>334.680671</ele>
      </trkpt>
      <trkpt lat="48.552304" lon="13.633253">
        <ele>333.547501</ele>
      </trkpt>
      <trkpt lat="48.552277" lon="13.634012">
        <ele>331.917201</ele>
      </trkpt>
      <trkpt lat="48.552178" lon="13.634733">
        <ele>330.337831</ele>
      </trkpt>
      <trkpt lat="48.551876" lon="13.636432">
        <ele>327.351523</ele>
      </trkpt>
      <trkpt lat="48.551607" lon="13.637594">
        <ele>325.419734</ele>
      </trkpt>
      <trkpt lat="48.550832" lon="13.641020">
        <ele>322.607952</ele>
      </trkpt>
      <trkpt lat="48.550387" lon="13.642477">
        <ele>321.242103</ele>
      </trkpt>
      <trkpt lat="48.549222" lon="13.646809">
        <ele>311.096983</ele>
      </trkpt>
      <trkpt lat="48.548892" lon="13.647779">
        <ele>307.667428</ele>
      </trkpt>
      <trkpt lat="48.548488" lon="13.648595">
        <ele>303.261588</ele>
      </trkpt>
      <trkpt lat="48.548317" lon="13.648870">
        <ele>301.630233</ele>
      </trkpt>
      <trkpt lat="48.548195" lon="13.649054">
        <ele>300.504207</ele>
      </trkpt>
      <trkpt lat="48.547847" lon="13.649505">
        <ele>297.509339</ele>
      </trkpt>
      <trkpt lat="48.546995" lon="13.650385">
        <ele>294.019389</ele>
      </trkpt>
      <trkpt lat="48.546924" lon="13.650417">
        <ele>293.790223</ele>
      </trkpt>
      <trkpt lat="48.546870" lon="13.650458">
        <ele>293.603292</ele>
      </trkpt>
      <trkpt lat="48.545879" lon="13.651553">
        <ele>291.174558</ele>
      </trkpt>
      <trkpt lat="48.545230" lon="13.652373">
        <ele>290.831809</ele>
      </trkpt>
      <trkpt lat="48.544872" lon="13.652871">
        <ele>290.653405</ele>
      </trkpt>
      <trkpt lat="48.544638" lon="13.653209">
        <ele>290.662000</ele>
      </trkpt>
      <trkpt lat="48.544324" lon="13.653691">
        <ele>290.673885</ele>
      </trkpt>
      <trkpt lat="48.543707" lon="13.654625">
        <ele>290.697074</ele>
      </trkpt>
      <trkpt lat="48.543576" lon="13.654808">
        <ele>290.673078</ele>
      </trkpt>
      <trkpt lat="48.542906" lon="13.655586">
        <ele>290.339498</ele>
      </trkpt>
      <trkpt lat="48.542816" lon="13.655672">
        <ele>290.297461</ele>
      </trkpt>
      <trkpt lat="48.542800" lon="13.655688">
        <ele>290.289887</ele>
      </trkpt>
      <trkpt lat="48.541700" lon="13.656329">
        <ele>289.570821</ele>
      </trkpt>
      <trkpt lat="48.541144" lon="13.656522">
        <ele>289.000547</ele>
      </trkpt>
      <trkpt lat="48.540028" lon="13.656780">
        <ele>288.177678</ele>
      </trkpt>
      <trkpt lat="48.539264" lon="13.657026">
        <ele>288.142507</ele>
      </trkpt>
      <trkpt lat="48.538386" lon="13.657386">
        <ele>288.593151</ele>
      </trkpt>
      <trkpt lat="48.537578" lon="13.657804">
        <ele>290.530219</ele>
      </trkpt>
      <trkpt lat="48.536551" lon="13.658449">
        <ele>293.458183</ele>
      </trkpt>
      <trkpt lat="48.536161" lon="13.658767">
        <ele>294.935872</ele>
      </trkpt>
      <trkpt lat="48.535782" lon="13.659184">
        <ele>296.499257</ele>
      </trkpt>
      <trkpt lat="48.535313" lon="13.659910">
        <ele>298.611432</ele>
      </trkpt>
      <trkpt lat="48.535084" lon="13.660417">
        <ele>299.654172</ele>
      </trkpt>
      <trkpt lat="48.534714" lon="13.661391">
        <ele>301.562041</ele>
      </trkpt>
      <trkpt lat="48.533924" lon="13.662970">
        <ele>303.944877</ele>
      </trkpt>
      <trkpt lat="48.533092" lon="13.665162">
        <ele>306.003794</ele>
      </trkpt>
      <trkpt lat="48.532627" lon="13.666678">
        <ele>307.133417</ele>
      </trkpt>
      <trkpt lat="48.532008" lon="13.668263">
        <ele>308.258458</ele>
      </trkpt>
      <trkpt lat="48.530729" lon="13.671731">
        <ele>309.445301</ele>
      </trkpt>
      <trkpt lat="48.529633" lon="13.675070">
        <ele>307.960559</ele>
      </trkpt>
      <trkpt lat="48.529224" lon="13.676105">
        <ele>307.473054</ele>
      </trkpt>
      <trkpt lat="48.527740" lon="13.680177">
        <ele>306.271779</ele>
      </trkpt>
      <trkpt lat="48.527222" lon="13.681461">
        <ele>304.882063</ele>
      </trkpt>
      <trkpt lat="48.527145" lon="13.681795">
        <ele>304.310929</ele>
      </trkpt>
      <trkpt lat="48.524712" lon="13.689915">
        <ele>290.360312</ele>
      </trkpt>
      <trkpt lat="48.524261" lon="13.691275">
        <ele>288.738446</ele>
      </trkpt>
      <trkpt lat="48.523998" lon="13.691931">
        <ele>288.335362</ele>
      </trkpt>
      <trkpt lat="48.523838" lon="13.692330">
        <ele>288.090178</ele>
      </trkpt>
      <trkpt lat="48.523022" lon="13.694020">
        <ele>287.777243</ele>
      </trkpt>
      <trkpt lat="48.522141" lon="13.695555">
        <ele>288.777030</ele>
      </trkpt>
      <trkpt lat="48.521027" lon="13.697125">
        <ele>292.555730</ele>
      </trkpt>
      <trkpt lat="48.519493" lon="13.699027">
        <ele>299.984304</ele>
      </trkpt>
      <trkpt lat="48.518738" lon="13.700296">
        <ele>302.358849</ele>
      </trkpt>
      <trkpt lat="48.518234" lon="13.701339">
        <ele>303.051345</ele>
      </trkpt>
      <trkpt lat="48.517567" lon="13.702994">
        <ele>302.219430</ele>
      </trkpt>
      <trkpt lat="48.516735" lon="13.704519">
        <ele>299.334566</ele>
      </trkpt>
      <trkpt lat="48.516425" lon="13.705181">
        <ele>298.071249</ele>
      </trkpt>
      <trkpt lat="48.516095" lon="13.706100">
        <ele>295.804082</ele>
      </trkpt>
      <trkpt lat="48.516193" lon="13.706159">
        <ele>295.448287</ele>
      </trkpt>
      <trkpt lat="48.516242" lon="13.706192">
        <ele>295.267348</ele>
      </trkpt>
      <trkpt lat="48.517444" lon="13.707011">
        <ele>292.167155</ele>
      </trkpt>
      <trkpt lat="48.517523" lon="13.707078">
        <ele>292.261659</ele>
      </trkpt>
      <trkpt lat="48.517444" lon="13.707011">
        <ele>292.356162</ele>
      </trkpt>
      <trkpt lat="48.516242" lon="13.706192">
        <ele>293.744758</ele>
      </trkpt>
      <trkpt lat="48.516193" lon="13.706159">
        <ele>293.911100</ele>
      </trkpt>
      <trkpt lat="48.516095" lon="13.706100">
        <ele>294.238192</ele>
      </trkpt>
      <trkpt lat="48.516058" lon="13.706227">
        <ele>294.523114</ele>
      </trkpt>
      <trkpt lat="48.515926" lon="13.706607">
        <ele>295.404284</ele>
      </trkpt>
      <trkpt lat="48.515888" lon="13.706732">
        <ele>295.686731</ele>
      </trkpt>
      <trkpt lat="48.515862" lon="13.707245">
        <ele>296.743324</ele>
      </trkpt>
      <trkpt lat="48.515697" lon="13.708680">
        <ele>299.971787</ele>
      </trkpt>
      <trkpt lat="48.515526" lon="13.709792">
        <ele>303.600755</ele>
      </trkpt>
      <trkpt lat="48.515205" lon="13.711155">
        <ele>308.295388</ele>
      </trkpt>
      <trkpt lat="48.514992" lon="13.711873">
        <ele>311.697173</ele>
      </trkpt>
      <trkpt lat="48.514717" lon="13.713368">
        <ele>318.406272</ele>
      </trkpt>
      <trkpt lat="48.514637" lon="13.714682">
        <ele>320.164926</ele>
      </trkpt>
      <trkpt lat="48.514317" lon="13.717437">
        <ele>317.375637</ele>
      </trkpt>
      <trkpt lat="48.514208" lon="13.718085">
        <ele>315.205335</ele>
      </trkpt>
      <trkpt lat="48.514187" lon="13.718212">
        <ele>314.780416</ele>
      </trkpt>
      <trkpt lat="48.514133" lon="13.718427">
        <ele>314.033997</ele>
      </trkpt>
      <trkpt lat="48.513973" lon="13.719073">
        <ele>311.723058</ele>
      </trkpt>
      <trkpt lat="48.513718" lon="13.719890">
        <ele>308.210550</ele>
      </trkpt>
      <trkpt lat="48.512596" lon="13.723958">
        <ele>293.566038</ele>
      </trkpt>
      <trkpt lat="48.512417" lon="13.724370">
        <ele>292.787076</ele>
      </trkpt>
      <trkpt lat="48.512192" lon="13.725012">
        <ele>291.656526</ele>
      </trkpt>
      <trkpt lat="48.512036" lon="13.725316">
        <ele>291.057962</ele>
      </trkpt>
      <trkpt lat="48.511975" lon="13.725379">
        <ele>290.884295</ele>
      </trkpt>
      <trkpt lat="48.511947" lon="13.725408">
        <ele>290.804506</ele>
      </trkpt>
      <trkpt lat="48.511912" lon="13.725476">
        <ele>290.670465</ele>
      </trkpt>
      <trkpt lat="48.511758" lon="13.725855">
        <ele>289.978386</ele>
      </trkpt>
      <trkpt lat="48.511659" lon="13.725920">
        <ele>289.724715</ele>
      </trkpt>
      <trkpt lat="48.511570" lon="13.725853">
        <ele>289.491030</ele>
      </trkpt>
      <trkpt lat="48.511513" lon="13.725819">
        <ele>289.347020</ele>
      </trkpt>
      <trkpt lat="48.511347" lon="13.726304">
        <ele>288.831764</ele>
      </trkpt>
      <trkpt lat="48.511222" lon="13.726772">
        <ele>288.367803</ele>
      </trkpt>
      <trkpt lat="48.511114" lon="13.727077">
        <ele>288.049823</ele>
      </trkpt>
      <trkpt lat="48.510829" lon="13.727762">
        <ele>287.306085</ele>
      </trkpt>
      <trkpt lat="48.510738" lon="13.727920">
        <ele>287.113584</ele>
      </trkpt>
      <trkpt lat="48.510692" lon="13.727931">
        <ele>287.048944</ele>
      </trkpt>
      <trkpt lat="48.509837" lon="13.729163">
        <ele>286.106123</ele>
      </trkpt>
      <trkpt lat="48.509161" lon="13.729929">
        <ele>285.515727</ele>
      </trkpt>
      <trkpt lat="48.508243" lon="13.730846">
        <ele>284.781724</ele>
      </trkpt>
      <trkpt lat="48.508203" lon="13.730919">
        <ele>284.739876</ele>
      </trkpt>
      <trkpt lat="48.508190" lon="13.731034">
        <ele>284.688340</ele>
      </trkpt>
      <trkpt lat="48.508222" lon="13.731100">
        <ele>284.652211</ele>
      </trkpt>
      <trkpt lat="48.508198" lon="13.731123">
        <ele>284.633255</ele>
      </trkpt>
      <trkpt lat="48.508083" lon="13.731267">
        <ele>284.533625</ele>
      </trkpt>
      <trkpt lat="48.507723" lon="13.731721">
        <ele>284.212028</ele>
      </trkpt>
      <trkpt lat="48.507274" lon="13.732341">
        <ele>283.780232</ele>
      </trkpt>
      <trkpt lat="48.506909" lon="13.732742">
        <ele>283.459904</ele>
      </trkpt>
      <trkpt lat="48.506707" lon="13.732978">
        <ele>283.278653</ele>
      </trkpt>
      <trkpt lat="48.506233" lon="13.733392">
        <ele>283.104615</ele>
      </trkpt>
      <trkpt lat="48.505812" lon="13.733700">
        <ele>283.144177</ele>
      </trkpt>
      <trkpt lat="48.505485" lon="13.733878">
        <ele>283.173571</ele>
      </trkpt>
      <trkpt lat="48.505038" lon="13.734117">
        <ele>283.213672</ele>
      </trkpt>
      <trkpt lat="48.504823" lon="13.734206">
        <ele>283.232524</ele>
      </trkpt>
      <trkpt lat="48.504570" lon="13.734329">
        <ele>283.449327</ele>
      </trkpt>
      <trkpt lat="48.504227" lon="13.734518">
        <ele>283.764091</ele>
      </trkpt>
      <trkpt lat="48.503917" lon="13.734712">
        <ele>284.053380</ele>
      </trkpt>
      <trkpt lat="48.503249" lon="13.735245">
        <ele>284.704733</ele>
      </trkpt>
      <trkpt lat="48.502871" lon="13.735496">
        <ele>285.600661</ele>
      </trkpt>
      <trkpt lat="48.502798" lon="13.735545">
        <ele>285.804080</ele>
      </trkpt>
      <trkpt lat="48.502547" lon="13.735189">
        <ele>286.681065</ele>
      </trkpt>
      <trkpt lat="48.502445" lon="13.735053">
        <ele>287.027599</ele>
      </trkpt>
      <trkpt lat="48.502316" lon="13.734867">
        <ele>287.481844</ele>
      </trkpt>
      <trkpt lat="48.502101" lon="13.734562">
        <ele>288.233119</ele>
      </trkpt>
      <trkpt lat="48.501963" lon="13.734370">
        <ele>288.711003</ele>
      </trkpt>
      <trkpt lat="48.501717" lon="13.734026">
        <ele>289.577821</ele>
      </trkpt>
      <trkpt lat="48.501590" lon="13.733881">
        <ele>290.009395</ele>
      </trkpt>
      <trkpt lat="48.501386" lon="13.733644">
        <ele>290.707084</ele>
      </trkpt>
      <trkpt lat="48.501146" lon="13.733414">
        <ele>291.477556</ele>
      </trkpt>
      <trkpt lat="48.500697" lon="13.733041">
        <ele>292.866550</ele>
      </trkpt>
      <trkpt lat="48.500636" lon="13.732991">
        <ele>293.054674</ele>
      </trkpt>
      <trkpt lat="48.500551" lon="13.732958">
        <ele>293.292532</ele>
      </trkpt>
      <trkpt lat="48.500424" lon="13.732908">
        <ele>293.648231</ele>
      </trkpt>
      <trkpt lat="48.500149" lon="13.732911">
        <ele>294.325953</ele>
      </trkpt>
      <trkpt lat="48.499923" lon="13.733034">
        <ele>294.693535</ele>
      </trkpt>
      <trkpt lat="48.499807" lon="13.733113">
        <ele>294.888252</ele>
      </trkpt>
      <trkpt lat="48.499716" lon="13.733173">
        <ele>295.040192</ele>
      </trkpt>
      <trkpt lat="48.498904" lon="13.733513">
        <ele>296.329500</ele>
      </trkpt>
      <trkpt lat="48.498425" lon="13.733900">
        <ele>297.175297</ele>
      </trkpt>
      <trkpt lat="48.498127" lon="13.733972">
        <ele>297.676314</ele>
      </trkpt>
      <trkpt lat="48.497195" lon="13.734227">
        <ele>299.248775</ele>
      </trkpt>
      <trkpt lat="48.496929" lon="13.734367">
        <ele>299.716455</ele>
      </trkpt>
      <trkpt lat="48.496541" lon="13.734780">
        <ele>300.985977</ele>
      </trkpt>
      <trkpt lat="48.496438" lon="13.734977">
        <ele>301.513457</ele>
      </trkpt>
      <trkpt lat="48.495940" lon="13.735491">
        <ele>303.427333</ele>
      </trkpt>
      <trkpt lat="48.495446" lon="13.736035">
        <ele>305.367248</ele>
      </trkpt>
      <trkpt lat="48.494593" lon="13.737285">
        <ele>307.200589</ele>
      </trkpt>
      <trkpt lat="48.494273" lon="13.737838">
        <ele>307.878579</ele>
      </trkpt>
      <trkpt lat="48.494021" lon="13.738363">
        <ele>307.844729</ele>
      </trkpt>
      <trkpt lat="48.493643" lon="13.738946">
        <ele>306.949010</ele>
      </trkpt>
      <trkpt lat="48.493601" lon="13.739010">
        <ele>306.850094</ele>
      </trkpt>
      <trkpt lat="48.493253" lon="13.739546">
        <ele>306.026034</ele>
      </trkpt>
      <trkpt lat="48.492833" lon="13.740045">
        <ele>305.138471</ele>
      </trkpt>
      <trkpt lat="48.491422" lon="13.741515">
        <ele>302.225312</ele>
      </trkpt>
      <trkpt lat="48.491099" lon="13.742067">
        <ele>302.406839</ele>
      </trkpt>
      <trkpt lat="48.490871" lon="13.742713">
        <ele>302.685016</ele>
      </trkpt>
      <trkpt lat="48.490521" lon="13.743262">
        <ele>302.974551</ele>
      </trkpt>
      <trkpt lat="48.490364" lon="13.743509">
        <ele>303.104630</ele>
      </trkpt>
      <trkpt lat="48.490323" lon="13.743573">
        <ele>303.138462</ele>
      </trkpt>
      <trkpt lat="48.490061" lon="13.743981">
        <ele>304.459114</ele>
      </trkpt>
      <trkpt lat="48.489725" lon="13.744409">
        <ele>306.339604</ele>
      </trkpt>
      <trkpt lat="48.489379" lon="13.744810">
        <ele>308.205397</ele>
      </trkpt>
      <trkpt lat="48.489030" lon="13.745239">
        <ele>310.130501</ele>
      </trkpt>
      <trkpt lat="48.488525" lon="13.745924">
        <ele>313.357003</ele>
      </trkpt>
      <trkpt lat="48.488216" lon="13.746349">
        <ele>315.412107</ele>
      </trkpt>
      <trkpt lat="48.487605" lon="13.747116">
        <ele>319.318747</ele>
      </trkpt>
      <trkpt lat="48.487166" lon="13.747667">
        <ele>320.930417</ele>
      </trkpt>
      <trkpt lat="48.486363" lon="13.748950">
        <ele>323.828103</ele>
      </trkpt>
      <trkpt lat="48.485637" lon="13.750374">
        <ele>325.827625</ele>
      </trkpt>
      <trkpt lat="48.485486" lon="13.750658">
        <ele>326.207430</ele>
      </trkpt>
      <trkpt lat="48.485120" lon="13.751176">
        <ele>326.997253</ele>
      </trkpt>
      <trkpt lat="48.484381" lon="13.751838">
        <ele>328.016214</ele>
      </trkpt>
      <trkpt lat="48.484370" lon="13.751852">
        <ele>328.033253</ele>
      </trkpt>
      <trkpt lat="48.484122" lon="13.752184">
        <ele>328.425814</ele>
      </trkpt>
      <trkpt lat="48.484059" lon="13.752287">
        <ele>328.535804</ele>
      </trkpt>
      <trkpt lat="48.484029" lon="13.752336">
        <ele>328.588153</ele>
      </trkpt>
      <trkpt lat="48.484015" lon="13.752359">
        <ele>328.612660</ele>
      </trkpt>
      <trkpt lat="48.483695" lon="13.753079">
        <ele>329.204700</ele>
      </trkpt>
      <trkpt lat="48.483479" lon="13.753574">
        <ele>329.414122</ele>
      </trkpt>
      <trkpt lat="48.483134" lon="13.754298">
        <ele>329.729219</ele>
      </trkpt>
      <trkpt lat="48.483103" lon="13.754357">
        <ele>329.755824</ele>
      </trkpt>
      <trkpt lat="48.482693" lon="13.755121">
        <ele>330.145968</ele>
      </trkpt>
      <trkpt lat="48.481840" lon="13.756504">
        <ele>333.213085</ele>
      </trkpt>
      <trkpt lat="48.481774" lon="13.756612">
        <ele>333.451582</ele>
      </trkpt>
      <trkpt lat="48.481723" lon="13.756694">
        <ele>333.634147</ele>
      </trkpt>
      <trkpt lat="48.481567" lon="13.756990">
        <ele>334.248124</ele>
      </trkpt>
      <trkpt lat="48.481451" lon="13.757210">
        <ele>334.412586</ele>
      </trkpt>
      <trkpt lat="48.481435" lon="13.757241">
        <ele>334.386692</ele>
      </trkpt>
      <trkpt lat="48.481349" lon="13.757444">
        <ele>334.227910</ele>
      </trkpt>
      <trkpt lat="48.481273" lon="13.757623">
        <ele>334.087811</ele>
      </trkpt>
      <trkpt lat="48.480925" lon="13.758446">
        <ele>333.444432</ele>
      </trkpt>
      <trkpt lat="48.480446" lon="13.759632">
        <ele>332.087865</ele>
      </trkpt>
      <trkpt lat="48.480369" lon="13.759804">
        <ele>331.614683</ele>
      </trkpt>
      <trkpt lat="48.480280" lon="13.760003">
        <ele>331.067389</ele>
      </trkpt>
      <trkpt lat="48.480121" lon="13.760304">
        <ele>330.189913</ele>
      </trkpt>
      <trkpt lat="48.479921" lon="13.760602">
        <ele>329.223095</ele>
      </trkpt>
      <trkpt lat="48.479700" lon="13.760871">
        <ele>328.246441</ele>
      </trkpt>
      <trkpt lat="48.478902" lon="13.761562">
        <ele>325.534618</ele>
      </trkpt>
      <trkpt lat="48.478788" lon="13.761695">
        <ele>325.194741</ele>
      </trkpt>
      <trkpt lat="48.478676" lon="13.761833">
        <ele>324.853693</ele>
      </trkpt>
      <trkpt lat="48.478300" lon="13.762522">
        <ele>323.458490</ele>
      </trkpt>
      <trkpt lat="48.478175" lon="13.762877">
        <ele>322.830058</ele>
      </trkpt>
      <trkpt lat="48.478029" lon="13.763308">
        <ele>321.835488</ele>
      </trkpt>
      <trkpt lat="48.477763" lon="13.764094">
        <ele>318.871871</ele>
      </trkpt>
      <trkpt lat="48.477567" lon="13.764673">
        <ele>316.688617</ele>
      </trkpt>
      <trkpt lat="48.477347" lon="13.765321">
        <ele>314.243693</ele>
      </trkpt>
      <trkpt lat="48.477057" lon="13.765959">
        <ele>311.602282</ele>
      </trkpt>
      <trkpt lat="48.476733" lon="13.766542">
        <ele>308.974362</ele>
      </trkpt>
      <trkpt lat="48.476289" lon="13.767148">
        <ele>305.854321</ele>
      </trkpt>
      <trkpt lat="48.476013" lon="13.767617">
        <ele>303.722339</ele>
      </trkpt>
      <trkpt lat="48.475535" lon="13.768695">
        <ele>300.659331</ele>
      </trkpt>
      <trkpt lat="48.475268" lon="13.769107">
        <ele>299.298578</ele>
      </trkpt>
      <trkpt lat="48.474722" lon="13.769719">
        <ele>296.884935</ele>
      </trkpt>
      <trkpt lat="48.474386" lon="13.770208">
        <ele>295.253246</ele>
      </trkpt>
      <trkpt lat="48.474048" lon="13.770700">
        <ele>293.611696</ele>
      </trkpt>
      <trkpt lat="48.473611" lon="13.771183">
        <ele>291.718373</ele>
      </trkpt>
      <trkpt lat="48.473164" lon="13.771519">
        <ele>290.090267</ele>
      </trkpt>
      <trkpt lat="48.473026" lon="13.771623">
        <ele>289.607101</ele>
      </trkpt>
      <trkpt lat="48.472772" lon="13.771845">
        <ele>288.687659</ele>
      </trkpt>
      <trkpt lat="48.472677" lon="13.771954">
        <ele>288.313815</ele>
      </trkpt>
      <trkpt lat="48.472337" lon="13.772344">
        <ele>286.975978</ele>
      </trkpt>
      <trkpt lat="48.472228" lon="13.772469">
        <ele>286.547119</ele>
      </trkpt>
      <trkpt lat="48.472113" lon="13.772638">
        <ele>286.044246</ele>
      </trkpt>
      <trkpt lat="48.472076" lon="13.772692">
        <ele>285.882993</ele>
      </trkpt>
      <trkpt lat="48.471885" lon="13.772972">
        <ele>285.516627</ele>
      </trkpt>
      <trkpt lat="48.471731" lon="13.773178">
        <ele>285.588779</ele>
      </trkpt>
      <trkpt lat="48.471645" lon="13.773293">
        <ele>285.629065</ele>
      </trkpt>
      <trkpt lat="48.471625" lon="13.773319">
        <ele>285.638321</ele>
      </trkpt>
      <trkpt lat="48.471509" lon="13.773474">
        <ele>285.692643</ele>
      </trkpt>
      <trkpt lat="48.471485" lon="13.773506">
        <ele>285.703872</ele>
      </trkpt>
      <trkpt lat="48.471435" lon="13.773564">
        <ele>285.725982</ele>
      </trkpt>
      <trkpt lat="48.471377" lon="13.773632">
        <ele>285.751732</ele>
      </trkpt>
      <trkpt lat="48.471093" lon="13.773967">
        <ele>285.878111</ele>
      </trkpt>
      <trkpt lat="48.470788" lon="13.774271">
        <ele>286.006257</ele>
      </trkpt>
      <trkpt lat="48.470711" lon="13.774348">
        <ele>286.038641</ele>
      </trkpt>
      <trkpt lat="48.470237" lon="13.774712">
        <ele>289.056978</ele>
      </trkpt>
      <trkpt lat="48.469763" lon="13.775027">
        <ele>293.349482</ele>
      </trkpt>
      <trkpt lat="48.469165" lon="13.775525">
        <ele>299.010433</ele>
      </trkpt>
      <trkpt lat="48.468985" lon="13.775713">
        <ele>300.824870</ele>
      </trkpt>
      <trkpt lat="48.468596" lon="13.776123">
        <ele>305.999103</ele>
      </trkpt>
      <trkpt lat="48.468497" lon="13.776227">
        <ele>307.329721</ele>
      </trkpt>
      <trkpt lat="48.467939" lon="13.777021">
        <ele>315.790555</ele>
      </trkpt>
      <trkpt lat="48.467688" lon="13.777491">
        <ele>320.203711</ele>
      </trkpt>
      <trkpt lat="48.467471" lon="13.778007">
        <ele>322.952386</ele>
      </trkpt>
      <trkpt lat="48.467182" lon="13.779216">
        <ele>328.129908</ele>
      </trkpt>
      <trkpt lat="48.466591" lon="13.781374">
        <ele>331.810470</ele>
      </trkpt>
      <trkpt lat="48.466254" lon="13.782300">
        <ele>331.839335</ele>
      </trkpt>
      <trkpt lat="48.466169" lon="13.782626">
        <ele>331.270665</ele>
      </trkpt>
      <trkpt lat="48.466027" lon="13.783180">
        <ele>328.537235</ele>
      </trkpt>
      <trkpt lat="48.465985" lon="13.783321">
        <ele>327.825867</ele>
      </trkpt>
      <trkpt lat="48.465693" lon="13.784738">
        <ele>320.996987</ele>
      </trkpt>
      <trkpt lat="48.465592" lon="13.785721">
        <ele>315.939224</ele>
      </trkpt>
      <trkpt lat="48.465572" lon="13.786352">
        <ele>312.557850</ele>
      </trkpt>
      <trkpt lat="48.465373" lon="13.787494">
        <ele>306.237558</ele>
      </trkpt>
      <trkpt lat="48.465311" lon="13.788018">
        <ele>304.240269</ele>
      </trkpt>
      <trkpt lat="48.465290" lon="13.788550">
        <ele>303.059189</ele>
      </trkpt>
      <trkpt lat="48.465245" lon="13.788990">
        <ele>302.072551</ele>
      </trkpt>
      <trkpt lat="48.465196" lon="13.789475">
        <ele>300.985311</ele>
      </trkpt>
      <trkpt lat="48.465165" lon="13.789811">
        <ele>300.233509</ele>
      </trkpt>
      <trkpt lat="48.465127" lon="13.790122">
        <ele>299.532679</ele>
      </trkpt>
      <trkpt lat="48.465113" lon="13.790406">
        <ele>298.901553</ele>
      </trkpt>
      <trkpt lat="48.465115" lon="13.790646">
        <ele>298.704505</ele>
      </trkpt>
      <trkpt lat="48.465167" lon="13.791481">
        <ele>298.195996</ele>
      </trkpt>
      <trkpt lat="48.465142" lon="13.791799">
        <ele>298.001834</ele>
      </trkpt>
      <trkpt lat="48.465137" lon="13.791867">
        <ele>297.960351</ele>
      </trkpt>
      <trkpt lat="48.465108" lon="13.792231">
        <ele>297.738062</ele>
      </trkpt>
      <trkpt lat="48.465100" lon="13.792339">
        <ele>297.672171</ele>
      </trkpt>
      <trkpt lat="48.465082" lon="13.792537">
        <ele>297.550996</ele>
      </trkpt>
      <trkpt lat="48.465064" lon="13.792750">
        <ele>297.420804</ele>
      </trkpt>
      <trkpt lat="48.464908" lon="13.794351">
        <ele>295.342699</ele>
      </trkpt>
      <trkpt lat="48.464627" lon="13.795564">
        <ele>293.418479</ele>
      </trkpt>
      <trkpt lat="48.464623" lon="13.795575">
        <ele>293.399691</ele>
      </trkpt>
      <trkpt lat="48.464566" lon="13.795778">
        <ele>293.077677</ele>
      </trkpt>
      <trkpt lat="48.464236" lon="13.796942">
        <ele>291.466462</ele>
      </trkpt>
      <trkpt lat="48.464161" lon="13.797170">
        <ele>291.142527</ele>
      </trkpt>
      <trkpt lat="48.463976" lon="13.797737">
        <ele>290.338237</ele>
      </trkpt>
      <trkpt lat="48.463859" lon="13.798064">
        <ele>289.865319</ele>
      </trkpt>
      <trkpt lat="48.463753" lon="13.798359">
        <ele>289.469202</ele>
      </trkpt>
      <trkpt lat="48.463626" lon="13.798712">
        <ele>289.025896</ele>
      </trkpt>
      <trkpt lat="48.463589" lon="13.798816">
        <ele>288.895619</ele>
      </trkpt>
      <trkpt lat="48.463525" lon="13.798989">
        <ele>288.676950</ele>
      </trkpt>
      <trkpt lat="48.463412" lon="13.799278">
        <ele>288.306615</ele>
      </trkpt>
      <trkpt lat="48.463287" lon="13.799596">
        <ele>287.898558</ele>
      </trkpt>
      <trkpt lat="48.463331" lon="13.799616">
        <ele>287.822058</ele>
      </trkpt>
      <trkpt lat="48.462977" lon="13.800531">
        <ele>286.664225</ele>
      </trkpt>
      <trkpt lat="48.462958" lon="13.800755">
        <ele>286.532208</ele>
      </trkpt>
      <trkpt lat="48.462802" lon="13.801195">
        <ele>286.240526</ele>
      </trkpt>
      <trkpt lat="48.462645" lon="13.801792">
        <ele>285.865074</ele>
      </trkpt>
      <trkpt lat="48.462580" lon="13.802082">
        <ele>285.686116</ele>
      </trkpt>
      <trkpt lat="48.462424" lon="13.802422">
        <ele>285.444409</ele>
      </trkpt>
      <trkpt lat="48.462061" lon="13.802980">
        <ele>285.056529</ele>
      </trkpt>
      <trkpt lat="48.461779" lon="13.803586">
        <ele>284.911130</ele>
      </trkpt>
      <trkpt lat="48.461291" lon="13.804897">
        <ele>284.615856</ele>
      </trkpt>
      <trkpt lat="48.461150" lon="13.805147">
        <ele>284.535188</ele>
      </trkpt>
      <trkpt lat="48.461170" lon="13.805282">
        <ele>284.448304</ele>
      </trkpt>
      <trkpt lat="48.461109" lon="13.806092">
        <ele>283.936274</ele>
      </trkpt>
      <trkpt lat="48.461062" lon="13.806330">
        <ele>283.780299</ele>
      </trkpt>
      <trkpt lat="48.460821" lon="13.806946">
        <ele>283.331071</ele>
      </trkpt>
      <trkpt lat="48.460650" lon="13.807199">
        <ele>283.104166</ele>
      </trkpt>
      <trkpt lat="48.460622" lon="13.807257">
        <ele>283.059105</ele>
      </trkpt>
      <trkpt lat="48.460523" lon="13.807461">
        <ele>282.900325</ele>
      </trkpt>
      <trkpt lat="48.460176" lon="13.808338">
        <ele>283.796318</ele>
      </trkpt>
      <trkpt lat="48.460024" lon="13.808652">
        <ele>284.181749</ele>
      </trkpt>
      <trkpt lat="48.459895" lon="13.808965">
        <ele>284.547118</ele>
      </trkpt>
      <trkpt lat="48.459839" lon="13.809078">
        <ele>284.686979</ele>
      </trkpt>
      <trkpt lat="48.459740" lon="13.809260">
        <ele>284.920360</ele>
      </trkpt>
      <trkpt lat="48.459577" lon="13.809438">
        <ele>285.221244</ele>
      </trkpt>
      <trkpt lat="48.459397" lon="13.809501">
        <ele>285.497509</ele>
      </trkpt>
      <trkpt lat="48.459210" lon="13.809487">
        <ele>286.177684</ele>
      </trkpt>
      <trkpt lat="48.458988" lon="13.809359">
        <ele>287.142891</ele>
      </trkpt>
      <trkpt lat="48.458891" lon="13.809279">
        <ele>287.591881</ele>
      </trkpt>
      <trkpt lat="48.458786" lon="13.809144">
        <ele>288.152246</ele>
      </trkpt>
      <trkpt lat="48.458678" lon="13.809050">
        <ele>288.658655</ele>
      </trkpt>
      <trkpt lat="48.458635" lon="13.809007">
        <ele>288.868189</ele>
      </trkpt>
      <trkpt lat="48.458463" lon="13.808922">
        <ele>289.603243</ele>
      </trkpt>
      <trkpt lat="48.458305" lon="13.808896">
        <ele>290.248697</ele>
      </trkpt>
      <trkpt lat="48.458074" lon="13.808881">
        <ele>291.187667</ele>
      </trkpt>
      <trkpt lat="48.457904" lon="13.808988">
        <ele>291.935773</ele>
      </trkpt>
      <trkpt lat="48.457763" lon="13.809175">
        <ele>292.698343</ele>
      </trkpt>
      <trkpt lat="48.457689" lon="13.809390">
        <ele>293.076333</ele>
      </trkpt>
      <trkpt lat="48.457622" lon="13.809514">
        <ele>293.271710</ele>
      </trkpt>
      <trkpt lat="48.457425" lon="13.809923">
        <ele>293.889178</ele>
      </trkpt>
      <trkpt lat="48.457179" lon="13.810403">
        <ele>294.630187</ele>
      </trkpt>
      <trkpt lat="48.457080" lon="13.810588">
        <ele>294.920565</ele>
      </trkpt>
      <trkpt lat="48.456942" lon="13.810899">
        <ele>295.377655</ele>
      </trkpt>
      <trkpt lat="48.456597" lon="13.811627">
        <ele>296.454887</ele>
      </trkpt>
      <trkpt lat="48.456381" lon="13.812050">
        <ele>297.073775</ele>
      </trkpt>
      <trkpt lat="48.456025" lon="13.812551">
        <ele>297.924994</ele>
      </trkpt>
      <trkpt lat="48.455798" lon="13.812800">
        <ele>298.415683</ele>
      </trkpt>
      <trkpt lat="48.455555" lon="13.813089">
        <ele>298.956677</ele>
      </trkpt>
      <trkpt lat="48.455044" lon="13.813995">
        <ele>301.723363</ele>
      </trkpt>
      <trkpt lat="48.454872" lon="13.814121">
        <ele>302.508108</ele>
      </trkpt>
      <trkpt lat="48.454742" lon="13.814281">
        <ele>303.196761</ele>
      </trkpt>
      <trkpt lat="48.454160" lon="13.815155">
        <ele>306.567654</ele>
      </trkpt>
      <trkpt lat="48.454006" lon="13.815349">
        <ele>307.344178</ele>
      </trkpt>
      <trkpt lat="48.453511" lon="13.815748">
        <ele>309.493891</ele>
      </trkpt>
      <trkpt lat="48.453262" lon="13.816092">
        <ele>310.787324</ele>
      </trkpt>
      <trkpt lat="48.452991" lon="13.816390">
        <ele>312.071939</ele>
      </trkpt>
      <trkpt lat="48.452841" lon="13.816579">
        <ele>312.820617</ele>
      </trkpt>
      <trkpt lat="48.451473" lon="13.819127">
        <ele>315.318766</ele>
      </trkpt>
      <trkpt lat="48.451230" lon="13.819539">
        <ele>315.267645</ele>
      </trkpt>
      <trkpt lat="48.450863" lon="13.820033">
        <ele>315.198868</ele>
      </trkpt>
      <trkpt lat="48.450516" lon="13.820416">
        <ele>315.138748</ele>
      </trkpt>
      <trkpt lat="48.449715" lon="13.821299">
        <ele>314.680098</ele>
      </trkpt>
      <trkpt lat="48.449196" lon="13.822036">
        <ele>314.234734</ele>
      </trkpt>
      <trkpt lat="48.448124" lon="13.823894">
        <ele>313.232938</ele>
      </trkpt>
      <trkpt lat="48.447494" lon="13.824619">
        <ele>313.453225</ele>
      </trkpt>
      <trkpt lat="48.447175" lon="13.824855">
        <ele>314.476916</ele>
      </trkpt>
      <trkpt lat="48.446431" lon="13.825407">
        <ele>316.865796</ele>
      </trkpt>
      <trkpt lat="48.446171" lon="13.825620">
        <ele>317.718276</ele>
      </trkpt>
      <trkpt lat="48.445587" lon="13.826375">
        <ele>320.222582</ele>
      </trkpt>
      <trkpt lat="48.445509" lon="13.826493">
        <ele>320.589681</ele>
      </trkpt>
      <trkpt lat="48.445424" lon="13.826630">
        <ele>321.003060</ele>
      </trkpt>
      <trkpt lat="48.445404" lon="13.826686">
        <ele>321.143215</ele>
      </trkpt>
      <trkpt lat="48.445376" lon="13.826755">
        <ele>321.321464</ele>
      </trkpt>
      <trkpt lat="48.445177" lon="13.827017">
        <ele>322.199186</ele>
      </trkpt>
      <trkpt lat="48.443356" lon="13.829867">
        <ele>324.595515</ele>
      </trkpt>
      <trkpt lat="48.443333" lon="13.829904">
        <ele>324.508260</ele>
      </trkpt>
      <trkpt lat="48.442219" lon="13.831541">
        <ele>320.381565</ele>
      </trkpt>
      <trkpt lat="48.441555" lon="13.832440">
        <ele>316.833395</ele>
      </trkpt>
      <trkpt lat="48.440054" lon="13.834082">
        <ele>310.636271</ele>
      </trkpt>
      <trkpt lat="48.439727" lon="13.834529">
        <ele>309.393034</ele>
      </trkpt>
      <trkpt lat="48.439318" lon="13.835247">
        <ele>308.769254</ele>
      </trkpt>
      <trkpt lat="48.439160" lon="13.835525">
        <ele>309.060301</ele>
      </trkpt>
      <trkpt lat="48.438477" lon="13.836387">
        <ele>310.127871</ele>
      </trkpt>
      <trkpt lat="48.438308" lon="13.836532">
        <ele>310.360920</ele>
      </trkpt>
      <trkpt lat="48.438133" lon="13.836660">
        <ele>310.617266</ele>
      </trkpt>
      <trkpt lat="48.437714" lon="13.836981">
        <ele>312.389466</ele>
      </trkpt>
      <trkpt lat="48.437042" lon="13.838037">
        <ele>316.049809</ele>
      </trkpt>
      <trkpt lat="48.436389" lon="13.838793">
        <ele>319.304977</ele>
      </trkpt>
      <trkpt lat="48.436190" lon="13.839175">
        <ele>320.622169</ele>
      </trkpt>
      <trkpt lat="48.435947" lon="13.839873">
        <ele>322.759955</ele>
      </trkpt>
      <trkpt lat="48.435598" lon="13.840541">
        <ele>324.870694</ele>
      </trkpt>
      <trkpt lat="48.435418" lon="13.840855">
        <ele>325.365720</ele>
      </trkpt>
      <trkpt lat="48.434676" lon="13.842158">
        <ele>327.414135</ele>
      </trkpt>
      <trkpt lat="48.433462" lon="13.844158">
        <ele>326.911927</ele>
      </trkpt>
      <trkpt lat="48.432936" lon="13.844668">
        <ele>326.351340</ele>
      </trkpt>
      <trkpt lat="48.432878" lon="13.844730">
        <ele>326.274377</ele>
      </trkpt>
      <trkpt lat="48.432768" lon="13.844846">
        <ele>326.129070</ele>
      </trkpt>
      <trkpt lat="48.432621" lon="13.845045">
        <ele>325.915207</ele>
      </trkpt>
      <trkpt lat="48.432349" lon="13.845662">
        <ele>325.383230</ele>
      </trkpt>
      <trkpt lat="48.432333" lon="13.845700">
        <ele>325.350910</ele>
      </trkpt>
      <trkpt lat="48.432203" lon="13.846004">
        <ele>325.091180</ele>
      </trkpt>
      <trkpt lat="48.431195" lon="13.847887">
        <ele>322.472109</ele>
      </trkpt>
      <trkpt lat="48.431108" lon="13.848050">
        <ele>322.227567</ele>
      </trkpt>
      <trkpt lat="48.430316" lon="13.849251">
        <ele>320.677587</ele>
      </trkpt>
      <trkpt lat="48.429988" lon="13.849872">
        <ele>320.046863</ele>
      </trkpt>
      <trkpt lat="48.429980" lon="13.849888">
        <ele>320.030943</ele>
      </trkpt>
      <trkpt lat="48.429632" lon="13.850616">
        <ele>319.438468</ele>
      </trkpt>
      <trkpt lat="48.429289" lon="13.850978">
        <ele>319.452966</ele>
      </trkpt>
      <trkpt lat="48.429183" lon="13.851136">
        <ele>319.458128</ele>
      </trkpt>
      <trkpt lat="48.429141" lon="13.851218">
        <ele>319.460508</ele>
      </trkpt>
      <trkpt lat="48.428911" lon="13.851665">
        <ele>319.473503</ele>
      </trkpt>
      <trkpt lat="48.428578" lon="13.852252">
        <ele>319.491245</ele>
      </trkpt>
      <trkpt lat="48.428288" lon="13.852855">
        <ele>318.609492</ele>
      </trkpt>
      <trkpt lat="48.427430" lon="13.855088">
        <ele>313.368044</ele>
      </trkpt>
      <trkpt lat="48.426589" lon="13.857327">
        <ele>305.465016</ele>
      </trkpt>
      <trkpt lat="48.426582" lon="13.857344">
        <ele>305.424014</ele>
      </trkpt>
      <trkpt lat="48.426036" lon="13.858496">
        <ele>302.522760</ele>
      </trkpt>
      <trkpt lat="48.425196" lon="13.860087">
        <ele>300.106565</ele>
      </trkpt>
      <trkpt lat="48.424668" lon="13.861171">
        <ele>299.779774</ele>
      </trkpt>
      <trkpt lat="48.424249" lon="13.862016">
        <ele>300.518520</ele>
      </trkpt>
      <trkpt lat="48.424030" lon="13.862448">
        <ele>301.208356</ele>
      </trkpt>
      <trkpt lat="48.423671" lon="13.862994">
        <ele>302.183696</ele>
      </trkpt>
      <trkpt lat="48.423477" lon="13.863449">
        <ele>302.869976</ele>
      </trkpt>
      <trkpt lat="48.423423" lon="13.863690">
        <ele>303.167218</ele>
      </trkpt>
      <trkpt lat="48.423351" lon="13.864053">
        <ele>303.472696</ele>
      </trkpt>
      <trkpt lat="48.423042" lon="13.865659">
        <ele>304.820934</ele>
      </trkpt>
      <trkpt lat="48.422955" lon="13.866256">
        <ele>305.298094</ele>
      </trkpt>
      <trkpt lat="48.422963" lon="13.867216">
        <ele>303.951962</ele>
      </trkpt>
      <trkpt lat="48.422983" lon="13.867400">
        <ele>303.690536</ele>
      </trkpt>
      <trkpt lat="48.422989" lon="13.867463">
        <ele>303.601298</ele>
      </trkpt>
      <trkpt lat="48.423102" lon="13.868368">
        <ele>302.310126</ele>
      </trkpt>
      <trkpt lat="48.423132" lon="13.868562">
        <ele>302.030830</ele>
      </trkpt>
      <trkpt lat="48.423143" lon="13.868595">
        <ele>301.979051</ele>
      </trkpt>
      <trkpt lat="48.423516" lon="13.869565">
        <ele>300.317355</ele>
      </trkpt>
      <trkpt lat="48.423611" lon="13.869882">
        <ele>299.789871</ele>
      </trkpt>
      <trkpt lat="48.423625" lon="13.869922">
        <ele>299.721290</ele>
      </trkpt>
      <trkpt lat="48.423706" lon="13.870174">
        <ele>299.296659</ele>
      </trkpt>
      <trkpt lat="48.423712" lon="13.870235">
        <ele>299.203140</ele>
      </trkpt>
      <trkpt lat="48.423718" lon="13.870294">
        <ele>299.112621</ele>
      </trkpt>
      <trkpt lat="48.423751" lon="13.870604">
        <ele>298.636491</ele>
      </trkpt>
      <trkpt lat="48.423858" lon="13.870954">
        <ele>298.052095</ele>
      </trkpt>
      <trkpt lat="48.423970" lon="13.871084">
        <ele>297.729024</ele>
      </trkpt>
      <trkpt lat="48.423993" lon="13.871111">
        <ele>297.662397</ele>
      </trkpt>
      <trkpt lat="48.424128" lon="13.871309">
        <ele>297.683748</ele>
      </trkpt>
      <trkpt lat="48.424334" lon="13.871496">
        <ele>298.633194</ele>
      </trkpt>
      <trkpt lat="48.424497" lon="13.871520">
        <ele>299.279776</ele>
      </trkpt>
      <trkpt lat="48.424706" lon="13.871541">
        <ele>300.106731</ele>
      </trkpt>
      <trkpt lat="48.424888" lon="13.871535">
        <ele>300.825432</ele>
      </trkpt>
      <trkpt lat="48.424921" lon="13.871754">
        <ele>301.413789</ele>
      </trkpt>
      <trkpt lat="48.424935" lon="13.871909">
        <ele>301.823613</ele>
      </trkpt>
      <trkpt lat="48.424997" lon="13.872406">
        <ele>303.148495</ele>
      </trkpt>
      <trkpt lat="48.425099" lon="13.872872">
        <ele>304.434049</ele>
      </trkpt>
      <trkpt lat="48.425538" lon="13.874132">
        <ele>313.716871</ele>
      </trkpt>
      <trkpt lat="48.425734" lon="13.874693">
        <ele>317.895934</ele>
      </trkpt>
      <trkpt lat="48.425990" lon="13.875071">
        <ele>321.456032</ele>
      </trkpt>
      <trkpt lat="48.426701" lon="13.875885">
        <ele>327.317437</ele>
      </trkpt>
      <trkpt lat="48.427197" lon="13.876180">
        <ele>330.612732</ele>
      </trkpt>
      <trkpt lat="48.427731" lon="13.876409">
        <ele>333.358483</ele>
      </trkpt>
      <trkpt lat="48.428576" lon="13.876560">
        <ele>332.224420</ele>
      </trkpt>
      <trkpt lat="48.429466" lon="13.876585">
        <ele>330.963648</ele>
      </trkpt>
      <trkpt lat="48.430121" lon="13.876390">
        <ele>328.597331</ele>
      </trkpt>
      <trkpt lat="48.430766" lon="13.876257">
        <ele>326.290020</ele>
      </trkpt>
      <trkpt lat="48.431212" lon="13.875726">
        <ele>324.189185</ele>
      </trkpt>
      <trkpt lat="48.431511" lon="13.875701">
        <ele>322.915879</ele>
      </trkpt>
      <trkpt lat="48.431932" lon="13.875592">
        <ele>321.099561</ele>
      </trkpt>
      <trkpt lat="48.432464" lon="13.875214">
        <ele>318.598718</ele>
      </trkpt>
      <trkpt lat="48.432781" lon="13.875081">
        <ele>317.199579</ele>
      </trkpt>
      <trkpt lat="48.433444" lon="13.874336">
        <ele>312.510097</ele>
      </trkpt>
      <trkpt lat="48.433953" lon="13.873570">
        <ele>308.389224</ele>
      </trkpt>
      <trkpt lat="48.434627" lon="13.872289">
        <ele>302.185365</ele>
      </trkpt>
      <trkpt lat="48.435483" lon="13.870201">
        <ele>293.802439</ele>
      </trkpt>
      <trkpt lat="48.436080" lon="13.868081">
        <ele>288.597063</ele>
      </trkpt>
      <trkpt lat="48.436247" lon="13.867578">
        <ele>288.346850</ele>
      </trkpt>
      <trkpt lat="48.436272" lon="13.867138">
        <ele>288.150400</ele>
      </trkpt>
      <trkpt lat="48.436517" lon="13.866515">
        <ele>287.828231</ele>
      </trkpt>
      <trkpt lat="48.436698" lon="13.865680">
        <ele>288.289088</ele>
      </trkpt>
      <trkpt lat="48.437037" lon="13.865168">
        <ele>289.378767</ele>
      </trkpt>
      <trkpt lat="48.437451" lon="13.864208">
        <ele>291.103609</ele>
      </trkpt>
      <trkpt lat="48.437978" lon="13.863173">
        <ele>292.816368</ele>
      </trkpt>
      <trkpt lat="48.438651" lon="13.862196">
        <ele>294.541918</ele>
      </trkpt>
      <trkpt lat="48.439390" lon="13.861301">
        <ele>295.063020</ele>
      </trkpt>
      <trkpt lat="48.442069" lon="13.858604">
        <ele>294.178912</ele>
      </trkpt>
      <trkpt lat="48.442837" lon="13.857925">
        <ele>294.621681</ele>
      </trkpt>
      <trkpt lat="48.443997" lon="13.857102">
        <ele>297.854675</ele>
      </trkpt>
      <trkpt lat="48.444625" lon="13.856879">
        <ele>300.646369</ele>
      </trkpt>
      <trkpt lat="48.445354" lon="13.856765">
        <ele>304.294820</ele>
      </trkpt>
      <trkpt lat="48.445684" lon="13.856793">
        <ele>306.338245</ele>
      </trkpt>
      <trkpt lat="48.446274" lon="13.857066">
        <ele>310.153814</ele>
      </trkpt>
      <trkpt lat="48.446704" lon="13.857392">
        <ele>313.129480</ele>
      </trkpt>
      <trkpt lat="48.447154" lon="13.857843">
        <ele>313.999881</ele>
      </trkpt>
      <trkpt lat="48.447533" lon="13.858352">
        <ele>314.207545</ele>
      </trkpt>
      <trkpt lat="48.447738" lon="13.858823">
        <ele>314.360424</ele>
      </trkpt>
      <trkpt lat="48.447966" lon="13.859826">
        <ele>313.101798</ele>
      </trkpt>
      <trkpt lat="48.448036" lon="13.860386">
        <ele>310.522181</ele>
      </trkpt>
      <trkpt lat="48.448131" lon="13.862470">
        <ele>300.953919</ele>
      </trkpt>
      <trkpt lat="48.448143" lon="13.862705">
        <ele>299.788798</ele>
      </trkpt>
      <trkpt lat="48.448138" lon="13.862896">
        <ele>298.843887</ele>
      </trkpt>
      <trkpt lat="48.448118" lon="13.863385">
        <ele>296.422007</ele>
      </trkpt>
      <trkpt lat="48.447942" lon="13.864125">
        <ele>292.535882</ele>
      </trkpt>
      <trkpt lat="48.447887" lon="13.864311">
        <ele>291.529190</ele>
      </trkpt>
      <trkpt lat="48.447880" lon="13.864495">
        <ele>290.618117</ele>
      </trkpt>
      <trkpt lat="48.447904" lon="13.864569">
        <ele>290.210922</ele>
      </trkpt>
      <trkpt lat="48.447999" lon="13.864670">
        <ele>289.344581</ele>
      </trkpt>
      <trkpt lat="48.448621" lon="13.864987">
        <ele>287.348746</ele>
      </trkpt>
      <trkpt lat="48.448703" lon="13.865043">
        <ele>287.116686</ele>
      </trkpt>
      <trkpt lat="48.448494" lon="13.865494">
        <ele>286.175969</ele>
      </trkpt>
      <trkpt lat="48.448007" lon="13.866326">
        <ele>284.278625</ele>
      </trkpt>
      <trkpt lat="48.447675" lon="13.866831">
        <ele>286.026627</ele>
      </trkpt>
      <trkpt lat="48.447563" lon="13.867001">
        <ele>286.644705</ele>
      </trkpt>
      <trkpt lat="48.446645" lon="13.868252">
        <ele>291.557633</ele>
      </trkpt>
      <trkpt lat="48.446172" lon="13.868974">
        <ele>295.382462</ele>
      </trkpt>
      <trkpt lat="48.445712" lon="13.869853">
        <ele>299.602508</ele>
      </trkpt>
      <trkpt lat="48.444310" lon="13.873168">
        <ele>312.671228</ele>
      </trkpt>
      <trkpt lat="48.443717" lon="13.875725">
        <ele>320.527074</ele>
      </trkpt>
      <trkpt lat="48.443584" lon="13.878764">
        <ele>328.339157</ele>
      </trkpt>
      <trkpt lat="48.443615" lon="13.881771">
        <ele>333.306879</ele>
      </trkpt>
      <trkpt lat="48.443860" lon="13.887654">
        <ele>338.923376</ele>
      </trkpt>
      <trkpt lat="48.445865" lon="13.892963">
        <ele>341.231392</ele>
      </trkpt>
      <trkpt lat="48.446673" lon="13.894273">
        <ele>342.074116</ele>
      </trkpt>
      <trkpt lat="48.447175" lon="13.895367">
        <ele>342.478636</ele>
      </trkpt>
      <trkpt lat="48.448382" lon="13.897321">
        <ele>340.723550</ele>
      </trkpt>
      <trkpt lat="48.448802" lon="13.898164">
        <ele>340.099089</ele>
      </trkpt>
      <trkpt lat="48.449405" lon="13.899019">
        <ele>339.359923</ele>
      </trkpt>
      <trkpt lat="48.450592" lon="13.901002">
        <ele>339.322878</ele>
      </trkpt>
      <trkpt lat="48.451160" lon="13.901706">
        <ele>338.583816</ele>
      </trkpt>
      <trkpt lat="48.451869" lon="13.902387">
        <ele>337.430219</ele>
      </trkpt>
      <trkpt lat="48.452685" lon="13.903410">
        <ele>334.061289</ele>
      </trkpt>
      <trkpt lat="48.453047" lon="13.904047">
        <ele>331.662861</ele>
      </trkpt>
      <trkpt lat="48.453338" lon="13.904779">
        <ele>329.222787</ele>
      </trkpt>
      <trkpt lat="48.453421" lon="13.905219">
        <ele>327.208710</ele>
      </trkpt>
      <trkpt lat="48.453481" lon="13.906212">
        <ele>322.677863</ele>
      </trkpt>
      <trkpt lat="48.453480" lon="13.906802">
        <ele>319.996915</ele>
      </trkpt>
      <trkpt lat="48.453391" lon="13.907457">
        <ele>316.958794</ele>
      </trkpt>
      <trkpt lat="48.453341" lon="13.907646">
        <ele>316.390596</ele>
      </trkpt>
      <trkpt lat="48.453267" lon="13.907924">
        <ele>315.671137</ele>
      </trkpt>
      <trkpt lat="48.453129" lon="13.908380">
        <ele>314.467302</ele>
      </trkpt>
      <trkpt lat="48.452750" lon="13.909260">
        <ele>311.947210</ele>
      </trkpt>
      <trkpt lat="48.449282" lon="13.915572">
        <ele>308.034055</ele>
      </trkpt>
      <trkpt lat="48.448341" lon="13.917004">
        <ele>301.981997</ele>
      </trkpt>
      <trkpt lat="48.446989" lon="13.918222">
        <ele>292.502657</ele>
      </trkpt>
      <trkpt lat="48.446470" lon="13.918428">
        <ele>289.271165</ele>
      </trkpt>
      <trkpt lat="48.445555" lon="13.918642">
        <ele>285.528826</ele>
      </trkpt>
      <trkpt lat="48.445569" lon="13.918584">
        <ele>285.492813</ele>
      </trkpt>
      <trkpt lat="48.445458" lon="13.918458">
        <ele>285.370592</ele>
      </trkpt>
      <trkpt lat="48.444761" lon="13.918070">
        <ele>284.717034</ele>
      </trkpt>
      <trkpt lat="48.443857" lon="13.917657">
        <ele>284.828483</ele>
      </trkpt>
      <trkpt lat="48.443124" lon="13.917412">
        <ele>285.831435</ele>
      </trkpt>
      <trkpt lat="48.441549" lon="13.917306">
        <ele>286.949715</ele>
      </trkpt>
      <trkpt lat="48.441212" lon="13.917225">
        <ele>287.052272</ele>
      </trkpt>
      <trkpt lat="48.440433" lon="13.917008">
        <ele>287.259558</ele>
      </trkpt>
      <trkpt lat="48.440279" lon="13.917246">
        <ele>287.302334</ele>
      </trkpt>
      <trkpt lat="48.440133" lon="13.917373">
        <ele>287.335027</ele>
      </trkpt>
      <trkpt lat="48.439836" lon="13.917631">
        <ele>287.401510</ele>
      </trkpt>
      <trkpt lat="48.439586" lon="13.917721">
        <ele>287.451360</ele>
      </trkpt>
      <trkpt lat="48.438681" lon="13.917791">
        <ele>288.294764</ele>
      </trkpt>
      <trkpt lat="48.437538" lon="13.918016">
        <ele>290.515408</ele>
      </trkpt>
      <trkpt lat="48.434720" lon="13.919785">
        <ele>295.057867</ele>
      </trkpt>
      <trkpt lat="48.432210" lon="13.922324">
        <ele>295.354516</ele>
      </trkpt>
      <trkpt lat="48.431820" lon="13.922533">
        <ele>294.608774</ele>
      </trkpt>
      <trkpt lat="48.430743" lon="13.923478">
        <ele>291.794868</ele>
      </trkpt>
      <trkpt lat="48.430336" lon="13.923714">
        <ele>290.125319</ele>
      </trkpt>
      <trkpt lat="48.428817" lon="13.924105">
        <ele>284.455538</ele>
      </trkpt>
      <trkpt lat="48.427604" lon="13.924584">
        <ele>280.282928</ele>
      </trkpt>
      <trkpt lat="48.427216" lon="13.924615">
        <ele>279.659381</ele>
      </trkpt>
      <trkpt lat="48.423993" lon="13.923960">
        <ele>277.071721</ele>
      </trkpt>
      <trkpt lat="48.423113" lon="13.923792">
        <ele>278.023057</ele>
      </trkpt>
      <trkpt lat="48.422793" lon="13.923731">
        <ele>278.394720</ele>
      </trkpt>
      <trkpt lat="48.420773" lon="13.923529">
        <ele>283.161883</ele>
      </trkpt>
      <trkpt lat="48.419763" lon="13.923558">
        <ele>286.491596</ele>
      </trkpt>
      <trkpt lat="48.418733" lon="13.923816">
        <ele>290.210797</ele>
      </trkpt>
      <trkpt lat="48.418242" lon="13.924108">
        <ele>291.753224</ele>
      </trkpt>
      <trkpt lat="48.418212" lon="13.924136">
        <ele>291.847387</ele>
      </trkpt>
      <trkpt lat="48.417969" lon="13.924359">
        <ele>292.606592</ele>
      </trkpt>
      <trkpt lat="48.417388" lon="13.924858">
        <ele>294.391075</ele>
      </trkpt>
      <trkpt lat="48.416506" lon="13.925248">
        <ele>296.834193</ele>
      </trkpt>
      <trkpt lat="48.414938" lon="13.926433">
        <ele>300.926683</ele>
      </trkpt>
      <trkpt lat="48.414640" lon="13.926779">
        <ele>301.452593</ele>
      </trkpt>
      <trkpt lat="48.414316" lon="13.927329">
        <ele>302.134892</ele>
      </trkpt>
      <trkpt lat="48.414080" lon="13.927622">
        <ele>302.562367</ele>
      </trkpt>
      <trkpt lat="48.413850" lon="13.927837">
        <ele>302.728646</ele>
      </trkpt>
      <trkpt lat="48.413251" lon="13.928144">
        <ele>302.031743</ele>
      </trkpt>
      <trkpt lat="48.412805" lon="13.928685">
        <ele>301.401058</ele>
      </trkpt>
      <trkpt lat="48.412237" lon="13.929514">
        <ele>300.298680</ele>
      </trkpt>
      <trkpt lat="48.412028" lon="13.929762">
        <ele>299.787687</ele>
      </trkpt>
      <trkpt lat="48.411459" lon="13.930252">
        <ele>298.528853</ele>
      </trkpt>
      <trkpt lat="48.411011" lon="13.930568">
        <ele>297.578728</ele>
      </trkpt>
      <trkpt lat="48.409538" lon="13.931438">
        <ele>296.813253</ele>
      </trkpt>
      <trkpt lat="48.407701" lon="13.932637">
        <ele>297.988782</ele>
      </trkpt>
      <trkpt lat="48.404505" lon="13.936015">
        <ele>298.136696</ele>
      </trkpt>
      <trkpt lat="48.403742" lon="13.937118">
        <ele>299.670855</ele>
      </trkpt>
      <trkpt lat="48.403257" lon="13.937911">
        <ele>301.472427</ele>
      </trkpt>
      <trkpt lat="48.403049" lon="13.938346">
        <ele>303.602031</ele>
      </trkpt>
      <trkpt lat="48.402509" lon="13.939744">
        <ele>310.027253</ele>
      </trkpt>
      <trkpt lat="48.402211" lon="13.940741">
        <ele>315.324609</ele>
      </trkpt>
      <trkpt lat="48.402039" lon="13.941571">
        <ele>319.826937</ele>
      </trkpt>
      <trkpt lat="48.402050" lon="13.942057">
        <ele>322.344960</ele>
      </trkpt>
      <trkpt lat="48.402192" lon="13.943127">
        <ele>326.547225</ele>
      </trkpt>
      <trkpt lat="48.402203" lon="13.943213">
        <ele>326.760984</ele>
      </trkpt>
      <trkpt lat="48.403006" lon="13.946673">
        <ele>333.465587</ele>
      </trkpt>
      <trkpt lat="48.403556" lon="13.948286">
        <ele>334.647147</ele>
      </trkpt>
      <trkpt lat="48.403831" lon="13.948904">
        <ele>334.677169</ele>
      </trkpt>
      <trkpt lat="48.404608" lon="13.950242">
        <ele>334.713763</ele>
      </trkpt>
      <trkpt lat="48.405865" lon="13.951508">
        <ele>334.645755</ele>
      </trkpt>
      <trkpt lat="48.407206" lon="13.952492">
        <ele>334.722268</ele>
      </trkpt>
      <trkpt lat="48.408641" lon="13.953353">
        <ele>334.004306</ele>
      </trkpt>
      <trkpt lat="48.411352" lon="13.954019">
        <ele>330.142603</ele>
      </trkpt>
      <trkpt lat="48.412416" lon="13.954132">
        <ele>328.318145</ele>
      </trkpt>
      <trkpt lat="48.413613" lon="13.954664">
        <ele>325.534618</ele>
      </trkpt>
      <trkpt lat="48.415399" lon="13.956072">
        <ele>318.658737</ele>
      </trkpt>
      <trkpt lat="48.415719" lon="13.956617">
        <ele>316.649788</ele>
      </trkpt>
      <trkpt lat="48.416002" lon="13.957234">
        <ele>314.373543</ele>
      </trkpt>
      <trkpt lat="48.416127" lon="13.957933">
        <ele>312.084674</ele>
      </trkpt>
      <trkpt lat="48.416190" lon="13.958651">
        <ele>309.794797</ele>
      </trkpt>
      <trkpt lat="48.416169" lon="13.959213">
        <ele>308.015090</ele>
      </trkpt>
      <trkpt lat="48.416085" lon="13.959945">
        <ele>307.638754</ele>
      </trkpt>
      <trkpt lat="48.415850" lon="13.961351">
        <ele>308.190151</ele>
      </trkpt>
      <trkpt lat="48.415282" lon="13.965033">
        <ele>314.425847</ele>
      </trkpt>
      <trkpt lat="48.415011" lon="13.967714">
        <ele>317.319404</ele>
      </trkpt>
      <trkpt lat="48.415056" lon="13.968651">
        <ele>317.643306</ele>
      </trkpt>
      <trkpt lat="48.415179" lon="13.969638">
        <ele>317.989548</ele>
      </trkpt>
      <trkpt lat="48.415483" lon="13.971560">
        <ele>319.087858</ele>
      </trkpt>
      <trkpt lat="48.415692" lon="13.972450">
        <ele>319.662781</ele>
      </trkpt>
      <trkpt lat="48.416108" lon="13.973239">
        <ele>321.299112</ele>
      </trkpt>
      <trkpt lat="48.416978" lon="13.974367">
        <ele>324.507913</ele>
      </trkpt>
      <trkpt lat="48.417835" lon="13.975714">
        <ele>327.498699</ele>
      </trkpt>
      <trkpt lat="48.418544" lon="13.977444">
        <ele>327.441046</ele>
      </trkpt>
      <trkpt lat="48.419739" lon="13.980169">
        <ele>317.266100</ele>
      </trkpt>
      <trkpt lat="48.420310" lon="13.981895">
        <ele>306.467352</ele>
      </trkpt>
      <trkpt lat="48.420346" lon="13.982810">
        <ele>300.212799</ele>
      </trkpt>
      <trkpt lat="48.420333" lon="13.983361">
        <ele>296.450624</ele>
      </trkpt>
      <trkpt lat="48.420320" lon="13.983522">
        <ele>295.343924</ele>
      </trkpt>
      <trkpt lat="48.420300" lon="13.983795">
        <ele>293.469766</ele>
      </trkpt>
      <trkpt lat="48.420274" lon="13.984050">
        <ele>292.909547</ele>
      </trkpt>
      <trkpt lat="48.420241" lon="13.984235">
        <ele>292.500523</ele>
      </trkpt>
      <trkpt lat="48.420231" lon="13.984292">
        <ele>292.374638</ele>
      </trkpt>
      <trkpt lat="48.420053" lon="13.985009">
        <ele>290.740119</ele>
      </trkpt>
      <trkpt lat="48.419926" lon="13.985454">
        <ele>289.705839</ele>
      </trkpt>
      <trkpt lat="48.419904" lon="13.985532">
        <ele>289.524879</ele>
      </trkpt>
      <trkpt lat="48.419896" lon="13.985558">
        <ele>289.463689</ele>
      </trkpt>
      <trkpt lat="48.419785" lon="13.985922">
        <ele>288.608365</ele>
      </trkpt>
      <trkpt lat="48.419760" lon="13.986006">
        <ele>288.411801</ele>
      </trkpt>
      <trkpt lat="48.419670" lon="13.986260">
        <ele>287.797008</ele>
      </trkpt>
      <trkpt lat="48.419586" lon="13.986496">
        <ele>288.380137</ele>
      </trkpt>
      <trkpt lat="48.419553" lon="13.986574">
        <ele>288.696092</ele>
      </trkpt>
      <trkpt lat="48.419449" lon="13.986823">
        <ele>289.701010</ele>
      </trkpt>
      <trkpt lat="48.419416" lon="13.986899">
        <ele>290.011227</ele>
      </trkpt>
      <trkpt lat="48.419273" lon="13.987221">
        <ele>291.334611</ele>
      </trkpt>
      <trkpt lat="48.419222" lon="13.987335">
        <ele>291.804208</ele>
      </trkpt>
      <trkpt lat="48.419130" lon="13.987526">
        <ele>292.610325</ele>
      </trkpt>
      <trkpt lat="48.418993" lon="13.987812">
        <ele>293.815102</ele>
      </trkpt>
      <trkpt lat="48.418847" lon="13.988117">
        <ele>295.099613</ele>
      </trkpt>
      <trkpt lat="48.418815" lon="13.988184">
        <ele>295.381567</ele>
      </trkpt>
      <trkpt lat="48.418706" lon="13.988407">
        <ele>296.327564</ele>
      </trkpt>
      <trkpt lat="48.418688" lon="13.988443">
        <ele>296.481522</ele>
      </trkpt>
      <trkpt lat="48.418557" lon="13.988701">
        <ele>297.560934</ele>
      </trkpt>
      <trkpt lat="48.418467" lon="13.988881">
        <ele>298.295772</ele>
      </trkpt>
      <trkpt lat="48.418413" lon="13.988996">
        <ele>298.755111</ele>
      </trkpt>
      <trkpt lat="48.418273" lon="13.989299">
        <ele>299.958940</ele>
      </trkpt>
      <trkpt lat="48.418129" lon="13.989594">
        <ele>301.152994</ele>
      </trkpt>
      <trkpt lat="48.417990" lon="13.989860">
        <ele>302.256915</ele>
      </trkpt>
      <trkpt lat="48.417761" lon="13.990403">
        <ele>304.354694</ele>
      </trkpt>
      <trkpt lat="48.416276" lon="13.993714">
        <ele>311.140361</ele>
      </trkpt>
      <trkpt lat="48.415621" lon="13.995496">
        <ele>310.818286</ele>
      </trkpt>
      <trkpt lat="48.414762" lon="13.997123">
        <ele>305.238887</ele>
      </trkpt>
      <trkpt lat="48.414264" lon="13.997676">
        <ele>302.283444</ele>
      </trkpt>
      <trkpt lat="48.413714" lon="13.998140">
        <ele>298.840753</ele>
      </trkpt>
      <trkpt lat="48.412168" lon="13.998717">
        <ele>291.838327</ele>
      </trkpt>
      <trkpt lat="48.410556" lon="13.999156">
        <ele>288.580217</ele>
      </trkpt>
      <trkpt lat="48.409683" lon="13.999131">
        <ele>288.725719</ele>
      </trkpt>
      <trkpt lat="48.409327" lon="13.999197">
        <ele>288.810875</ele>
      </trkpt>
      <trkpt lat="48.408596" lon="13.999405">
        <ele>290.028511</ele>
      </trkpt>
      <trkpt lat="48.407888" lon="13.999717">
        <ele>291.235911</ele>
      </trkpt>
      <trkpt lat="48.407009" lon="14.000669">
        <ele>292.037149</ele>
      </trkpt>
      <trkpt lat="48.406473" lon="14.001109">
        <ele>292.279320</ele>
      </trkpt>
      <trkpt lat="48.406050" lon="14.001705">
        <ele>292.365014</ele>
      </trkpt>
      <trkpt lat="48.405081" lon="14.002520">
        <ele>291.885167</ele>
      </trkpt>
      <trkpt lat="48.403330" lon="14.004102">
        <ele>291.562591</ele>
      </trkpt>
      <trkpt lat="48.401599" lon="14.005459">
        <ele>292.757991</ele>
      </trkpt>
      <trkpt lat="48.401098" lon="14.005984">
        <ele>293.149093</ele>
      </trkpt>
      <trkpt lat="48.400662" lon="14.006549">
        <ele>293.506294</ele>
      </trkpt>
      <trkpt lat="48.400356" lon="14.006858">
        <ele>293.735093</ele>
      </trkpt>
      <trkpt lat="48.399516" lon="14.007471">
        <ele>294.552647</ele>
      </trkpt>
      <trkpt lat="48.398200" lon="14.008970">
        <ele>295.995116</ele>
      </trkpt>
      <trkpt lat="48.397639" lon="14.009893">
        <ele>296.322439</ele>
      </trkpt>
      <trkpt lat="48.397069" lon="14.010516">
        <ele>296.203503</ele>
      </trkpt>
      <trkpt lat="48.396460" lon="14.011099">
        <ele>294.669584</ele>
      </trkpt>
      <trkpt lat="48.395825" lon="14.011962">
        <ele>292.851447</ele>
      </trkpt>
      <trkpt lat="48.395203" lon="14.012607">
        <ele>290.589545</ele>
      </trkpt>
      <trkpt lat="48.394542" lon="14.013134">
        <ele>288.288807</ele>
      </trkpt>
      <trkpt lat="48.392484" lon="14.014106">
        <ele>282.249159</ele>
      </trkpt>
      <trkpt lat="48.392308" lon="14.014177">
        <ele>282.205528</ele>
      </trkpt>
      <trkpt lat="48.391966" lon="14.014310">
        <ele>282.129551</ele>
      </trkpt>
      <trkpt lat="48.390866" lon="14.014649">
        <ele>281.888040</ele>
      </trkpt>
      <trkpt lat="48.390037" lon="14.014905">
        <ele>283.587828</ele>
      </trkpt>
      <trkpt lat="48.388431" lon="14.015496">
        <ele>287.046039</ele>
      </trkpt>
      <trkpt lat="48.386277" lon="14.017339">
        <ele>289.537926</ele>
      </trkpt>
      <trkpt lat="48.386163" lon="14.017454">
        <ele>289.625200</ele>
      </trkpt>
      <trkpt lat="48.385692" lon="14.017916">
        <ele>289.883436</ele>
      </trkpt>
      <trkpt lat="48.385074" lon="14.018519">
        <ele>289.822657</ele>
      </trkpt>
      <trkpt lat="48.383037" lon="14.020711">
        <ele>289.011705</ele>
      </trkpt>
      <trkpt lat="48.382742" lon="14.021065">
        <ele>288.982648</ele>
      </trkpt>
      <trkpt lat="48.382428" lon="14.021531">
        <ele>289.185414</ele>
      </trkpt>
      <trkpt lat="48.382095" lon="14.022076">
        <ele>289.411613</ele>
      </trkpt>
      <trkpt lat="48.381957" lon="14.022300">
        <ele>289.504937</ele>
      </trkpt>
      <trkpt lat="48.381696" lon="14.022725">
        <ele>289.681743</ele>
      </trkpt>
      <trkpt lat="48.381370" lon="14.023265">
        <ele>289.396380</ele>
      </trkpt>
      <trkpt lat="48.381172" lon="14.023597">
        <ele>289.119299</ele>
      </trkpt>
      <trkpt lat="48.380759" lon="14.024231">
        <ele>288.567843</ele>
      </trkpt>
      <trkpt lat="48.380393" lon="14.024691">
        <ele>288.122090</ele>
      </trkpt>
      <trkpt lat="48.379934" lon="14.025180">
        <ele>286.067798</ele>
      </trkpt>
      <trkpt lat="48.379466" lon="14.025590">
        <ele>283.875733</ele>
      </trkpt>
      <trkpt lat="48.378606" lon="14.026228">
        <ele>280.209933</ele>
      </trkpt>
      <trkpt lat="48.378373" lon="14.026400">
        <ele>279.449931</ele>
      </trkpt>
      <trkpt lat="48.377362" lon="14.027063">
        <ele>276.220306</ele>
      </trkpt>
      <trkpt lat="48.375980" lon="14.027685">
        <ele>273.396506</ele>
      </trkpt>
      <trkpt lat="48.375711" lon="14.027753">
        <ele>272.916419</ele>
      </trkpt>
      <trkpt lat="48.374664" lon="14.028069">
        <ele>271.500870</ele>
      </trkpt>
      <trkpt lat="48.374122" lon="14.028166">
        <ele>270.882138</ele>
      </trkpt>
      <trkpt lat="48.374130" lon="14.028217">
        <ele>270.842678</ele>
      </trkpt>
      <trkpt lat="48.374140" lon="14.028554">
        <ele>270.588663</ele>
      </trkpt>
      <trkpt lat="48.373349" lon="14.028608">
        <ele>270.243032</ele>
      </trkpt>
      <trkpt lat="48.373073" lon="14.028551">
        <ele>270.212842</ele>
      </trkpt>
      <trkpt lat="48.372784" lon="14.028486">
        <ele>270.181176</ele>
      </trkpt>
      <trkpt lat="48.372758" lon="14.028482">
        <ele>270.178344</ele>
      </trkpt>
      <trkpt lat="48.372346" lon="14.028411">
        <ele>270.133404</ele>
      </trkpt>
      <trkpt lat="48.372211" lon="14.028388">
        <ele>270.118681</ele>
      </trkpt>
      <trkpt lat="48.372112" lon="14.028364">
        <ele>270.107814</ele>
      </trkpt>
      <trkpt lat="48.371419" lon="14.028172">
        <ele>270.164684</ele>
      </trkpt>
      <trkpt lat="48.370842" lon="14.027956">
        <ele>270.214702</ele>
      </trkpt>
      <trkpt lat="48.370422" lon="14.027736">
        <ele>270.252111</ele>
      </trkpt>
      <trkpt lat="48.370291" lon="14.027643">
        <ele>270.256018</ele>
      </trkpt>
      <trkpt lat="48.369892" lon="14.027440">
        <ele>270.246522</ele>
      </trkpt>
      <trkpt lat="48.369368" lon="14.027171">
        <ele>270.234039</ele>
      </trkpt>
      <trkpt lat="48.368465" lon="14.026692">
        <ele>270.131453</ele>
      </trkpt>
      <trkpt lat="48.367743" lon="14.026328">
        <ele>269.822263</ele>
      </trkpt>
      <trkpt lat="48.367052" lon="14.025931">
        <ele>269.521923</ele>
      </trkpt>
      <trkpt lat="48.366982" lon="14.025894">
        <ele>269.491797</ele>
      </trkpt>
      <trkpt lat="48.366663" lon="14.025747">
        <ele>269.305988</ele>
      </trkpt>
      <trkpt lat="48.364959" lon="14.024963">
        <ele>268.420666</ele>
      </trkpt>
      <trkpt lat="48.364705" lon="14.024846">
        <ele>268.373490</ele>
      </trkpt>
      <trkpt lat="48.364622" lon="14.024728">
        <ele>268.353213</ele>
      </trkpt>
      <trkpt lat="48.363928" lon="14.024430">
        <ele>268.225040</ele>
      </trkpt>
      <trkpt lat="48.363401" lon="14.024180">
        <ele>268.194360</ele>
      </trkpt>
      <trkpt lat="48.363226" lon="14.024060">
        <ele>268.241283</ele>
      </trkpt>
      <trkpt lat="48.363146" lon="14.024033">
        <ele>268.261288</ele>
      </trkpt>
      <trkpt lat="48.362917" lon="14.023954">
        <ele>268.318613</ele>
      </trkpt>
      <trkpt lat="48.362744" lon="14.023885">
        <ele>268.362283</ele>
      </trkpt>
      <trkpt lat="48.362150" lon="14.023674">
        <ele>268.511202</ele>
      </trkpt>
      <trkpt lat="48.361538" lon="14.023325">
        <ele>268.556596</ele>
      </trkpt>
      <trkpt lat="48.360315" lon="14.022702">
        <ele>268.402157</ele>
      </trkpt>
      <trkpt lat="48.359301" lon="14.022375">
        <ele>268.256901</ele>
      </trkpt>
      <trkpt lat="48.358110" lon="14.021932">
        <ele>268.089693</ele>
      </trkpt>
      <trkpt lat="48.355543" lon="14.020962">
        <ele>267.757213</ele>
      </trkpt>
      <trkpt lat="48.353700" lon="14.020394">
        <ele>267.394478</ele>
      </trkpt>
      <trkpt lat="48.348841" lon="14.019535">
        <ele>266.278504</ele>
      </trkpt>
      <trkpt lat="48.347758" lon="14.019442">
        <ele>266.002151</ele>
      </trkpt>
      <trkpt lat="48.347012" lon="14.019484">
        <ele>265.827137</ele>
      </trkpt>
      <trkpt lat="48.344162" lon="14.020069">
        <ele>265.209211</ele>
      </trkpt>
      <trkpt lat="48.343018" lon="14.020422">
        <ele>265.074469</ele>
      </trkpt>
      <trkpt lat="48.341725" lon="14.020969">
        <ele>264.962609</ele>
      </trkpt>
      <trkpt lat="48.340664" lon="14.021495">
        <ele>264.898887</ele>
      </trkpt>
      <trkpt lat="48.338721" lon="14.022722">
        <ele>264.785777</ele>
      </trkpt>
      <trkpt lat="48.338184" lon="14.023194">
        <ele>264.864911</ele>
      </trkpt>
      <trkpt lat="48.337069" lon="14.023755">
        <ele>265.012877</ele>
      </trkpt>
      <trkpt lat="48.336581" lon="14.023753">
        <ele>265.072697</ele>
      </trkpt>
      <trkpt lat="48.336412" lon="14.023684">
        <ele>265.094163</ele>
      </trkpt>
      <trkpt lat="48.336270" lon="14.023655">
        <ele>265.111729</ele>
      </trkpt>
      <trkpt lat="48.336322" lon="14.023862">
        <ele>265.129761</ele>
      </trkpt>
      <trkpt lat="48.336396" lon="14.024173">
        <ele>265.156677</ele>
      </trkpt>
      <trkpt lat="48.336420" lon="14.024273">
        <ele>265.165341</ele>
      </trkpt>
      <trkpt lat="48.336517" lon="14.024745">
        <ele>265.134123</ele>
      </trkpt>
      <trkpt lat="48.336561" lon="14.025206">
        <ele>264.992012</ele>
      </trkpt>
      <trkpt lat="48.336546" lon="14.025366">
        <ele>264.942706</ele>
      </trkpt>
      <trkpt lat="48.336358" lon="14.025703">
        <ele>264.808462</ele>
      </trkpt>
      <trkpt lat="48.336156" lon="14.025947">
        <ele>264.689546</ele>
      </trkpt>
      <trkpt lat="48.335915" lon="14.026144">
        <ele>264.563644</ele>
      </trkpt>
      <trkpt lat="48.335707" lon="14.026273">
        <ele>264.460371</ele>
      </trkpt>
      <trkpt lat="48.335443" lon="14.026450">
        <ele>264.320183</ele>
      </trkpt>
      <trkpt lat="48.335107" lon="14.026734">
        <ele>264.107551</ele>
      </trkpt>
      <trkpt lat="48.334656" lon="14.027196">
        <ele>263.806516</ele>
      </trkpt>
      <trkpt lat="48.334558" lon="14.027402">
        <ele>263.713610</ele>
      </trkpt>
      <trkpt lat="48.333951" lon="14.028079">
        <ele>263.334561</ele>
      </trkpt>
      <trkpt lat="48.333633" lon="14.028361">
        <ele>263.232483</ele>
      </trkpt>
      <trkpt lat="48.333042" lon="14.028950">
        <ele>263.036443</ele>
      </trkpt>
      <trkpt lat="48.331659" lon="14.030362">
        <ele>262.954395</ele>
      </trkpt>
      <trkpt lat="48.331281" lon="14.030826">
        <ele>262.989883</ele>
      </trkpt>
      <trkpt lat="48.330103" lon="14.032674">
        <ele>263.964488</ele>
      </trkpt>
      <trkpt lat="48.329177" lon="14.034357">
        <ele>265.239836</ele>
      </trkpt>
      <trkpt lat="48.328972" lon="14.034563">
        <ele>265.472300</ele>
      </trkpt>
      <trkpt lat="48.328848" lon="14.034788">
        <ele>265.655508</ele>
      </trkpt>
      <trkpt lat="48.328817" lon="14.034845">
        <ele>265.701673</ele>
      </trkpt>
      <trkpt lat="48.328780" lon="14.034915">
        <ele>265.757734</ele>
      </trkpt>
      <trkpt lat="48.328461" lon="14.035523">
        <ele>266.045942</ele>
      </trkpt>
      <trkpt lat="48.327942" lon="14.036653">
        <ele>266.455496</ele>
      </trkpt>
      <trkpt lat="48.327284" lon="14.038335">
        <ele>266.548917</ele>
      </trkpt>
      <trkpt lat="48.327031" lon="14.039048">
        <ele>266.466296</ele>
      </trkpt>
      <trkpt lat="48.326516" lon="14.040686">
        <ele>265.846220</ele>
      </trkpt>
      <trkpt lat="48.325444" lon="14.044535">
        <ele>263.432419</ele>
      </trkpt>
      <trkpt lat="48.325002" lon="14.046380">
        <ele>262.601338</ele>
      </trkpt>
      <trkpt lat="48.324297" lon="14.049840">
        <ele>262.081549</ele>
      </trkpt>
      <trkpt lat="48.323852" lon="14.051865">
        <ele>262.325949</ele>
      </trkpt>
      <trkpt lat="48.323567" lon="14.052938">
        <ele>262.464506</ele>
      </trkpt>
      <trkpt lat="48.323225" lon="14.053975">
        <ele>262.608101</ele>
      </trkpt>
      <trkpt lat="48.322822" lon="14.054985">
        <ele>262.708750</ele>
      </trkpt>
      <trkpt lat="48.322446" lon="14.055798">
        <ele>262.671237</ele>
      </trkpt>
      <trkpt lat="48.319464" lon="14.061491">
        <ele>262.389398</ele>
      </trkpt>
      <trkpt lat="48.319353" lon="14.061704">
        <ele>262.438901</ele>
      </trkpt>
      <trkpt lat="48.319223" lon="14.061953">
        <ele>262.496811</ele>
      </trkpt>
      <trkpt lat="48.318618" lon="14.063177">
        <ele>262.775794</ele>
      </trkpt>
      <trkpt lat="48.318172" lon="14.064271">
        <ele>263.519075</ele>
      </trkpt>
      <trkpt lat="48.318056" lon="14.064603">
        <ele>263.761984</ele>
      </trkpt>
      <trkpt lat="48.318047" lon="14.064629">
        <ele>263.780969</ele>
      </trkpt>
      <trkpt lat="48.317856" lon="14.065268">
        <ele>264.234733</ele>
      </trkpt>
      <trkpt lat="48.317345" lon="14.067246">
        <ele>265.139600</ele>
      </trkpt>
      <trkpt lat="48.316978" lon="14.068983">
        <ele>265.345381</ele>
      </trkpt>
      <trkpt lat="48.316804" lon="14.069962">
        <ele>265.092861</ele>
      </trkpt>
      <trkpt lat="48.316376" lon="14.073154">
        <ele>263.803483</ele>
      </trkpt>
      <trkpt lat="48.316175" lon="14.075122">
        <ele>262.867101</ele>
      </trkpt>
      <trkpt lat="48.316051" lon="14.076647">
        <ele>262.215564</ele>
      </trkpt>
      <trkpt lat="48.315950" lon="14.077906">
        <ele>261.846431</ele>
      </trkpt>
      <trkpt lat="48.315913" lon="14.078359">
        <ele>261.713579</ele>
      </trkpt>
      <trkpt lat="48.315540" lon="14.081553">
        <ele>261.743849</ele>
      </trkpt>
      <trkpt lat="48.315271" lon="14.083308">
        <ele>262.404964</ele>
      </trkpt>
      <trkpt lat="48.314581" lon="14.087129">
        <ele>263.559005</ele>
      </trkpt>
      <trkpt lat="48.314390" lon="14.090076">
        <ele>263.028047</ele>
      </trkpt>
      <trkpt lat="48.314325" lon="14.090625">
        <ele>263.016878</ele>
      </trkpt>
      <trkpt lat="48.314136" lon="14.091923">
        <ele>262.990264</ele>
      </trkpt>
      <trkpt lat="48.314013" lon="14.092880">
        <ele>263.294584</ele>
      </trkpt>
      <trkpt lat="48.313821" lon="14.094230">
        <ele>263.871446</ele>
      </trkpt>
      <trkpt lat="48.313567" lon="14.095541">
        <ele>264.113714</ele>
      </trkpt>
      <trkpt lat="48.313102" lon="14.097218">
        <ele>264.109184</ele>
      </trkpt>
      <trkpt lat="48.312536" lon="14.098944">
        <ele>263.674878</ele>
      </trkpt>
      <trkpt lat="48.311989" lon="14.100472">
        <ele>263.446730</ele>
      </trkpt>
      <trkpt lat="48.310147" lon="14.104668">
        <ele>263.477139</ele>
      </trkpt>
      <trkpt lat="48.309454" lon="14.106399">
        <ele>263.196928</ele>
      </trkpt>
      <trkpt lat="48.309017" lon="14.107579">
        <ele>262.781451</ele>
      </trkpt>
      <trkpt lat="48.308533" lon="14.109264">
        <ele>262.197048</ele>
      </trkpt>
      <trkpt lat="48.308236" lon="14.110996">
        <ele>261.854524</ele>
      </trkpt>
      <trkpt lat="48.308055" lon="14.112784">
        <ele>261.286749</ele>
      </trkpt>
      <trkpt lat="48.307863" lon="14.116703">
        <ele>259.392002</ele>
      </trkpt>
      <trkpt lat="48.307937" lon="14.118786">
        <ele>258.778581</ele>
      </trkpt>
      <trkpt lat="48.308187" lon="14.121661">
        <ele>258.768979</ele>
      </trkpt>
      <trkpt lat="48.308503" lon="14.123505">
        <ele>259.225393</ele>
      </trkpt>
      <trkpt lat="48.308924" lon="14.125427">
        <ele>259.861204</ele>
      </trkpt>
      <trkpt lat="48.309003" lon="14.125845">
        <ele>259.989335</ele>
      </trkpt>
      <trkpt lat="48.309723" lon="14.128417">
        <ele>260.912950</ele>
      </trkpt>
      <trkpt lat="48.310398" lon="14.130817">
        <ele>262.068567</ele>
      </trkpt>
      <trkpt lat="48.310644" lon="14.131700">
        <ele>262.579727</ele>
      </trkpt>
      <trkpt lat="48.312752" lon="14.138195">
        <ele>266.473351</ele>
      </trkpt>
      <trkpt lat="48.313358" lon="14.140637">
        <ele>266.341201</ele>
      </trkpt>
      <trkpt lat="48.313568" lon="14.141694">
        <ele>265.948149</ele>
      </trkpt>
      <trkpt lat="48.313901" lon="14.143520">
        <ele>265.762488</ele>
      </trkpt>
      <trkpt lat="48.314861" lon="14.149170">
        <ele>266.380178</ele>
      </trkpt>
      <trkpt lat="48.314864" lon="14.149220">
        <ele>266.391318</ele>
      </trkpt>
      <trkpt lat="48.314861" lon="14.149265">
        <ele>266.401354</ele>
      </trkpt>
      <trkpt lat="48.314827" lon="14.149416">
        <ele>266.436730</ele>
      </trkpt>
      <trkpt lat="48.314791" lon="14.149501">
        <ele>266.459092</ele>
      </trkpt>
      <trkpt lat="48.314756" lon="14.149571">
        <ele>266.478526</ele>
      </trkpt>
      <trkpt lat="48.314549" lon="14.149884">
        <ele>266.576480</ele>
      </trkpt>
      <trkpt lat="48.314416" lon="14.150174">
        <ele>266.615541</ele>
      </trkpt>
      <trkpt lat="48.314350" lon="14.150471">
        <ele>266.584980</ele>
      </trkpt>
      <trkpt lat="48.314332" lon="14.150787">
        <ele>266.554027</ele>
      </trkpt>
      <trkpt lat="48.314406" lon="14.151282">
        <ele>266.504512</ele>
      </trkpt>
      <trkpt lat="48.314658" lon="14.151998">
        <ele>266.425451</ele>
      </trkpt>
      <trkpt lat="48.314772" lon="14.152483">
        <ele>266.375249</ele>
      </trkpt>
      <trkpt lat="48.314945" lon="14.153052">
        <ele>266.055851</ele>
      </trkpt>
      <trkpt lat="48.315022" lon="14.153171">
        <ele>265.954818</ele>
      </trkpt>
      <trkpt lat="48.315079" lon="14.153191">
        <ele>265.901262</ele>
      </trkpt>
      <trkpt lat="48.315105" lon="14.153170">
        <ele>265.874257</ele>
      </trkpt>
      <trkpt lat="48.315133" lon="14.153252">
        <ele>265.818166</ele>
      </trkpt>
      <trkpt lat="48.315239" lon="14.153537">
        <ele>265.619461</ele>
      </trkpt>
      <trkpt lat="48.315348" lon="14.153836">
        <ele>265.411975</ele>
      </trkpt>
      <trkpt lat="48.315377" lon="14.153919">
        <ele>265.354922</ele>
      </trkpt>
      <trkpt lat="48.315398" lon="14.153981">
        <ele>265.312583</ele>
      </trkpt>
      <trkpt lat="48.315533" lon="14.154418">
        <ele>265.019376</ele>
      </trkpt>
      <trkpt lat="48.315559" lon="14.154516">
        <ele>264.955172</ele>
      </trkpt>
      <trkpt lat="48.315596" lon="14.154660">
        <ele>264.861235</ele>
      </trkpt>
      <trkpt lat="48.315696" lon="14.155060">
        <ele>264.536592</ele>
      </trkpt>
      <trkpt lat="48.315806" lon="14.155702">
        <ele>263.909565</ele>
      </trkpt>
      <trkpt lat="48.315880" lon="14.156791">
        <ele>262.874236</ele>
      </trkpt>
      <trkpt lat="48.315879" lon="14.157414">
        <ele>262.285007</ele>
      </trkpt>
      <trkpt lat="48.315820" lon="14.158076">
        <ele>262.009208</ele>
      </trkpt>
      <trkpt lat="48.315744" lon="14.158644">
        <ele>261.846321</ele>
      </trkpt>
      <trkpt lat="48.315655" lon="14.159194">
        <ele>261.687183</ele>
      </trkpt>
      <trkpt lat="48.315381" lon="14.160922">
        <ele>261.602753</ele>
      </trkpt>
      <trkpt lat="48.315165" lon="14.162350">
        <ele>261.998429</ele>
      </trkpt>
      <trkpt lat="48.315105" lon="14.162694">
        <ele>262.094516</ele>
      </trkpt>
      <trkpt lat="48.315068" lon="14.162917">
        <ele>262.107581</ele>
      </trkpt>
      <trkpt lat="48.315048" lon="14.163042">
        <ele>262.078040</ele>
      </trkpt>
      <trkpt lat="48.314757" lon="14.164820">
        <ele>261.657314</ele>
      </trkpt>
      <trkpt lat="48.314708" lon="14.165124">
        <ele>261.585441</ele>
      </trkpt>
      <trkpt lat="48.314567" lon="14.165863">
        <ele>261.664567</ele>
      </trkpt>
      <trkpt lat="48.314469" lon="14.166379">
        <ele>261.856997</ele>
      </trkpt>
      <trkpt lat="48.314021" lon="14.169038">
        <ele>263.197046</ele>
      </trkpt>
      <trkpt lat="48.313896" lon="14.169488">
        <ele>263.544057</ele>
      </trkpt>
      <trkpt lat="48.313731" lon="14.169919">
        <ele>263.897924</ele>
      </trkpt>
      <trkpt lat="48.313404" lon="14.170564">
        <ele>264.435537</ele>
      </trkpt>
      <trkpt lat="48.313310" lon="14.170721">
        <ele>264.503498</ele>
      </trkpt>
      <trkpt lat="48.313730" lon="14.171328">
        <ele>264.785297</ele>
      </trkpt>
      <trkpt lat="48.314455" lon="14.172418">
        <ele>265.261138</ele>
      </trkpt>
      <trkpt lat="48.314630" lon="14.172600">
        <ele>265.112616</ele>
      </trkpt>
      <trkpt lat="48.314949" lon="14.172774">
        <ele>264.875754</ele>
      </trkpt>
      <trkpt lat="48.315308" lon="14.172946">
        <ele>264.612756</ele>
      </trkpt>
      <trkpt lat="48.315649" lon="14.173116">
        <ele>264.361994</ele>
      </trkpt>
      <trkpt lat="48.315948" lon="14.173270">
        <ele>264.141386</ele>
      </trkpt>
      <trkpt lat="48.316112" lon="14.173367">
        <ele>264.018375</ele>
      </trkpt>
      <trkpt lat="48.316292" lon="14.173538">
        <ele>263.996433</ele>
      </trkpt>
      <trkpt lat="48.316478" lon="14.173726">
        <ele>263.974091</ele>
      </trkpt>
      <trkpt lat="48.316696" lon="14.174062">
        <ele>263.942971</ele>
      </trkpt>
      <trkpt lat="48.316725" lon="14.174304">
        <ele>263.926669</ele>
      </trkpt>
      <trkpt lat="48.316713" lon="14.174386">
        <ele>263.921103</ele>
      </trkpt>
      <trkpt lat="48.316694" lon="14.174488">
        <ele>263.914080</ele>
      </trkpt>
      <trkpt lat="48.316673" lon="14.174575">
        <ele>263.907945</ele>
      </trkpt>
      <trkpt lat="48.316647" lon="14.174652">
        <ele>263.902219</ele>
      </trkpt>
      <trkpt lat="48.316621" lon="14.174718">
        <ele>263.897134</ele>
      </trkpt>
      <trkpt lat="48.316604" lon="14.174750">
        <ele>263.894419</ele>
      </trkpt>
      <trkpt lat="48.316629" lon="14.174776">
        <ele>263.891388</ele>
      </trkpt>
      <trkpt lat="48.316674" lon="14.174835">
        <ele>263.885437</ele>
      </trkpt>
      <trkpt lat="48.316730" lon="14.174738">
        <ele>263.876921</ele>
      </trkpt>
      <trkpt lat="48.316822" lon="14.174614">
        <ele>263.864604</ele>
      </trkpt>
      <trkpt lat="48.316889" lon="14.174602">
        <ele>263.857878</ele>
      </trkpt>
      <trkpt lat="48.317287" lon="14.174762">
        <ele>263.966027</ele>
      </trkpt>
      <trkpt lat="48.317499" lon="14.174735">
        <ele>264.092543</ele>
      </trkpt>
      <trkpt lat="48.318880" lon="14.174894">
        <ele>264.936124</ele>
      </trkpt>
      <trkpt lat="48.318986" lon="14.174908">
        <ele>265.150465</ele>
      </trkpt>
      <trkpt lat="48.320154" lon="14.175020">
        <ele>267.507989</ele>
      </trkpt>
      <trkpt lat="48.320618" lon="14.175044">
        <ele>268.443194</ele>
      </trkpt>
      <trkpt lat="48.321298" lon="14.174946">
        <ele>273.788092</ele>
      </trkpt>
      <trkpt lat="48.321434" lon="14.174902">
        <ele>274.931539</ele>
      </trkpt>
      <trkpt lat="48.321785" lon="14.176058">
        <ele>281.877358</ele>
      </trkpt>
      <trkpt lat="48.321720" lon="14.176188">
        <ele>282.766349</ele>
      </trkpt>
      <trkpt lat="48.321567" lon="14.176404">
        <ele>284.885411</ele>
      </trkpt>
      <trkpt lat="48.321514" lon="14.176529">
        <ele>285.967215</ele>
      </trkpt>
      <trkpt lat="48.321591" lon="14.176691">
        <ele>287.420312</ele>
      </trkpt>
      <trkpt lat="48.321649" lon="14.176903">
        <ele>289.093135</ele>
      </trkpt>
      <trkpt lat="48.321659" lon="14.177406">
        <ele>292.765251</ele>
      </trkpt>
      <trkpt lat="48.321647" lon="14.177564">
        <ele>293.925700</ele>
      </trkpt>
      <trkpt lat="48.321676" lon="14.177922">
        <ele>296.557400</ele>
      </trkpt>
      <trkpt lat="48.321755" lon="14.179040">
        <ele>303.885393</ele>
      </trkpt>
      <trkpt lat="48.321754" lon="14.179174">
        <ele>304.361675</ele>
      </trkpt>
      <trkpt lat="48.321759" lon="14.179385">
        <ele>305.112071</ele>
      </trkpt>
      <trkpt lat="48.321749" lon="14.180002">
        <ele>307.305616</ele>
      </trkpt>
      <trkpt lat="48.321990" lon="14.181947">
        <ele>312.350643</ele>
      </trkpt>
      <trkpt lat="48.322011" lon="14.182183">
        <ele>312.190282</ele>
      </trkpt>
      <trkpt lat="48.322081" lon="14.182086">
        <ele>312.093873</ele>
      </trkpt>
      <trkpt lat="48.322167" lon="14.182047">
        <ele>312.002893</ele>
      </trkpt>
      <trkpt lat="48.322310" lon="14.182023">
        <ele>311.857155</ele>
      </trkpt>
      <trkpt lat="48.322569" lon="14.182151">
        <ele>311.581023</ele>
      </trkpt>
      <trkpt lat="48.322764" lon="14.182443">
        <ele>311.302305</ele>
      </trkpt>
      <trkpt lat="48.322860" lon="14.182714">
        <ele>311.095506</ele>
      </trkpt>
      <trkpt lat="48.322889" lon="14.183055">
        <ele>310.863978</ele>
      </trkpt>
      <trkpt lat="48.322857" lon="14.183390">
        <ele>309.475020</ele>
      </trkpt>
      <trkpt lat="48.322681" lon="14.184284">
        <ele>305.364323</ele>
      </trkpt>
      <trkpt lat="48.322654" lon="14.184597">
        <ele>303.972765</ele>
      </trkpt>
      <trkpt lat="48.322676" lon="14.184927">
        <ele>302.510526</ele>
      </trkpt>
      <trkpt lat="48.322930" lon="14.185638">
        <ele>298.952013</ele>
      </trkpt>
      <trkpt lat="48.323008" lon="14.185864">
        <ele>297.626908</ele>
      </trkpt>
      <trkpt lat="48.323085" lon="14.186240">
        <ele>295.570098</ele>
      </trkpt>
      <trkpt lat="48.323186" lon="14.186881">
        <ele>292.126208</ele>
      </trkpt>
      <trkpt lat="48.323458" lon="14.188073">
        <ele>285.537827</ele>
      </trkpt>
      <trkpt lat="48.323522" lon="14.188343">
        <ele>284.573600</ele>
      </trkpt>
      <trkpt lat="48.323555" lon="14.188423">
        <ele>284.437557</ele>
      </trkpt>
      <trkpt lat="48.323627" lon="14.188497">
        <ele>284.248034</ele>
      </trkpt>
      <trkpt lat="48.323554" lon="14.188695">
        <ele>283.920874</ele>
      </trkpt>
      <trkpt lat="48.323291" lon="14.189735">
        <ele>282.313000</ele>
      </trkpt>
      <trkpt lat="48.323107" lon="14.190135">
        <ele>281.610138</ele>
      </trkpt>
      <trkpt lat="48.323074" lon="14.190214">
        <ele>281.475320</ele>
      </trkpt>
      <trkpt lat="48.322997" lon="14.190434">
        <ele>281.116054</ele>
      </trkpt>
      <trkpt lat="48.322762" lon="14.191560">
        <ele>282.946251</ele>
      </trkpt>
      <trkpt lat="48.322678" lon="14.191988">
        <ele>283.865008</ele>
      </trkpt>
      <trkpt lat="48.322656" lon="14.192095">
        <ele>284.095594</ele>
      </trkpt>
      <trkpt lat="48.322572" lon="14.192513">
        <ele>284.994625</ele>
      </trkpt>
      <trkpt lat="48.322485" lon="14.193058">
        <ele>286.148568</ele>
      </trkpt>
      <trkpt lat="48.322458" lon="14.193298">
        <ele>286.551124</ele>
      </trkpt>
      <trkpt lat="48.322392" lon="14.193973">
        <ele>287.302021</ele>
      </trkpt>
      <trkpt lat="48.322355" lon="14.194335">
        <ele>287.705120</ele>
      </trkpt>
      <trkpt lat="48.322206" lon="14.195472">
        <ele>288.980581</ele>
      </trkpt>
      <trkpt lat="48.322138" lon="14.195884">
        <ele>289.429235</ele>
      </trkpt>
      <trkpt lat="48.322084" lon="14.196173">
        <ele>289.572648</ele>
      </trkpt>
      <trkpt lat="48.321933" lon="14.196856">
        <ele>289.916506</ele>
      </trkpt>
      <trkpt lat="48.321857" lon="14.197172">
        <ele>290.077042</ele>
      </trkpt>
      <trkpt lat="48.321814" lon="14.197283">
        <ele>290.138414</ele>
      </trkpt>
      <trkpt lat="48.321553" lon="14.198353">
        <ele>290.682906</ele>
      </trkpt>
      <trkpt lat="48.321527" lon="14.198511">
        <ele>290.567947</ele>
      </trkpt>
      <trkpt lat="48.321501" lon="14.198634">
        <ele>290.407101</ele>
      </trkpt>
      <trkpt lat="48.321432" lon="14.198912">
        <ele>290.037298</ele>
      </trkpt>
      <trkpt lat="48.321423" lon="14.198951">
        <ele>289.985851</ele>
      </trkpt>
      <trkpt lat="48.321334" lon="14.199316">
        <ele>289.501354</ele>
      </trkpt>
      <trkpt lat="48.320808" lon="14.201450">
        <ele>285.862669</ele>
      </trkpt>
      <trkpt lat="48.319895" lon="14.203860">
        <ele>279.054506</ele>
      </trkpt>
      <trkpt lat="48.319667" lon="14.204303">
        <ele>278.241652</ele>
      </trkpt>
      <trkpt lat="48.319410" lon="14.204686">
        <ele>277.452122</ele>
      </trkpt>
      <trkpt lat="48.318574" lon="14.205725">
        <ele>275.989107</ele>
      </trkpt>
      <trkpt lat="48.318262" lon="14.206031">
        <ele>275.969845</ele>
      </trkpt>
      <trkpt lat="48.317980" lon="14.206246">
        <ele>275.953496</ele>
      </trkpt>
      <trkpt lat="48.317449" lon="14.206636">
        <ele>275.922938</ele>
      </trkpt>
      <trkpt lat="48.315817" lon="14.208132">
        <ele>272.999808</ele>
      </trkpt>
      <trkpt lat="48.315131" lon="14.208880">
        <ele>270.992430</ele>
      </trkpt>
      <trkpt lat="48.314687" lon="14.209438">
        <ele>269.621628</ele>
      </trkpt>
      <trkpt lat="48.314134" lon="14.210363">
        <ele>268.929604</ele>
      </trkpt>
      <trkpt lat="48.313718" lon="14.211171">
        <ele>269.143225</ele>
      </trkpt>
      <trkpt lat="48.311483" lon="14.214730">
        <ele>275.151955</ele>
      </trkpt>
      <trkpt lat="48.310922" lon="14.215828">
        <ele>277.332840</ele>
      </trkpt>
      <trkpt lat="48.310274" lon="14.216784">
        <ele>280.649910</ele>
      </trkpt>
      <trkpt lat="48.309746" lon="14.217710">
        <ele>283.697994</ele>
      </trkpt>
      <trkpt lat="48.309547" lon="14.218127">
        <ele>284.837453</ele>
      </trkpt>
      <trkpt lat="48.309458" lon="14.218408">
        <ele>285.462590</ele>
      </trkpt>
      <trkpt lat="48.309044" lon="14.219936">
        <ele>288.776584</ele>
      </trkpt>
      <trkpt lat="48.308961" lon="14.220429">
        <ele>289.660073</ele>
      </trkpt>
      <trkpt lat="48.308851" lon="14.221883">
        <ele>289.072551</ele>
      </trkpt>
      <trkpt lat="48.308776" lon="14.222279">
        <ele>288.907243</ele>
      </trkpt>
      <trkpt lat="48.308186" lon="14.224007">
        <ele>287.277483</ele>
      </trkpt>
      <trkpt lat="48.308068" lon="14.224445">
        <ele>286.744612</ele>
      </trkpt>
      <trkpt lat="48.307874" lon="14.225125">
        <ele>285.910273</ele>
      </trkpt>
      <trkpt lat="48.307182" lon="14.227094">
        <ele>285.793933</ele>
      </trkpt>
      <trkpt lat="48.306940" lon="14.227975">
        <ele>286.048255</ele>
      </trkpt>
      <trkpt lat="48.306397" lon="14.230282">
        <ele>288.441361</ele>
      </trkpt>
      <trkpt lat="48.306306" lon="14.231241">
        <ele>289.165164</ele>
      </trkpt>
      <trkpt lat="48.306303" lon="14.231706">
        <ele>289.499959</ele>
      </trkpt>
      <trkpt lat="48.306463" lon="14.233555">
        <ele>291.386930</ele>
      </trkpt>
      <trkpt lat="48.306482" lon="14.233660">
        <ele>291.585729</ele>
      </trkpt>
      <trkpt lat="48.306542" lon="14.233932">
        <ele>292.109265</ele>
      </trkpt>
      <trkpt lat="48.307049" lon="14.236318">
        <ele>296.023724</ele>
      </trkpt>
      <trkpt lat="48.307102" lon="14.237060">
        <ele>296.669446</ele>
      </trkpt>
      <trkpt lat="48.307103" lon="14.238196">
        <ele>297.652393</ele>
      </trkpt>
      <trkpt lat="48.307308" lon="14.239961">
        <ele>297.717268</ele>
      </trkpt>
      <trkpt lat="48.307419" lon="14.241562">
        <ele>298.062965</ele>
      </trkpt>
      <trkpt lat="48.307540" lon="14.242183">
        <ele>298.497078</ele>
      </trkpt>
      <trkpt lat="48.307934" lon="14.243627">
        <ele>299.390300</ele>
      </trkpt>
      <trkpt lat="48.308051" lon="14.244391">
        <ele>298.115325</ele>
      </trkpt>
      <trkpt lat="48.308101" lon="14.244942">
        <ele>297.210953</ele>
      </trkpt>
      <trkpt lat="48.308131" lon="14.245281">
        <ele>296.654792</ele>
      </trkpt>
      <trkpt lat="48.308139" lon="14.245695">
        <ele>295.981236</ele>
      </trkpt>
      <trkpt lat="48.308101" lon="14.246075">
        <ele>295.356311</ele>
      </trkpt>
      <trkpt lat="48.308070" lon="14.246280">
        <ele>294.851757</ele>
      </trkpt>
      <trkpt lat="48.308052" lon="14.246393">
        <ele>294.309589</ele>
      </trkpt>
      <trkpt lat="48.308053" lon="14.246766">
        <ele>292.569157</ele>
      </trkpt>
      <trkpt lat="48.308060" lon="14.246845">
        <ele>292.197286</ele>
      </trkpt>
      <trkpt lat="48.308072" lon="14.246996">
        <ele>291.487709</ele>
      </trkpt>
      <trkpt lat="48.308093" lon="14.247784">
        <ele>287.807952</ele>
      </trkpt>
      <trkpt lat="48.308091" lon="14.248194">
        <ele>285.894842</ele>
      </trkpt>
      <trkpt lat="48.308088" lon="14.248929">
        <ele>282.464619</ele>
      </trkpt>
      <trkpt lat="48.308081" lon="14.249643">
        <ele>279.014504</ele>
      </trkpt>
      <trkpt lat="48.308079" lon="14.249823">
        <ele>278.144700</ele>
      </trkpt>
      <trkpt lat="48.308076" lon="14.250120">
        <ele>276.709558</ele>
      </trkpt>
      <trkpt lat="48.308075" lon="14.250174">
        <ele>276.448552</ele>
      </trkpt>
      <trkpt lat="48.308072" lon="14.250299">
        <ele>275.844212</ele>
      </trkpt>
      <trkpt lat="48.308055" lon="14.250705">
        <ele>273.878711</ele>
      </trkpt>
      <trkpt lat="48.308041" lon="14.250952">
        <ele>272.680987</ele>
      </trkpt>
      <trkpt lat="48.308013" lon="14.251416">
        <ele>270.429928</ele>
      </trkpt>
      <trkpt lat="48.307991" lon="14.251737">
        <ele>269.318589</ele>
      </trkpt>
      <trkpt lat="48.307979" lon="14.251914">
        <ele>269.162497</ele>
      </trkpt>
      <trkpt lat="48.307963" lon="14.252159">
        <ele>268.946517</ele>
      </trkpt>
      <trkpt lat="48.307952" lon="14.252367">
        <ele>268.763456</ele>
      </trkpt>
      <trkpt lat="48.307936" lon="14.252455">
        <ele>268.683418</ele>
      </trkpt>
      <trkpt lat="48.307906" lon="14.252691">
        <ele>268.472620</ele>
      </trkpt>
      <trkpt lat="48.307897" lon="14.252788">
        <ele>268.386695</ele>
      </trkpt>
      <trkpt lat="48.307888" lon="14.252886">
        <ele>268.299900</ele>
      </trkpt>
      <trkpt lat="48.307883" lon="14.253031">
        <ele>268.172516</ele>
      </trkpt>
      <trkpt lat="48.307881" lon="14.253187">
        <ele>268.035627</ele>
      </trkpt>
      <trkpt lat="48.307860" lon="14.253350">
        <ele>267.889963</ele>
      </trkpt>
      <trkpt lat="48.307853" lon="14.253410">
        <ele>267.836519</ele>
      </trkpt>
      <trkpt lat="48.307832" lon="14.253581">
        <ele>267.683959</ele>
      </trkpt>
      <trkpt lat="48.307790" lon="14.253935">
        <ele>267.368481</ele>
      </trkpt>
      <trkpt lat="48.307784" lon="14.253984">
        <ele>267.324769</ele>
      </trkpt>
      <trkpt lat="48.307780" lon="14.254018">
        <ele>267.294476</ele>
      </trkpt>
      <trkpt lat="48.307737" lon="14.254383">
        <ele>267.239481</ele>
      </trkpt>
      <trkpt lat="48.307731" lon="14.254437">
        <ele>267.361805</ele>
      </trkpt>
      <trkpt lat="48.307669" lon="14.254964">
        <ele>268.557560</ele>
      </trkpt>
      <trkpt lat="48.307635" lon="14.255251">
        <ele>269.208898</ele>
      </trkpt>
      <trkpt lat="48.307566" lon="14.255805">
        <ele>270.468219</ele>
      </trkpt>
      <trkpt lat="48.307518" lon="14.256206">
        <ele>271.378571</ele>
      </trkpt>
      <trkpt lat="48.307489" lon="14.256476">
        <ele>271.989650</ele>
      </trkpt>
      <trkpt lat="48.307474" lon="14.256622">
        <ele>272.319728</ele>
      </trkpt>
      <trkpt lat="48.307466" lon="14.256717">
        <ele>272.533682</ele>
      </trkpt>
      <trkpt lat="48.307462" lon="14.256780">
        <ele>272.675084</ele>
      </trkpt>
      <trkpt lat="48.307452" lon="14.256942">
        <ele>273.038598</ele>
      </trkpt>
      <trkpt lat="48.307448" lon="14.257084">
        <ele>273.397156</ele>
      </trkpt>
      <trkpt lat="48.307447" lon="14.257183">
        <ele>273.652134</ele>
      </trkpt>
      <trkpt lat="48.307425" lon="14.257877">
        <ele>275.441380</ele>
      </trkpt>
      <trkpt lat="48.307269" lon="14.258505">
        <ele>277.167740</ele>
      </trkpt>
      <trkpt lat="48.307231" lon="14.258613">
        <ele>277.482385</ele>
      </trkpt>
      <trkpt lat="48.307195" lon="14.258718">
        <ele>277.786596</ele>
      </trkpt>
      <trkpt lat="48.307103" lon="14.258979">
        <ele>278.547290</ele>
      </trkpt>
      <trkpt lat="48.307073" lon="14.259069">
        <ele>278.806539</ele>
      </trkpt>
      <trkpt lat="48.307005" lon="14.259261">
        <ele>279.366715</ele>
      </trkpt>
      <trkpt lat="48.306743" lon="14.260163">
        <ele>281.282513</ele>
      </trkpt>
      <trkpt lat="48.306628" lon="14.260963">
        <ele>282.685151</ele>
      </trkpt>
      <trkpt lat="48.306609" lon="14.261174">
        <ele>283.050048</ele>
      </trkpt>
      <trkpt lat="48.306598" lon="14.261291">
        <ele>283.252548</ele>
      </trkpt>
      <trkpt lat="48.306578" lon="14.261464">
        <ele>283.553469</ele>
      </trkpt>
      <trkpt lat="48.306560" lon="14.261586">
        <ele>283.767627</ele>
      </trkpt>
      <trkpt lat="48.306544" lon="14.261690">
        <ele>283.950561</ele>
      </trkpt>
      <trkpt lat="48.306415" lon="14.262379">
        <ele>284.333534</ele>
      </trkpt>
      <trkpt lat="48.306258" lon="14.263188">
        <ele>283.299480</ele>
      </trkpt>
      <trkpt lat="48.306231" lon="14.263330">
        <ele>283.118262</ele>
      </trkpt>
      <trkpt lat="48.306228" lon="14.263346">
        <ele>283.097865</ele>
      </trkpt>
      <trkpt lat="48.306070" lon="14.264070">
        <ele>282.162900</ele>
      </trkpt>
      <trkpt lat="48.305803" lon="14.264905">
        <ele>281.444754</ele>
      </trkpt>
      <trkpt lat="48.305400" lon="14.266038">
        <ele>281.801377</ele>
      </trkpt>
      <trkpt lat="48.305058" lon="14.266713">
        <ele>282.036898</ele>
      </trkpt>
      <trkpt lat="48.304931" lon="14.266945">
        <ele>282.146202</ele>
      </trkpt>
      <trkpt lat="48.304849" lon="14.267103">
        <ele>282.851622</ele>
      </trkpt>
      <trkpt lat="48.304630" lon="14.267641">
        <ele>285.071866</ele>
      </trkpt>
      <trkpt lat="48.304303" lon="14.268718">
        <ele>289.239211</ele>
      </trkpt>
      <trkpt lat="48.304246" lon="14.268917">
        <ele>290.001886</ele>
      </trkpt>
      <trkpt lat="48.304230" lon="14.268980">
        <ele>290.239263</ele>
      </trkpt>
      <trkpt lat="48.304211" lon="14.269056">
        <ele>290.525058</ele>
      </trkpt>
      <trkpt lat="48.304191" lon="14.269144">
        <ele>290.852405</ele>
      </trkpt>
      <trkpt lat="48.304171" lon="14.269240">
        <ele>291.206517</ele>
      </trkpt>
      <trkpt lat="48.304090" lon="14.269624">
        <ele>292.002980</ele>
      </trkpt>
      <trkpt lat="48.304005" lon="14.270057">
        <ele>292.592569</ele>
      </trkpt>
      <trkpt lat="48.303943" lon="14.270393">
        <ele>293.047941</ele>
      </trkpt>
      <trkpt lat="48.303902" lon="14.270629">
        <ele>293.366486</ele>
      </trkpt>
      <trkpt lat="48.303875" lon="14.270815">
        <ele>293.615111</ele>
      </trkpt>
      <trkpt lat="48.303845" lon="14.271039">
        <ele>293.913516</ele>
      </trkpt>
      <trkpt lat="48.303827" lon="14.271210">
        <ele>294.139615</ele>
      </trkpt>
      <trkpt lat="48.303810" lon="14.271424">
        <ele>294.421076</ele>
      </trkpt>
      <trkpt lat="48.303801" lon="14.271613">
        <ele>294.668534</ele>
      </trkpt>
      <trkpt lat="48.303798" lon="14.271756">
        <ele>294.855380</ele>
      </trkpt>
      <trkpt lat="48.303799" lon="14.271861">
        <ele>294.992520</ele>
      </trkpt>
      <trkpt lat="48.303799" lon="14.271905">
        <ele>295.049982</ele>
      </trkpt>
      <trkpt lat="48.303800" lon="14.271980">
        <ele>295.147949</ele>
      </trkpt>
      <trkpt lat="48.303806" lon="14.272108">
        <ele>295.026218</ele>
      </trkpt>
      <trkpt lat="48.303841" lon="14.272413">
        <ele>294.639572</ele>
      </trkpt>
      <trkpt lat="48.303864" lon="14.272533">
        <ele>294.483565</ele>
      </trkpt>
      <trkpt lat="48.303902" lon="14.272694">
        <ele>294.270152</ele>
      </trkpt>
      <trkpt lat="48.303988" lon="14.273055">
        <ele>293.791129</ele>
      </trkpt>
      <trkpt lat="48.304047" lon="14.273304">
        <ele>293.460924</ele>
      </trkpt>
      <trkpt lat="48.304071" lon="14.273411">
        <ele>293.319861</ele>
      </trkpt>
      <trkpt lat="48.304123" lon="14.273951">
        <ele>292.638245</ele>
      </trkpt>
      <trkpt lat="48.304146" lon="14.274329">
        <ele>292.164064</ele>
      </trkpt>
      <trkpt lat="48.304180" lon="14.274755">
        <ele>291.720137</ele>
      </trkpt>
      <trkpt lat="48.304223" lon="14.275181">
        <ele>291.488405</ele>
      </trkpt>
      <trkpt lat="48.304247" lon="14.275357">
        <ele>291.391782</ele>
      </trkpt>
      <trkpt lat="48.304268" lon="14.275485">
        <ele>291.320878</ele>
      </trkpt>
      <trkpt lat="48.304317" lon="14.275749">
        <ele>291.173472</ele>
      </trkpt>
      <trkpt lat="48.304519" lon="14.276524">
        <ele>290.725812</ele>
      </trkpt>
      <trkpt lat="48.305327" lon="14.278657">
        <ele>287.359883</ele>
      </trkpt>
      <trkpt lat="48.305378" lon="14.278797">
        <ele>287.085156</ele>
      </trkpt>
      <trkpt lat="48.305645" lon="14.279528">
        <ele>285.618641</ele>
      </trkpt>
      <trkpt lat="48.305715" lon="14.279711">
        <ele>284.897148</ele>
      </trkpt>
      <trkpt lat="48.305802" lon="14.279958">
        <ele>283.941913</ele>
      </trkpt>
      <trkpt lat="48.305980" lon="14.280542">
        <ele>281.746388</ele>
      </trkpt>
      <trkpt lat="48.306141" lon="14.281191">
        <ele>279.379046</ele>
      </trkpt>
      <trkpt lat="48.306249" lon="14.281731">
        <ele>277.451860</ele>
      </trkpt>
      <trkpt lat="48.306371" lon="14.282373">
        <ele>275.364367</ele>
      </trkpt>
      <trkpt lat="48.306499" lon="14.283063">
        <ele>273.291131</ele>
      </trkpt>
      <trkpt lat="48.306592" lon="14.283562">
        <ele>271.791288</ele>
      </trkpt>
      <trkpt lat="48.306617" lon="14.283693">
        <ele>271.396848</ele>
      </trkpt>
      <trkpt lat="48.306687" lon="14.284071">
        <ele>270.261222</ele>
      </trkpt>
      <trkpt lat="48.306624" lon="14.284095">
        <ele>269.978428</ele>
      </trkpt>
      <trkpt lat="48.306607" lon="14.284124">
        <ele>269.866551</ele>
      </trkpt>
      <trkpt lat="48.306607" lon="14.284133">
        <ele>269.840503</ele>
      </trkpt>
      <trkpt lat="48.306606" lon="14.284301">
        <ele>269.354254</ele>
      </trkpt>
      <trkpt lat="48.306606" lon="14.284370">
        <ele>269.154552</ele>
      </trkpt>
      <trkpt lat="48.306608" lon="14.284429">
        <ele>268.983571</ele>
      </trkpt>
      <trkpt lat="48.306608" lon="14.284475">
        <ele>268.850437</ele>
      </trkpt>
      <trkpt lat="48.306726" lon="14.285105">
        <ele>267.197127</ele>
      </trkpt>
      <trkpt lat="48.306730" lon="14.285277">
        <ele>266.771454</ele>
      </trkpt>
      <trkpt lat="48.306812" lon="14.285542">
        <ele>266.048566</ele>
      </trkpt>
      <trkpt lat="48.306873" lon="14.285607">
        <ele>265.770542</ele>
      </trkpt>
      <trkpt lat="48.306909" lon="14.285627">
        <ele>265.627829</ele>
      </trkpt>
      <trkpt lat="48.306828" lon="14.285688">
        <ele>265.290956</ele>
      </trkpt>
      <trkpt lat="48.306853" lon="14.285755">
        <ele>265.100948</ele>
      </trkpt>
      <trkpt lat="48.306875" lon="14.285815">
        <ele>264.931494</ele>
      </trkpt>
      <trkpt lat="48.306890" lon="14.285853">
        <ele>264.822202</ele>
      </trkpt>
      <trkpt lat="48.306915" lon="14.285917">
        <ele>264.638630</ele>
      </trkpt>
      <trkpt lat="48.306935" lon="14.285972">
        <ele>264.483595</ele>
      </trkpt>
      <trkpt lat="48.307008" lon="14.285936">
        <ele>264.197914</ele>
      </trkpt>
      <trkpt lat="48.307033" lon="14.285922">
        <ele>264.098712</ele>
      </trkpt>
      <trkpt lat="48.307052" lon="14.285899">
        <ele>264.008006</ele>
      </trkpt>
      <trkpt lat="48.307073" lon="14.285880">
        <ele>263.916868</ele>
      </trkpt>
      <trkpt lat="48.307175" lon="14.285802">
        <ele>263.491337</ele>
      </trkpt>
      <trkpt lat="48.307272" lon="14.285728">
        <ele>263.086863</ele>
      </trkpt>
      <trkpt lat="48.307414" lon="14.285620">
        <ele>262.495116</ele>
      </trkpt>
      <trkpt lat="48.309315" lon="14.284240">
        <ele>255.524956</ele>
      </trkpt>
      <trkpt lat="48.309332" lon="14.284260">
        <ele>255.492841</ele>
      </trkpt>
      <trkpt lat="48.309337" lon="14.284320">
        <ele>255.433006</ele>
      </trkpt>
      <trkpt lat="48.309305" lon="14.284270">
        <ele>255.364344</ele>
      </trkpt>
      <trkpt lat="48.309308" lon="14.284301">
        <ele>255.333346</ele>
      </trkpt>
      <trkpt lat="48.309335" lon="14.284350">
        <ele>255.270381</ele>
      </trkpt>
      <trkpt lat="48.309445" lon="14.284457">
        <ele>255.075464</ele>
      </trkpt>
      <trkpt lat="48.309499" lon="14.284580">
        <ele>254.929629</ele>
      </trkpt>
      <trkpt lat="48.309527" lon="14.284636">
        <ele>254.860304</ele>
      </trkpt>
      <trkpt lat="48.309555" lon="14.284682">
        <ele>254.798601</ele>
      </trkpt>
      <trkpt lat="48.309766" lon="14.285033">
        <ele>254.330440</ele>
      </trkpt>
      <trkpt lat="48.309807" lon="14.285126">
        <ele>254.220035</ele>
      </trkpt>
      <trkpt lat="48.309829" lon="14.285184">
        <ele>254.153966</ele>
      </trkpt>
      <trkpt lat="48.309911" lon="14.285398">
        <ele>253.909582</ele>
      </trkpt>
      <trkpt lat="48.310106" lon="14.285791">
        <ele>253.424411</ele>
      </trkpt>
      <trkpt lat="48.310132" lon="14.285830">
        <ele>253.369771</ele>
      </trkpt>
      <trkpt lat="48.310314" lon="14.285930">
        <ele>253.085218</ele>
      </trkpt>
      <trkpt lat="48.310732" lon="14.286570">
        <ele>253.009646</ele>
      </trkpt>
      <trkpt lat="48.311067" lon="14.286972">
        <ele>252.955352</ele>
      </trkpt>
      <trkpt lat="48.311134" lon="14.287129">
        <ele>252.939637</ele>
      </trkpt>
      <trkpt lat="48.311156" lon="14.287234">
        <ele>252.930362</ele>
      </trkpt>
      <trkpt lat="48.311177" lon="14.287317">
        <ele>252.922880</ele>
      </trkpt>
      <trkpt lat="48.311213" lon="14.287384">
        <ele>252.915624</ele>
      </trkpt>
      <trkpt lat="48.311762" lon="14.288093">
        <ele>252.871064</ele>
      </trkpt>
      <trkpt lat="48.311977" lon="14.288348">
        <ele>252.884763</ele>
      </trkpt>
      <trkpt lat="48.314168" lon="14.290555">
        <ele>252.985941</ele>
      </trkpt>
      <trkpt lat="48.314217" lon="14.290626">
        <ele>252.987828</ele>
      </trkpt>
      <trkpt lat="48.314249" lon="14.290685">
        <ele>252.989231</ele>
      </trkpt>
      <trkpt lat="48.314919" lon="14.291344">
        <ele>253.021868</ele>
      </trkpt>
      <trkpt lat="48.315133" lon="14.291547">
        <ele>253.034170</ele>
      </trkpt>
      <trkpt lat="48.315802" lon="14.292221">
        <ele>253.073321</ele>
      </trkpt>
      <trkpt lat="48.315914" lon="14.292336">
        <ele>253.079915</ele>
      </trkpt>
      <trkpt lat="48.316196" lon="14.292616">
        <ele>253.188000</ele>
      </trkpt>
      <trkpt lat="48.317029" lon="14.293492">
        <ele>253.637469</ele>
      </trkpt>
      <trkpt lat="48.317586" lon="14.294126">
        <ele>253.882590</ele>
      </trkpt>
      <trkpt lat="48.318037" lon="14.293197">
        <ele>253.894123</ele>
      </trkpt>
      <trkpt lat="48.318090" lon="14.293257">
        <ele>253.895124</ele>
      </trkpt>
      <trkpt lat="48.318303" lon="14.293475">
        <ele>253.899008</ele>
      </trkpt>
      <trkpt lat="48.318390" lon="14.293569">
        <ele>253.900624</ele>
      </trkpt>
      <trkpt lat="48.318539" lon="14.293729">
        <ele>253.903384</ele>
      </trkpt>
      <trkpt lat="48.318678" lon="14.293878">
        <ele>253.905958</ele>
      </trkpt>
      <trkpt lat="48.318748" lon="14.293959">
        <ele>253.907290</ele>
      </trkpt>
      <trkpt lat="48.318797" lon="14.294017">
        <ele>253.869906</ele>
      </trkpt>
      <trkpt lat="48.319385" lon="14.294791">
        <ele>253.296234</ele>
      </trkpt>
      <trkpt lat="48.319435" lon="14.294840">
        <ele>253.252422</ele>
      </trkpt>
      <trkpt lat="48.319523" lon="14.294925">
        <ele>253.175641</ele>
      </trkpt>
      <trkpt lat="48.319614" lon="14.295020">
        <ele>253.094317</ele>
      </trkpt>
      <trkpt lat="48.319780" lon="14.295245">
        <ele>252.930259</ele>
      </trkpt>
      <trkpt lat="48.320072" lon="14.295623">
        <ele>252.647414</ele>
      </trkpt>
      <trkpt lat="48.320473" lon="14.296145">
        <ele>252.717183</ele>
      </trkpt>
      <trkpt lat="48.320707" lon="14.296449">
        <ele>252.806983</ele>
      </trkpt>
      <trkpt lat="48.321000" lon="14.296833">
        <ele>252.919848</ele>
      </trkpt>
      <trkpt lat="48.321104" lon="14.296968">
        <ele>252.959745</ele>
      </trkpt>
      <trkpt lat="48.321271" lon="14.297188">
        <ele>253.024218</ele>
      </trkpt>
      <trkpt lat="48.321607" lon="14.297627">
        <ele>253.242438</ele>
      </trkpt>
      <trkpt lat="48.321758" lon="14.297844">
        <ele>253.425448</ele>
      </trkpt>
      <trkpt lat="48.321860" lon="14.297993">
        <ele>253.550047</ele>
      </trkpt>
      <trkpt lat="48.322102" lon="14.298321">
        <ele>253.835508</ele>
      </trkpt>
      <trkpt lat="48.322145" lon="14.298375">
        <ele>253.884596</ele>
      </trkpt>
      <trkpt lat="48.322231" lon="14.298489">
        <ele>253.985047</ele>
      </trkpt>
      <trkpt lat="48.322651" lon="14.299141">
        <ele>254.513963</ele>
      </trkpt>
      <trkpt lat="48.323237" lon="14.300155">
        <ele>255.011411</ele>
      </trkpt>
      <trkpt lat="48.323355" lon="14.300375">
        <ele>255.099234</ele>
      </trkpt>
      <trkpt lat="48.323421" lon="14.300501">
        <ele>255.149072</ele>
      </trkpt>
      <trkpt lat="48.324108" lon="14.301938">
        <ele>255.577574</ele>
      </trkpt>
      <trkpt lat="48.324561" lon="14.303084">
        <ele>255.701253</ele>
      </trkpt>
      <trkpt lat="48.324596" lon="14.303209">
        <ele>255.713836</ele>
      </trkpt>
      <trkpt lat="48.324625" lon="14.303314">
        <ele>255.724383</ele>
      </trkpt>
      <trkpt lat="48.325030" lon="14.304587">
        <ele>255.410941</ele>
      </trkpt>
      <trkpt lat="48.325076" lon="14.304692">
        <ele>255.356543</ele>
      </trkpt>
      <trkpt lat="48.325113" lon="14.304805">
        <ele>255.302052</ele>
      </trkpt>
      <trkpt lat="48.325352" lon="14.305642">
        <ele>254.907978</ele>
      </trkpt>
      <trkpt lat="48.325557" lon="14.306526">
        <ele>254.470017</ele>
      </trkpt>
      <trkpt lat="48.325828" lon="14.308217">
        <ele>253.478279</ele>
      </trkpt>
      <trkpt lat="48.325938" lon="14.309138">
        <ele>253.008627</ele>
      </trkpt>
      <trkpt lat="48.325976" lon="14.309466">
        <ele>252.920281</ele>
      </trkpt>
      <trkpt lat="48.326007" lon="14.309800">
        <ele>252.830795</ele>
      </trkpt>
      <trkpt lat="48.326082" lon="14.311211">
        <ele>252.455193</ele>
      </trkpt>
      <trkpt lat="48.326082" lon="14.311317">
        <ele>252.427066</ele>
      </trkpt>
      <trkpt lat="48.326076" lon="14.311398">
        <ele>252.405440</ele>
      </trkpt>
      <trkpt lat="48.326034" lon="14.313404">
        <ele>252.359745</ele>
      </trkpt>
      <trkpt lat="48.325978" lon="14.314342">
        <ele>252.367592</ele>
      </trkpt>
      <trkpt lat="48.325969" lon="14.314465">
        <ele>252.373250</ele>
      </trkpt>
      <trkpt lat="48.325963" lon="14.314580">
        <ele>252.378525</ele>
      </trkpt>
      <trkpt lat="48.325960" lon="14.314666">
        <ele>252.382463</ele>
      </trkpt>
      <trkpt lat="48.325958" lon="14.314734">
        <ele>252.385575</ele>
      </trkpt>
      <trkpt lat="48.325958" lon="14.314798">
        <ele>252.388501</ele>
      </trkpt>
      <trkpt lat="48.325958" lon="14.314882">
        <ele>252.392342</ele>
      </trkpt>
      <trkpt lat="48.325956" lon="14.314962">
        <ele>252.396003</ele>
      </trkpt>
      <trkpt lat="48.325748" lon="14.316567">
        <ele>252.470773</ele>
      </trkpt>
      <trkpt lat="48.325378" lon="14.318431">
        <ele>252.900225</ele>
      </trkpt>
      <trkpt lat="48.325165" lon="14.319333">
        <ele>253.158731</ele>
      </trkpt>
      <trkpt lat="48.324827" lon="14.320522">
        <ele>253.496976</ele>
      </trkpt>
      <trkpt lat="48.324729" lon="14.320824">
        <ele>253.584259</ele>
      </trkpt>
      <trkpt lat="48.324593" lon="14.321030">
        <ele>253.659660</ele>
      </trkpt>
      <trkpt lat="48.324573" lon="14.321149">
        <ele>253.691541</ele>
      </trkpt>
      <trkpt lat="48.324574" lon="14.321266">
        <ele>253.721933</ele>
      </trkpt>
      <trkpt lat="48.324573" lon="14.321283">
        <ele>253.726366</ele>
      </trkpt>
      <trkpt lat="48.324010" lon="14.322746">
        <ele>253.917895</ele>
      </trkpt>
      <trkpt lat="48.323915" lon="14.322965">
        <ele>253.916322</ele>
      </trkpt>
      <trkpt lat="48.323902" lon="14.323021">
        <ele>253.915965</ele>
      </trkpt>
      <trkpt lat="48.323780" lon="14.323409">
        <ele>253.913383</ele>
      </trkpt>
      <trkpt lat="48.323768" lon="14.323445">
        <ele>253.913140</ele>
      </trkpt>
      <trkpt lat="48.323750" lon="14.323545">
        <ele>253.912517</ele>
      </trkpt>
      <trkpt lat="48.323667" lon="14.323738">
        <ele>253.911134</ele>
      </trkpt>
      <trkpt lat="48.323655" lon="14.323763">
        <ele>253.910949</ele>
      </trkpt>
      <trkpt lat="48.323631" lon="14.323812">
        <ele>253.910582</ele>
      </trkpt>
      <trkpt lat="48.323595" lon="14.323879">
        <ele>253.910064</ele>
      </trkpt>
      <trkpt lat="48.323566" lon="14.323937">
        <ele>253.909628</ele>
      </trkpt>
      <trkpt lat="48.323540" lon="14.323989">
        <ele>253.909236</ele>
      </trkpt>
      <trkpt lat="48.322700" lon="14.325424">
        <ele>254.830252</ele>
      </trkpt>
      <trkpt lat="48.322313" lon="14.325977">
        <ele>255.300055</ele>
      </trkpt>
      <trkpt lat="48.321381" lon="14.327104">
        <ele>256.575641</ele>
      </trkpt>
      <trkpt lat="48.320873" lon="14.327620">
        <ele>257.254705</ele>
      </trkpt>
      <trkpt lat="48.320297" lon="14.328132">
        <ele>257.466850</ele>
      </trkpt>
      <trkpt lat="48.320174" lon="14.328232">
        <ele>257.462113</ele>
      </trkpt>
      <trkpt lat="48.319858" lon="14.328484">
        <ele>257.449996</ele>
      </trkpt>
      <trkpt lat="48.319539" lon="14.328739">
        <ele>257.437757</ele>
      </trkpt>
      <trkpt lat="48.319193" lon="14.329023">
        <ele>257.424403</ele>
      </trkpt>
      <trkpt lat="48.316613" lon="14.331079">
        <ele>257.594444</ele>
      </trkpt>
      <trkpt lat="48.314685" lon="14.332622">
        <ele>256.161378</ele>
      </trkpt>
      <trkpt lat="48.314151" lon="14.333061">
        <ele>255.755852</ele>
      </trkpt>
      <trkpt lat="48.314008" lon="14.333160">
        <ele>255.707866</ele>
      </trkpt>
      <trkpt lat="48.313485" lon="14.333474">
        <ele>255.536213</ele>
      </trkpt>
      <trkpt lat="48.311180" lon="14.334615">
        <ele>255.699838</ele>
      </trkpt>
      <trkpt lat="48.310822" lon="14.334761">
        <ele>256.086764</ele>
      </trkpt>
      <trkpt lat="48.309981" lon="14.335102">
        <ele>257.935725</ele>
      </trkpt>
      <trkpt lat="48.309760" lon="14.335182">
        <ele>258.418245</ele>
      </trkpt>
      <trkpt lat="48.309376" lon="14.335336">
        <ele>259.261859</ele>
      </trkpt>
      <trkpt lat="48.308848" lon="14.335539">
        <ele>261.217810</ele>
      </trkpt>
      <trkpt lat="48.308722" lon="14.335610">
        <ele>261.774008</ele>
      </trkpt>
      <trkpt lat="48.308646" lon="14.335665">
        <ele>262.122652</ele>
      </trkpt>
      <trkpt lat="48.308607" lon="14.335708">
        <ele>262.322560</ele>
      </trkpt>
      <trkpt lat="48.308599" lon="14.335775">
        <ele>262.509705</ele>
      </trkpt>
      <trkpt lat="48.308606" lon="14.335875">
        <ele>262.786151</ele>
      </trkpt>
      <trkpt lat="48.308641" lon="14.336141">
        <ele>263.531629</ele>
      </trkpt>
      <trkpt lat="48.308656" lon="14.336261">
        <ele>263.867316</ele>
      </trkpt>
      <trkpt lat="48.308681" lon="14.336490">
        <ele>264.505323</ele>
      </trkpt>
      <trkpt lat="48.308751" lon="14.336476">
        <ele>264.797217</ele>
      </trkpt>
      <trkpt lat="48.308982" lon="14.336430">
        <ele>265.760395</ele>
      </trkpt>
      <trkpt lat="48.309340" lon="14.336361">
        <ele>266.915713</ele>
      </trkpt>
      <trkpt lat="48.309431" lon="14.336346">
        <ele>266.768820</ele>
      </trkpt>
      <trkpt lat="48.309420" lon="14.336426">
        <ele>266.681635</ele>
      </trkpt>
      <trkpt lat="48.309392" lon="14.336442">
        <ele>266.633571</ele>
      </trkpt>
      <trkpt lat="48.309420" lon="14.336426">
        <ele>266.585506</ele>
      </trkpt>
      <trkpt lat="48.309431" lon="14.336346">
        <ele>266.498322</ele>
      </trkpt>
      <trkpt lat="48.309340" lon="14.336361">
        <ele>266.351428</ele>
      </trkpt>
      <trkpt lat="48.308982" lon="14.336430">
        <ele>265.772279</ele>
      </trkpt>
      <trkpt lat="48.308960" lon="14.336377">
        <ele>265.705603</ele>
      </trkpt>
      <trkpt lat="48.308930" lon="14.336306">
        <ele>265.615831</ele>
      </trkpt>
      <trkpt lat="48.308776" lon="14.336170">
        <ele>265.329248</ele>
      </trkpt>
      <trkpt lat="48.308678" lon="14.336133">
        <ele>265.167114</ele>
      </trkpt>
      <trkpt lat="48.308641" lon="14.336141">
        <ele>265.107133</ele>
      </trkpt>
      <trkpt lat="48.308606" lon="14.335875">
        <ele>264.817742</ele>
      </trkpt>
      <trkpt lat="48.308599" lon="14.335775">
        <ele>264.710428</ele>
      </trkpt>
      <trkpt lat="48.308607" lon="14.335708">
        <ele>264.637779</ele>
      </trkpt>
      <trkpt lat="48.308546" lon="14.335745">
        <ele>264.532232</ele>
      </trkpt>
      <trkpt lat="48.308270" lon="14.336044">
        <ele>263.946107</ele>
      </trkpt>
      <trkpt lat="48.307375" lon="14.336417">
        <ele>262.018982</ele>
      </trkpt>
      <trkpt lat="48.305883" lon="14.336766">
        <ele>259.510539</ele>
      </trkpt>
      <trkpt lat="48.305236" lon="14.337028">
        <ele>258.696985</ele>
      </trkpt>
      <trkpt lat="48.304886" lon="14.337264">
        <ele>258.231246</ele>
      </trkpt>
      <trkpt lat="48.303225" lon="14.338598">
        <ele>254.504426</ele>
      </trkpt>
      <trkpt lat="48.303155" lon="14.338638">
        <ele>254.435417</ele>
      </trkpt>
      <trkpt lat="48.303100" lon="14.338645">
        <ele>254.384552</ele>
      </trkpt>
      <trkpt lat="48.302954" lon="14.338671">
        <ele>254.249070</ele>
      </trkpt>
      <trkpt lat="48.302066" lon="14.339325">
        <ele>253.337840</ele>
      </trkpt>
      <trkpt lat="48.298898" lon="14.340891">
        <ele>252.395466</ele>
      </trkpt>
      <trkpt lat="48.298678" lon="14.340993">
        <ele>252.396984</ele>
      </trkpt>
      <trkpt lat="48.298602" lon="14.341028">
        <ele>252.397508</ele>
      </trkpt>
      <trkpt lat="48.298379" lon="14.341120">
        <ele>252.399032</ele>
      </trkpt>
      <trkpt lat="48.298068" lon="14.341243">
        <ele>252.461535</ele>
      </trkpt>
      <trkpt lat="48.297699" lon="14.341374">
        <ele>252.636657</ele>
      </trkpt>
      <trkpt lat="48.297173" lon="14.341513">
        <ele>252.883332</ele>
      </trkpt>
      <trkpt lat="48.295577" lon="14.341804">
        <ele>253.070849</ele>
      </trkpt>
      <trkpt lat="48.294696" lon="14.342095">
        <ele>252.901835</ele>
      </trkpt>
      <trkpt lat="48.294072" lon="14.342388">
        <ele>252.476348</ele>
      </trkpt>
      <trkpt lat="48.292440" lon="14.343332">
        <ele>251.468991</ele>
      </trkpt>
      <trkpt lat="48.291574" lon="14.343776">
        <ele>251.147395</ele>
      </trkpt>
      <trkpt lat="48.290644" lon="14.344159">
        <ele>250.901718</ele>
      </trkpt>
      <trkpt lat="48.286862" lon="14.345508">
        <ele>250.163010</ele>
      </trkpt>
      <trkpt lat="48.285440" lon="14.346167">
        <ele>250.028310</ele>
      </trkpt>
      <trkpt lat="48.284276" lon="14.346890">
        <ele>250.000000</ele>
      </trkpt>
      <trkpt lat="48.284046" lon="14.347063">
        <ele>250.000000</ele>
      </trkpt>
      <trkpt lat="48.283739" lon="14.347296">
        <ele>250.000000</ele>
      </trkpt>
      <trkpt lat="48.282809" lon="14.348107">
        <ele>250.000000</ele>
      </trkpt>
      <trkpt lat="48.282171" lon="14.348756">
        <ele>250.031393</ele>
      </trkpt>
      <trkpt lat="48.281995" lon="14.348969">
        <ele>250.041099</ele>
      </trkpt>
      <trkpt lat="48.281831" lon="14.349173">
        <ele>250.050243</ele>
      </trkpt>
      <trkpt lat="48.281640" lon="14.349410">
        <ele>250.060881</ele>
      </trkpt>
      <trkpt lat="48.281451" lon="14.349618">
        <ele>250.070943</ele>
      </trkpt>
      <trkpt lat="48.281272" lon="14.349814">
        <ele>250.087203</ele>
      </trkpt>
      <trkpt lat="48.280091" lon="14.351213">
        <ele>250.287819</ele>
      </trkpt>
      <trkpt lat="48.279284" lon="14.352355">
        <ele>250.620001</ele>
      </trkpt>
      <trkpt lat="48.278168" lon="14.354152">
        <ele>251.007870</ele>
      </trkpt>
      <trkpt lat="48.277152" lon="14.356020">
        <ele>250.996139</ele>
      </trkpt>
      <trkpt lat="48.276979" lon="14.356367">
        <ele>250.927579</ele>
      </trkpt>
      <trkpt lat="48.276766" lon="14.356796">
        <ele>250.842941</ele>
      </trkpt>
      <trkpt lat="48.276095" lon="14.358254">
        <ele>250.587718</ele>
      </trkpt>
      <trkpt lat="48.275631" lon="14.359359">
        <ele>250.420191</ele>
      </trkpt>
      <trkpt lat="48.275447" lon="14.360271">
        <ele>250.329197</ele>
      </trkpt>
      <trkpt lat="48.274635" lon="14.362276">
        <ele>250.214214</ele>
      </trkpt>
      <trkpt lat="48.274126" lon="14.363635">
        <ele>250.173562</ele>
      </trkpt>
      <trkpt lat="48.273523" lon="14.365444">
        <ele>250.109407</ele>
      </trkpt>
      <trkpt lat="48.273031" lon="14.367187">
        <ele>250.043279</ele>
      </trkpt>
      <trkpt lat="48.272731" lon="14.368539">
        <ele>250.074233</ele>
      </trkpt>
      <trkpt lat="48.272501" lon="14.369884">
        <ele>250.099591</ele>
      </trkpt>
      <trkpt lat="48.272305" lon="14.371460">
        <ele>250.099855</ele>
      </trkpt>
      <trkpt lat="48.272110" lon="14.373378">
        <ele>250.102855</ele>
      </trkpt>
      <trkpt lat="48.271961" lon="14.374381">
        <ele>250.105612</ele>
      </trkpt>
      <trkpt lat="48.271703" lon="14.375715">
        <ele>250.133530</ele>
      </trkpt>
      <trkpt lat="48.271619" lon="14.376542">
        <ele>250.161766</ele>
      </trkpt>
      <trkpt lat="48.271224" lon="14.378295">
        <ele>250.198894</ele>
      </trkpt>
      <trkpt lat="48.270508" lon="14.381236">
        <ele>250.170673</ele>
      </trkpt>
      <trkpt lat="48.270514" lon="14.381324">
        <ele>250.168498</ele>
      </trkpt>
      <trkpt lat="48.270718" lon="14.381813">
        <ele>250.154310</ele>
      </trkpt>
      <trkpt lat="48.270779" lon="14.381977">
        <ele>250.149691</ele>
      </trkpt>
      <trkpt lat="48.270812" lon="14.382065">
        <ele>250.147208</ele>
      </trkpt>
      <trkpt lat="48.270952" lon="14.382554">
        <ele>250.134121</ele>
      </trkpt>
      <trkpt lat="48.270979" lon="14.382765">
        <ele>250.108262</ele>
      </trkpt>
      <trkpt lat="48.270959" lon="14.382932">
        <ele>250.085932</ele>
      </trkpt>
      <trkpt lat="48.270455" lon="14.384450">
        <ele>249.862695</ele>
      </trkpt>
      <trkpt lat="48.270285" lon="14.384803">
        <ele>249.805357</ele>
      </trkpt>
      <trkpt lat="48.270180" lon="14.384952">
        <ele>249.777228</ele>
      </trkpt>
      <trkpt lat="48.270049" lon="14.385058">
        <ele>249.758672</ele>
      </trkpt>
      <trkpt lat="48.269362" lon="14.385331">
        <ele>249.670046</ele>
      </trkpt>
      <trkpt lat="48.269297" lon="14.385284">
        <ele>249.661049</ele>
      </trkpt>
      <trkpt lat="48.269265" lon="14.385248">
        <ele>249.656063</ele>
      </trkpt>
      <trkpt lat="48.269170" lon="14.385144">
        <ele>249.641403</ele>
      </trkpt>
      <trkpt lat="48.268756" lon="14.385905">
        <ele>249.559813</ele>
      </trkpt>
      <trkpt lat="48.268045" lon="14.387000">
        <ele>249.547240</ele>
      </trkpt>
      <trkpt lat="48.265824" lon="14.389709">
        <ele>249.339360</ele>
      </trkpt>
      <trkpt lat="48.264994" lon="14.390839">
        <ele>249.086689</ele>
      </trkpt>
      <trkpt lat="48.263893" lon="14.392494">
        <ele>248.705554</ele>
      </trkpt>
      <trkpt lat="48.262808" lon="14.394333">
        <ele>248.349880</ele>
      </trkpt>
      <trkpt lat="48.261903" lon="14.396046">
        <ele>248.175620</ele>
      </trkpt>
      <trkpt lat="48.261228" lon="14.397453">
        <ele>248.154722</ele>
      </trkpt>
      <trkpt lat="48.260117" lon="14.399598">
        <ele>248.603159</ele>
      </trkpt>
      <trkpt lat="48.259455" lon="14.401134">
        <ele>249.313832</ele>
      </trkpt>
      <trkpt lat="48.259198" lon="14.401825">
        <ele>249.625290</ele>
      </trkpt>
      <trkpt lat="48.258788" lon="14.403116">
        <ele>249.718507</ele>
      </trkpt>
      <trkpt lat="48.258410" lon="14.404553">
        <ele>249.704535</ele>
      </trkpt>
      <trkpt lat="48.258175" lon="14.405660">
        <ele>249.229283</ele>
      </trkpt>
      <trkpt lat="48.258093" lon="14.406116">
        <ele>249.036083</ele>
      </trkpt>
      <trkpt lat="48.258044" lon="14.406411">
        <ele>248.911722</ele>
      </trkpt>
      <trkpt lat="48.257828" lon="14.408006">
        <ele>248.514191</ele>
      </trkpt>
      <trkpt lat="48.257378" lon="14.412798">
        <ele>248.392281</ele>
      </trkpt>
      <trkpt lat="48.257025" lon="14.415206">
        <ele>248.400211</ele>
      </trkpt>
      <trkpt lat="48.256759" lon="14.416543">
        <ele>248.096212</ele>
      </trkpt>
      <trkpt lat="48.256473" lon="14.417769">
        <ele>247.777366</ele>
      </trkpt>
      <trkpt lat="48.256145" lon="14.418968">
        <ele>247.273565</ele>
      </trkpt>
      <trkpt lat="48.255523" lon="14.420884">
        <ele>246.563173</ele>
      </trkpt>
      <trkpt lat="48.255310" lon="14.421470">
        <ele>246.387895</ele>
      </trkpt>
      <trkpt lat="48.255084" lon="14.422047">
        <ele>246.212144</ele>
      </trkpt>
      <trkpt lat="48.254991" lon="14.422319">
        <ele>246.131869</ele>
      </trkpt>
      <trkpt lat="48.254719" lon="14.423016">
        <ele>245.943400</ele>
      </trkpt>
      <trkpt lat="48.254481" lon="14.423540">
        <ele>245.798739</ele>
      </trkpt>
      <trkpt lat="48.251730" lon="14.430252">
        <ele>244.199910</ele>
      </trkpt>
      <trkpt lat="48.251550" lon="14.430771">
        <ele>244.170328</ele>
      </trkpt>
      <trkpt lat="48.251438" lon="14.431238">
        <ele>244.145236</ele>
      </trkpt>
      <trkpt lat="48.251378" lon="14.431513">
        <ele>244.130607</ele>
      </trkpt>
      <trkpt lat="48.251223" lon="14.432268">
        <ele>244.146193</ele>
      </trkpt>
      <trkpt lat="48.251134" lon="14.432624">
        <ele>244.164856</ele>
      </trkpt>
      <trkpt lat="48.251038" lon="14.432930">
        <ele>244.181457</ele>
      </trkpt>
      <trkpt lat="48.250946" lon="14.433149">
        <ele>244.194166</ele>
      </trkpt>
      <trkpt lat="48.250853" lon="14.433238">
        <ele>244.202294</ele>
      </trkpt>
      <trkpt lat="48.250765" lon="14.433210">
        <ele>244.208924</ele>
      </trkpt>
      <trkpt lat="48.250372" lon="14.432870">
        <ele>244.242354</ele>
      </trkpt>
      <trkpt lat="48.248438" lon="14.431114">
        <ele>244.927347</ele>
      </trkpt>
      <trkpt lat="48.245410" lon="14.428304">
        <ele>248.245748</ele>
      </trkpt>
      <trkpt lat="48.244907" lon="14.427843">
        <ele>248.366864</ele>
      </trkpt>
      <trkpt lat="48.244710" lon="14.427663">
        <ele>248.414261</ele>
      </trkpt>
      <trkpt lat="48.243272" lon="14.426346">
        <ele>248.071363</ele>
      </trkpt>
      <trkpt lat="48.242922" lon="14.426025">
        <ele>247.874821</ele>
      </trkpt>
      <trkpt lat="48.242753" lon="14.425870">
        <ele>247.779919</ele>
      </trkpt>
      <trkpt lat="48.242700" lon="14.425821">
        <ele>247.750091</ele>
      </trkpt>
      <trkpt lat="48.242231" lon="14.425381">
        <ele>247.385944</ele>
      </trkpt>
      <trkpt lat="48.241989" lon="14.425155">
        <ele>247.183839</ele>
      </trkpt>
      <trkpt lat="48.241442" lon="14.424775">
        <ele>246.756417</ele>
      </trkpt>
      <trkpt lat="48.241407" lon="14.424761">
        <ele>246.730730</ele>
      </trkpt>
      <trkpt lat="48.241359" lon="14.424741">
        <ele>246.695404</ele>
      </trkpt>
      <trkpt lat="48.241295" lon="14.424716">
        <ele>246.648506</ele>
      </trkpt>
      <trkpt lat="48.240146" lon="14.424341">
        <ele>246.746554</ele>
      </trkpt>
      <trkpt lat="48.239670" lon="14.424184">
        <ele>246.936428</ele>
      </trkpt>
      <trkpt lat="48.239544" lon="14.424143">
        <ele>246.986658</ele>
      </trkpt>
      <trkpt lat="48.239322" lon="14.424072">
        <ele>247.075090</ele>
      </trkpt>
      <trkpt lat="48.239032" lon="14.423978">
        <ele>247.364950</ele>
      </trkpt>
      <trkpt lat="48.238551" lon="14.423823">
        <ele>248.009204</ele>
      </trkpt>
      <trkpt lat="48.237466" lon="14.423473">
        <ele>249.462527</ele>
      </trkpt>
      <trkpt lat="48.236961" lon="14.423392">
        <ele>249.546409</ele>
      </trkpt>
      <trkpt lat="48.236504" lon="14.423469">
        <ele>249.614473</ele>
      </trkpt>
      <trkpt lat="48.236353" lon="14.423528">
        <ele>249.637567</ele>
      </trkpt>
      <trkpt lat="48.236194" lon="14.423612">
        <ele>249.662515</ele>
      </trkpt>
      <trkpt lat="48.235562" lon="14.424061">
        <ele>249.532512</ele>
      </trkpt>
      <trkpt lat="48.235431" lon="14.424160">
        <ele>249.369491</ele>
      </trkpt>
      <trkpt lat="48.235434" lon="14.424387">
        <ele>249.201393</ele>
      </trkpt>
      <trkpt lat="48.235360" lon="14.424619">
        <ele>249.010946</ele>
      </trkpt>
      <trkpt lat="48.235085" lon="14.425108">
        <ele>248.537115</ele>
      </trkpt>
      <trkpt lat="48.235007" lon="14.425413">
        <ele>248.295227</ele>
      </trkpt>
      <trkpt lat="48.234989" lon="14.425646">
        <ele>248.121561</ele>
      </trkpt>
      <trkpt lat="48.234887" lon="14.425987">
        <ele>247.844801</ele>
      </trkpt>
      <trkpt lat="48.234656" lon="14.426145">
        <ele>247.643539</ele>
      </trkpt>
      <trkpt lat="48.234515" lon="14.426650">
        <ele>247.423807</ele>
      </trkpt>
      <trkpt lat="48.234380" lon="14.426978">
        <ele>247.269085</ele>
      </trkpt>
      <trkpt lat="48.234018" lon="14.427560">
        <ele>246.949542</ele>
      </trkpt>
      <trkpt lat="48.233907" lon="14.427711">
        <ele>246.859300</ele>
      </trkpt>
      <trkpt lat="48.233820" lon="14.427832">
        <ele>246.787852</ele>
      </trkpt>
      <trkpt lat="48.233769" lon="14.427907">
        <ele>246.744842</ele>
      </trkpt>
      <trkpt lat="48.233639" lon="14.428123">
        <ele>246.611702</ele>
      </trkpt>
      <trkpt lat="48.233342" lon="14.428670">
        <ele>246.161373</ele>
      </trkpt>
      <trkpt lat="48.233223" lon="14.428975">
        <ele>245.935813</ele>
      </trkpt>
      <trkpt lat="48.233183" lon="14.429221">
        <ele>245.774223</ele>
      </trkpt>
      <trkpt lat="48.233140" lon="14.429982">
        <ele>245.286862</ele>
      </trkpt>
      <trkpt lat="48.233048" lon="14.430492">
        <ele>244.949691</ele>
      </trkpt>
      <trkpt lat="48.232795" lon="14.431062">
        <ele>244.573595</ele>
      </trkpt>
      <trkpt lat="48.232615" lon="14.431366">
        <ele>244.351738</ele>
      </trkpt>
      <trkpt lat="48.232497" lon="14.431593">
        <ele>244.194680</ele>
      </trkpt>
      <trkpt lat="48.232420" lon="14.431743">
        <ele>244.091386</ele>
      </trkpt>
      <trkpt lat="48.232400" lon="14.431782">
        <ele>244.064539</ele>
      </trkpt>
      <trkpt lat="48.232243" lon="14.432090">
        <ele>243.852992</ele>
      </trkpt>
      <trkpt lat="48.231599" lon="14.433335">
        <ele>243.647867</ele>
      </trkpt>
      <trkpt lat="48.231073" lon="14.434538">
        <ele>243.964430</ele>
      </trkpt>
      <trkpt lat="48.230714" lon="14.435175">
        <ele>244.141230</ele>
      </trkpt>
      <trkpt lat="48.230644" lon="14.435272">
        <ele>244.170435</ele>
      </trkpt>
      <trkpt lat="48.230727" lon="14.435453">
        <ele>244.215311</ele>
      </trkpt>
      <trkpt lat="48.230903" lon="14.436056">
        <ele>244.349757</ele>
      </trkpt>
      <trkpt lat="48.231048" lon="14.436360">
        <ele>244.426114</ele>
      </trkpt>
      <trkpt lat="48.231146" lon="14.436909">
        <ele>244.542185</ele>
      </trkpt>
      <trkpt lat="48.231266" lon="14.437039">
        <ele>244.587553</ele>
      </trkpt>
      <trkpt lat="48.231378" lon="14.436996">
        <ele>244.568549</ele>
      </trkpt>
      <trkpt lat="48.231610" lon="14.436615">
        <ele>244.352618</ele>
      </trkpt>
      <trkpt lat="48.231843" lon="14.436397">
        <ele>244.180210</ele>
      </trkpt>
      <trkpt lat="48.232043" lon="14.436286">
        <ele>244.046307</ele>
      </trkpt>
      <trkpt lat="48.232404" lon="14.436167">
        <ele>243.814208</ele>
      </trkpt>
      <trkpt lat="48.232619" lon="14.436202">
        <ele>243.678402</ele>
      </trkpt>
      <trkpt lat="48.232832" lon="14.436371">
        <ele>243.527112</ele>
      </trkpt>
      <trkpt lat="48.232961" lon="14.436419">
        <ele>243.438978</ele>
      </trkpt>
      <trkpt lat="48.233055" lon="14.436562">
        <ele>243.342657</ele>
      </trkpt>
      <trkpt lat="48.233217" lon="14.437615">
        <ele>242.824528</ele>
      </trkpt>
      <trkpt lat="48.233224" lon="14.438046">
        <ele>242.617834</ele>
      </trkpt>
      <trkpt lat="48.233064" lon="14.441253">
        <ele>241.875918</ele>
      </trkpt>
      <trkpt lat="48.232915" lon="14.442805">
        <ele>242.336568</ele>
      </trkpt>
      <trkpt lat="48.232932" lon="14.443948">
        <ele>242.836674</ele>
      </trkpt>
      <trkpt lat="48.232933" lon="14.444115">
        <ele>242.909727</ele>
      </trkpt>
      <trkpt lat="48.232924" lon="14.444255">
        <ele>242.971252</ele>
      </trkpt>
      <trkpt lat="48.232860" lon="14.445197">
        <ele>243.291987</ele>
      </trkpt>
      <trkpt lat="48.232646" lon="14.446377">
        <ele>243.695612</ele>
      </trkpt>
      <trkpt lat="48.232595" lon="14.446495">
        <ele>243.742037</ele>
      </trkpt>
      <trkpt lat="48.231783" lon="14.446494">
        <ele>243.734523</ele>
      </trkpt>
      <trkpt lat="48.231050" lon="14.446748">
        <ele>243.492336</ele>
      </trkpt>
      <trkpt lat="48.230915" lon="14.446864">
        <ele>243.442259</ele>
      </trkpt>
      <trkpt lat="48.230293" lon="14.447636">
        <ele>243.152891</ele>
      </trkpt>
      <trkpt lat="48.230118" lon="14.448021">
        <ele>243.030971</ele>
      </trkpt>
      <trkpt lat="48.230056" lon="14.448184">
        <ele>242.981872</ele>
      </trkpt>
      <trkpt lat="48.230009" lon="14.448284">
        <ele>242.949858</ele>
      </trkpt>
      <trkpt lat="48.229917" lon="14.448420">
        <ele>242.899156</ele>
      </trkpt>
      <trkpt lat="48.229816" lon="14.448519">
        <ele>242.851789</ele>
      </trkpt>
      <trkpt lat="48.229759" lon="14.448599">
        <ele>242.821147</ele>
      </trkpt>
      <trkpt lat="48.229717" lon="14.448656">
        <ele>242.798914</ele>
      </trkpt>
      <trkpt lat="48.229620" lon="14.448805">
        <ele>242.744416</ele>
      </trkpt>
      <trkpt lat="48.229603" lon="14.448851">
        <ele>242.730656</ele>
      </trkpt>
      <trkpt lat="48.229513" lon="14.449098">
        <ele>242.657011</ele>
      </trkpt>
      <trkpt lat="48.229155" lon="14.449807">
        <ele>242.446632</ele>
      </trkpt>
      <trkpt lat="48.229028" lon="14.450895">
        <ele>242.192344</ele>
      </trkpt>
      <trkpt lat="48.229029" lon="14.451216">
        <ele>242.118444</ele>
      </trkpt>
      <trkpt lat="48.229030" lon="14.451407">
        <ele>242.074472</ele>
      </trkpt>
      <trkpt lat="48.228951" lon="14.452840">
        <ele>241.942827</ele>
      </trkpt>
      <trkpt lat="48.228962" lon="14.453157">
        <ele>241.929084</ele>
      </trkpt>
      <trkpt lat="48.229054" lon="14.453480">
        <ele>241.913876</ele>
      </trkpt>
      <trkpt lat="48.229183" lon="14.453757">
        <ele>241.899244</ele>
      </trkpt>
      <trkpt lat="48.229327" lon="14.453971">
        <ele>241.886076</ele>
      </trkpt>
      <trkpt lat="48.229500" lon="14.454104">
        <ele>241.873444</ele>
      </trkpt>
      <trkpt lat="48.229615" lon="14.454143">
        <ele>241.902897</ele>
      </trkpt>
      <trkpt lat="48.229698" lon="14.454139">
        <ele>241.929139</ele>
      </trkpt>
      <trkpt lat="48.230293" lon="14.454303">
        <ele>242.120303</ele>
      </trkpt>
      <trkpt lat="48.230905" lon="14.454653">
        <ele>242.327255</ele>
      </trkpt>
      <trkpt lat="48.231365" lon="14.455049">
        <ele>242.537901</ele>
      </trkpt>
      <trkpt lat="48.232291" lon="14.455732">
        <ele>243.122441</ele>
      </trkpt>
      <trkpt lat="48.233377" lon="14.456879">
        <ele>243.533078</ele>
      </trkpt>
      <trkpt lat="48.233926" lon="14.457235">
        <ele>243.593092</ele>
      </trkpt>
      <trkpt lat="48.233961" lon="14.457303">
        <ele>243.598836</ele>
      </trkpt>
      <trkpt lat="48.233977" lon="14.457392">
        <ele>243.604998</ele>
      </trkpt>
      <trkpt lat="48.233875" lon="14.459827">
        <ele>243.312217</ele>
      </trkpt>
      <trkpt lat="48.233894" lon="14.460883">
        <ele>243.192885</ele>
      </trkpt>
      <trkpt lat="48.234043" lon="14.461799">
        <ele>243.244713</ele>
      </trkpt>
      <trkpt lat="48.234226" lon="14.462593">
        <ele>243.290895</ele>
      </trkpt>
      <trkpt lat="48.234837" lon="14.464343">
        <ele>243.343929</ele>
      </trkpt>
      <trkpt lat="48.235142" lon="14.465552">
        <ele>243.360989</ele>
      </trkpt>
      <trkpt lat="48.235200" lon="14.466350">
        <ele>243.331157</ele>
      </trkpt>
      <trkpt lat="48.235186" lon="14.466411">
        <ele>243.328414</ele>
      </trkpt>
      <trkpt lat="48.235168" lon="14.466493">
        <ele>243.324743</ele>
      </trkpt>
      <trkpt lat="48.234928" lon="14.466904">
        <ele>243.301505</ele>
      </trkpt>
      <trkpt lat="48.234108" lon="14.468968">
        <ele>243.211049</ele>
      </trkpt>
      <trkpt lat="48.233913" lon="14.469477">
        <ele>243.192197</ele>
      </trkpt>
      <trkpt lat="48.233650" lon="14.470118">
        <ele>243.168027</ele>
      </trkpt>
      <trkpt lat="48.233342" lon="14.471045">
        <ele>243.144027</ele>
      </trkpt>
      <trkpt lat="48.233273" lon="14.471594">
        <ele>243.132542</ele>
      </trkpt>
      <trkpt lat="48.233288" lon="14.473819">
        <ele>243.144513</ele>
      </trkpt>
      <trkpt lat="48.233261" lon="14.474619">
        <ele>243.180273</ele>
      </trkpt>
      <trkpt lat="48.233318" lon="14.475225">
        <ele>243.207595</ele>
      </trkpt>
      <trkpt lat="48.233476" lon="14.476102">
        <ele>243.211109</ele>
      </trkpt>
      <trkpt lat="48.233624" lon="14.476745">
        <ele>243.191717</ele>
      </trkpt>
      <trkpt lat="48.233673" lon="14.477069">
        <ele>243.182246</ele>
      </trkpt>
      <trkpt lat="48.233653" lon="14.477135">
        <ele>243.180179</ele>
      </trkpt>
      <trkpt lat="48.233631" lon="14.477209">
        <ele>243.177869</ele>
      </trkpt>
      <trkpt lat="48.233584" lon="14.477335">
        <ele>243.173753</ele>
      </trkpt>
      <trkpt lat="48.233461" lon="14.477515">
        <ele>243.166402</ele>
      </trkpt>
      <trkpt lat="48.233377" lon="14.477669">
        <ele>243.160728</ele>
      </trkpt>
      <trkpt lat="48.233392" lon="14.477750">
        <ele>243.158332</ele>
      </trkpt>
      <trkpt lat="48.233320" lon="14.478079">
        <ele>243.147921</ele>
      </trkpt>
      <trkpt lat="48.233297" lon="14.478419">
        <ele>243.091554</ele>
      </trkpt>
      <trkpt lat="48.233275" lon="14.478658">
        <ele>243.051759</ele>
      </trkpt>
      <trkpt lat="48.233319" lon="14.478866">
        <ele>243.015763</ele>
      </trkpt>
      <trkpt lat="48.233310" lon="14.479454">
        <ele>242.918754</ele>
      </trkpt>
      <trkpt lat="48.233311" lon="14.479599">
        <ele>242.894836</ele>
      </trkpt>
      <trkpt lat="48.233324" lon="14.479930">
        <ele>242.840147</ele>
      </trkpt>
      <trkpt lat="48.233334" lon="14.480062">
        <ele>242.818235</ele>
      </trkpt>
      <trkpt lat="48.233287" lon="14.480864">
        <ele>242.665292</ele>
      </trkpt>
      <trkpt lat="48.233250" lon="14.481507">
        <ele>242.438012</ele>
      </trkpt>
      <trkpt lat="48.233135" lon="14.482040">
        <ele>242.240710</ele>
      </trkpt>
      <trkpt lat="48.233170" lon="14.482178">
        <ele>242.188709</ele>
      </trkpt>
      <trkpt lat="48.233227" lon="14.482337">
        <ele>242.125121</ele>
      </trkpt>
      <trkpt lat="48.233852" lon="14.482920">
        <ele>241.737096</ele>
      </trkpt>
      <trkpt lat="48.234365" lon="14.483394">
        <ele>241.438155</ele>
      </trkpt>
      <trkpt lat="48.234683" lon="14.483692">
        <ele>241.252120</ele>
      </trkpt>
      <trkpt lat="48.234910" lon="14.483884">
        <ele>241.122818</ele>
      </trkpt>
      <trkpt lat="48.235107" lon="14.483926">
        <ele>241.024071</ele>
      </trkpt>
      <trkpt lat="48.236103" lon="14.483862">
        <ele>240.826979</ele>
      </trkpt>
      <trkpt lat="48.236289" lon="14.483798">
        <ele>240.817611</ele>
      </trkpt>
      <trkpt lat="48.236629" lon="14.483521">
        <ele>240.798619</ele>
      </trkpt>
      <trkpt lat="48.236759" lon="14.483319">
        <ele>240.789433</ele>
      </trkpt>
      <trkpt lat="48.236821" lon="14.482941">
        <ele>240.776703</ele>
      </trkpt>
      <trkpt lat="48.236865" lon="14.482859">
        <ele>240.773260</ele>
      </trkpt>
      <trkpt lat="48.236915" lon="14.482829">
        <ele>240.769842</ele>
      </trkpt>
      <trkpt lat="48.236984" lon="14.482846">
        <ele>240.762797</ele>
      </trkpt>
      <trkpt lat="48.237156" lon="14.482996">
        <ele>240.742757</ele>
      </trkpt>
      <trkpt lat="48.237345" lon="14.483281">
        <ele>240.715770</ele>
      </trkpt>
      <trkpt lat="48.237804" lon="14.484222">
        <ele>240.637504</ele>
      </trkpt>
      <trkpt lat="48.239255" lon="14.486781">
        <ele>240.191400</ele>
      </trkpt>
      <trkpt lat="48.239427" lon="14.487184">
        <ele>240.132750</ele>
      </trkpt>
      <trkpt lat="48.239930" lon="14.488591">
        <ele>239.941733</ele>
      </trkpt>
      <trkpt lat="48.240406" lon="14.489427">
        <ele>239.970893</ele>
      </trkpt>
      <trkpt lat="48.240468" lon="14.489609">
        <ele>240.022997</ele>
      </trkpt>
      <trkpt lat="48.240511" lon="14.489792">
        <ele>240.072457</ele>
      </trkpt>
      <trkpt lat="48.240513" lon="14.489953">
        <ele>240.113499</ele>
      </trkpt>
      <trkpt lat="48.240439" lon="14.490399">
        <ele>240.230648</ele>
      </trkpt>
      <trkpt lat="48.240655" lon="14.491054">
        <ele>240.416936</ele>
      </trkpt>
      <trkpt lat="48.240764" lon="14.491215">
        <ele>240.475450</ele>
      </trkpt>
      <trkpt lat="48.240968" lon="14.491344">
        <ele>240.582890</ele>
      </trkpt>
      <trkpt lat="48.241034" lon="14.491441">
        <ele>240.696043</ele>
      </trkpt>
      <trkpt lat="48.241373" lon="14.492745">
        <ele>241.838265</ele>
      </trkpt>
      <trkpt lat="48.241737" lon="14.494242">
        <ele>243.056923</ele>
      </trkpt>
      <trkpt lat="48.241764" lon="14.494667">
        <ele>243.331367</ele>
      </trkpt>
      <trkpt lat="48.241753" lon="14.495006">
        <ele>243.549545</ele>
      </trkpt>
      <trkpt lat="48.241704" lon="14.495289">
        <ele>243.737514</ele>
      </trkpt>
      <trkpt lat="48.241626" lon="14.495582">
        <ele>243.940354</ele>
      </trkpt>
      <trkpt lat="48.241377" lon="14.496204">
        <ele>244.406872</ele>
      </trkpt>
      <trkpt lat="48.241349" lon="14.496652">
        <ele>244.420550</ele>
      </trkpt>
      <trkpt lat="48.241388" lon="14.496968">
        <ele>244.351440</ele>
      </trkpt>
      <trkpt lat="48.241531" lon="14.497439">
        <ele>244.240127</ele>
      </trkpt>
      <trkpt lat="48.241641" lon="14.497647">
        <ele>244.183012</ele>
      </trkpt>
      <trkpt lat="48.242020" lon="14.498141">
        <ele>244.020962</ele>
      </trkpt>
      <trkpt lat="48.242224" lon="14.499723">
        <ele>243.308934</ele>
      </trkpt>
      <trkpt lat="48.242269" lon="14.501204">
        <ele>242.493029</ele>
      </trkpt>
      <trkpt lat="48.242172" lon="14.502982">
        <ele>242.439673</ele>
      </trkpt>
      <trkpt lat="48.242045" lon="14.503659">
        <ele>242.446951</ele>
      </trkpt>
      <trkpt lat="48.241786" lon="14.504753">
        <ele>242.804917</ele>
      </trkpt>
      <trkpt lat="48.241471" lon="14.505402">
        <ele>243.152220</ele>
      </trkpt>
      <trkpt lat="48.241229" lon="14.505895">
        <ele>243.417086</ele>
      </trkpt>
      <trkpt lat="48.241181" lon="14.505986">
        <ele>243.467289</ele>
      </trkpt>
      <trkpt lat="48.240944" lon="14.506489">
        <ele>243.639630</ele>
      </trkpt>
      <trkpt lat="48.240900" lon="14.506645">
        <ele>243.653079</ele>
      </trkpt>
      <trkpt lat="48.240900" lon="14.507318">
        <ele>243.706506</ele>
      </trkpt>
      <trkpt lat="48.240875" lon="14.507543">
        <ele>243.724615</ele>
      </trkpt>
      <trkpt lat="48.240571" lon="14.508486">
        <ele>243.807785</ele>
      </trkpt>
      <trkpt lat="48.240321" lon="14.509192">
        <ele>243.758856</ele>
      </trkpt>
      <trkpt lat="48.240125" lon="14.509760">
        <ele>243.660982</ele>
      </trkpt>
      <trkpt lat="48.239760" lon="14.510470">
        <ele>243.523757</ele>
      </trkpt>
      <trkpt lat="48.239364" lon="14.511352">
        <ele>243.264678</ele>
      </trkpt>
      <trkpt lat="48.239195" lon="14.511935">
        <ele>243.007637</ele>
      </trkpt>
      <trkpt lat="48.238999" lon="14.512449">
        <ele>242.768198</ele>
      </trkpt>
      <trkpt lat="48.238975" lon="14.512555">
        <ele>242.722938</ele>
      </trkpt>
      <trkpt lat="48.238975" lon="14.512803">
        <ele>242.622680</ele>
      </trkpt>
      <trkpt lat="48.240603" lon="14.514622">
        <ele>241.595137</ele>
      </trkpt>
      <trkpt lat="48.240819" lon="14.514409">
        <ele>241.474346</ele>
      </trkpt>
      <trkpt lat="48.241201" lon="14.513731">
        <ele>241.513188</ele>
      </trkpt>
      <trkpt lat="48.241266" lon="14.513825">
        <ele>241.519114</ele>
      </trkpt>
      <trkpt lat="48.241310" lon="14.513865">
        <ele>241.522492</ele>
      </trkpt>
      <trkpt lat="48.241373" lon="14.513797">
        <ele>241.527588</ele>
      </trkpt>
      <trkpt lat="48.241460" lon="14.513822">
        <ele>241.533405</ele>
      </trkpt>
      <trkpt lat="48.241558" lon="14.513861">
        <ele>241.540063</ele>
      </trkpt>
      <trkpt lat="48.241514" lon="14.514030">
        <ele>241.547999</ele>
      </trkpt>
      <trkpt lat="48.241457" lon="14.514173">
        <ele>241.555288</ele>
      </trkpt>
      <trkpt lat="48.241354" lon="14.514336">
        <ele>241.565116</ele>
      </trkpt>
      <trkpt lat="48.241184" lon="14.514602">
        <ele>241.581240</ele>
      </trkpt>
      <trkpt lat="48.241113" lon="14.514702">
        <ele>241.587633</ele>
      </trkpt>
      <trkpt lat="48.241013" lon="14.514515">
        <ele>241.602588</ele>
      </trkpt>
      <trkpt lat="48.241224" lon="14.514206">
        <ele>241.636633</ele>
      </trkpt>
      <trkpt lat="48.241290" lon="14.514312">
        <ele>241.647797</ele>
      </trkpt>
      <trkpt lat="48.241224" lon="14.514206">
        <ele>241.658960</ele>
      </trkpt>
      <trkpt lat="48.241013" lon="14.514515">
        <ele>241.693005</ele>
      </trkpt>
      <trkpt lat="48.241113" lon="14.514702">
        <ele>241.711455</ele>
      </trkpt>
      <trkpt lat="48.241067" lon="14.514765">
        <ele>241.718647</ele>
      </trkpt>
      <trkpt lat="48.240820" lon="14.515163">
        <ele>241.760497</ele>
      </trkpt>
      <trkpt lat="48.240656" lon="14.515605">
        <ele>241.799421</ele>
      </trkpt>
      <trkpt lat="48.240559" lon="14.515735">
        <ele>241.782857</ele>
      </trkpt>
      <trkpt lat="48.240449" lon="14.515846">
        <ele>241.764683</ele>
      </trkpt>
      <trkpt lat="48.240326" lon="14.516038">
        <ele>241.740353</ele>
      </trkpt>
      <trkpt lat="48.240341" lon="14.516254">
        <ele>241.720519</ele>
      </trkpt>
      <trkpt lat="48.240331" lon="14.516406">
        <ele>241.706569</ele>
      </trkpt>
      <trkpt lat="48.240208" lon="14.516781">
        <ele>241.668393</ele>
      </trkpt>
      <trkpt lat="48.240109" lon="14.516804">
        <ele>241.654655</ele>
      </trkpt>
      <trkpt lat="48.239752" lon="14.518131">
        <ele>241.483245</ele>
      </trkpt>
      <trkpt lat="48.239761" lon="14.518392">
        <ele>241.426339</ele>
      </trkpt>
      <trkpt lat="48.239752" lon="14.518586">
        <ele>241.383996</ele>
      </trkpt>
      <trkpt lat="48.239694" lon="14.518623">
        <ele>241.363393</ele>
      </trkpt>
      <trkpt lat="48.239609" lon="14.518628">
        <ele>241.335583</ele>
      </trkpt>
      <trkpt lat="48.239571" lon="14.518717">
        <ele>241.312564</ele>
      </trkpt>
      <trkpt lat="48.239551" lon="14.518806">
        <ele>241.292112</ele>
      </trkpt>
      <trkpt lat="48.239476" lon="14.518778">
        <ele>241.266846</ele>
      </trkpt>
      <trkpt lat="48.239416" lon="14.518756">
        <ele>241.246653</ele>
      </trkpt>
      <trkpt lat="48.239244" lon="14.519809">
        <ele>241.010578</ele>
      </trkpt>
      <trkpt lat="48.239162" lon="14.521494">
        <ele>240.691138</ele>
      </trkpt>
      <trkpt lat="48.239131" lon="14.524614">
        <ele>240.090031</ele>
      </trkpt>
      <trkpt lat="48.239160" lon="14.526526">
        <ele>239.717677</ele>
      </trkpt>
      <trkpt lat="48.239152" lon="14.529831">
        <ele>239.192845</ele>
      </trkpt>
      <trkpt lat="48.239121" lon="14.530824">
        <ele>239.067267</ele>
      </trkpt>
      <trkpt lat="48.239116" lon="14.531504">
        <ele>239.050256</ele>
      </trkpt>
      <trkpt lat="48.239123" lon="14.531894">
        <ele>239.040497</ele>
      </trkpt>
      <trkpt lat="48.239031" lon="14.533528">
        <ele>238.999010</ele>
      </trkpt>
      <trkpt lat="48.238934" lon="14.534292">
        <ele>238.962067</ele>
      </trkpt>
      <trkpt lat="48.238913" lon="14.534554">
        <ele>238.949533</ele>
      </trkpt>
      <trkpt lat="48.238876" lon="14.534822">
        <ele>238.936532</ele>
      </trkpt>
      <trkpt lat="48.238532" lon="14.536920">
        <ele>238.794009</ele>
      </trkpt>
      <trkpt lat="48.238457" lon="14.537697">
        <ele>238.717377</ele>
      </trkpt>
      <trkpt lat="48.238451" lon="14.537794">
        <ele>238.707869</ele>
      </trkpt>
      <trkpt lat="48.238380" lon="14.537858">
        <ele>238.695733</ele>
      </trkpt>
      <trkpt lat="48.238315" lon="14.538085">
        <ele>238.671616</ele>
      </trkpt>
      <trkpt lat="48.238138" lon="14.538844">
        <ele>238.611148</ele>
      </trkpt>
      <trkpt lat="48.238004" lon="14.539367">
        <ele>238.622121</ele>
      </trkpt>
      <trkpt lat="48.237793" lon="14.540132">
        <ele>238.638336</ele>
      </trkpt>
      <trkpt lat="48.237524" lon="14.541093">
        <ele>238.658749</ele>
      </trkpt>
      <trkpt lat="48.237428" lon="14.541438">
        <ele>238.651164</ele>
      </trkpt>
      <trkpt lat="48.237416" lon="14.541481">
        <ele>238.649384</ele>
      </trkpt>
      <trkpt lat="48.237323" lon="14.541863">
        <ele>238.633849</ele>
      </trkpt>
      <trkpt lat="48.237242" lon="14.542362">
        <ele>238.614232</ele>
      </trkpt>
      <trkpt lat="48.237104" lon="14.543258">
        <ele>238.579107</ele>
      </trkpt>
      <trkpt lat="48.237157" lon="14.543984">
        <ele>238.488279</ele>
      </trkpt>
      <trkpt lat="48.237147" lon="14.544121">
        <ele>238.433300</ele>
      </trkpt>
      <trkpt lat="48.237117" lon="14.544558">
        <ele>238.258050</ele>
      </trkpt>
      <trkpt lat="48.237093" lon="14.544742">
        <ele>238.183255</ele>
      </trkpt>
      <trkpt lat="48.237074" lon="14.544859">
        <ele>238.135214</ele>
      </trkpt>
      <trkpt lat="48.237032" lon="14.545138">
        <ele>238.021108</ele>
      </trkpt>
      <trkpt lat="48.236830" lon="14.546449">
        <ele>237.484313</ele>
      </trkpt>
      <trkpt lat="48.236828" lon="14.546706">
        <ele>237.522677</ele>
      </trkpt>
      <trkpt lat="48.236866" lon="14.546829">
        <ele>237.545701</ele>
      </trkpt>
      <trkpt lat="48.236885" lon="14.546887">
        <ele>237.556676</ele>
      </trkpt>
      <trkpt lat="48.236988" lon="14.547070">
        <ele>237.597360</ele>
      </trkpt>
      <trkpt lat="48.237003" lon="14.547097">
        <ele>237.603330</ele>
      </trkpt>
      <trkpt lat="48.237065" lon="14.547329">
        <ele>237.645778</ele>
      </trkpt>
      <trkpt lat="48.237121" lon="14.547854">
        <ele>237.736061</ele>
      </trkpt>
      <trkpt lat="48.237178" lon="14.548398">
        <ele>237.829570</ele>
      </trkpt>
      <trkpt lat="48.237185" lon="14.548463">
        <ele>237.840751</ele>
      </trkpt>
      <trkpt lat="48.237198" lon="14.548746">
        <ele>237.888920</ele>
      </trkpt>
      <trkpt lat="48.237192" lon="14.549021">
        <ele>237.935641</ele>
      </trkpt>
      <trkpt lat="48.237180" lon="14.549207">
        <ele>238.018794</ele>
      </trkpt>
      <trkpt lat="48.237163" lon="14.549455">
        <ele>238.138293</ele>
      </trkpt>
      <trkpt lat="48.237144" lon="14.549731">
        <ele>238.271289</ele>
      </trkpt>
      <trkpt lat="48.237123" lon="14.550010">
        <ele>238.405870</ele>
      </trkpt>
      <trkpt lat="48.237113" lon="14.550151">
        <ele>238.473836</ele>
      </trkpt>
      <trkpt lat="48.237093" lon="14.550449">
        <ele>238.617395</ele>
      </trkpt>
      <trkpt lat="48.237088" lon="14.550510">
        <ele>238.646854</ele>
      </trkpt>
      <trkpt lat="48.237078" lon="14.550659">
        <ele>238.718634</ele>
      </trkpt>
      <trkpt lat="48.237058" lon="14.550931">
        <ele>238.849801</ele>
      </trkpt>
      <trkpt lat="48.237009" lon="14.551630">
        <ele>239.186695</ele>
      </trkpt>
      <trkpt lat="48.236998" lon="14.551787">
        <ele>239.209566</ele>
      </trkpt>
      <trkpt lat="48.236997" lon="14.551966">
        <ele>239.138191</ele>
      </trkpt>
      <trkpt lat="48.236997" lon="14.552227">
        <ele>239.034122</ele>
      </trkpt>
      <trkpt lat="48.236997" lon="14.552430">
        <ele>238.953179</ele>
      </trkpt>
      <trkpt lat="48.236998" lon="14.552479">
        <ele>238.933633</ele>
      </trkpt>
      <trkpt lat="48.237003" lon="14.552691">
        <ele>238.849049</ele>
      </trkpt>
      <trkpt lat="48.237000" lon="14.552930">
        <ele>238.753735</ele>
      </trkpt>
      <trkpt lat="48.237000" lon="14.553072">
        <ele>238.697115</ele>
      </trkpt>
      <trkpt lat="48.237000" lon="14.553521">
        <ele>238.518085</ele>
      </trkpt>
      <trkpt lat="48.237004" lon="14.553598">
        <ele>238.487290</ele>
      </trkpt>
      <trkpt lat="48.237037" lon="14.554199">
        <ele>238.246840</ele>
      </trkpt>
      <trkpt lat="48.237044" lon="14.554331">
        <ele>238.194041</ele>
      </trkpt>
      <trkpt lat="48.237098" lon="14.555058">
        <ele>237.917622</ele>
      </trkpt>
      <trkpt lat="48.237141" lon="14.555445">
        <ele>237.770562</ele>
      </trkpt>
      <trkpt lat="48.237179" lon="14.555709">
        <ele>237.669325</ele>
      </trkpt>
      <trkpt lat="48.237244" lon="14.556027">
        <ele>237.544645</ele>
      </trkpt>
      <trkpt lat="48.237429" lon="14.556444">
        <ele>237.356846</ele>
      </trkpt>
      <trkpt lat="48.237832" lon="14.556881">
        <ele>237.184437</ele>
      </trkpt>
      <trkpt lat="48.237971" lon="14.557136">
        <ele>237.257338</ele>
      </trkpt>
      <trkpt lat="48.238372" lon="14.558328">
        <ele>237.552782</ele>
      </trkpt>
      <trkpt lat="48.238472" lon="14.558912">
        <ele>237.686185</ele>
      </trkpt>
      <trkpt lat="48.238758" lon="14.561365">
        <ele>238.261362</ele>
      </trkpt>
      <trkpt lat="48.238766" lon="14.562179">
        <ele>238.398439</ele>
      </trkpt>
      <trkpt lat="48.238716" lon="14.562878">
        <ele>238.457848</ele>
      </trkpt>
      <trkpt lat="48.238594" lon="14.563694">
        <ele>238.528520</ele>
      </trkpt>
      <trkpt lat="48.238596" lon="14.563863">
        <ele>238.542804</ele>
      </trkpt>
      <trkpt lat="48.238583" lon="14.564076">
        <ele>238.560879</ele>
      </trkpt>
      <trkpt lat="48.238467" lon="14.564359">
        <ele>238.588960</ele>
      </trkpt>
      <trkpt lat="48.237955" lon="14.565238">
        <ele>238.381736</ele>
      </trkpt>
      <trkpt lat="48.237520" lon="14.565964">
        <ele>238.185871</ele>
      </trkpt>
      <trkpt lat="48.237343" lon="14.566141">
        <ele>238.121829</ele>
      </trkpt>
      <trkpt lat="48.237326" lon="14.566174">
        <ele>238.113461</ele>
      </trkpt>
      <trkpt lat="48.237145" lon="14.566532">
        <ele>238.093601</ele>
      </trkpt>
      <trkpt lat="48.236998" lon="14.566837">
        <ele>238.183914</ele>
      </trkpt>
      <trkpt lat="48.236797" lon="14.566603">
        <ele>238.275521</ele>
      </trkpt>
      <trkpt lat="48.236410" lon="14.566218">
        <ele>238.442728</ele>
      </trkpt>
      <trkpt lat="48.235849" lon="14.565793">
        <ele>238.669048</ele>
      </trkpt>
      <trkpt lat="48.235350" lon="14.565415">
        <ele>239.014982</ele>
      </trkpt>
      <trkpt lat="48.234402" lon="14.565013">
        <ele>239.676644</ele>
      </trkpt>
      <trkpt lat="48.233342" lon="14.564837">
        <ele>239.864105</ele>
      </trkpt>
      <trkpt lat="48.232885" lon="14.564862">
        <ele>239.834050</ele>
      </trkpt>
      <trkpt lat="48.232434" lon="14.564984">
        <ele>239.803932</ele>
      </trkpt>
      <trkpt lat="48.231675" lon="14.565424">
        <ele>239.281894</ele>
      </trkpt>
      <trkpt lat="48.231284" lon="14.565781">
        <ele>238.920770</ele>
      </trkpt>
      <trkpt lat="48.231064" lon="14.566058">
        <ele>238.694190</ele>
      </trkpt>
      <trkpt lat="48.230855" lon="14.566401">
        <ele>238.449841</ele>
      </trkpt>
      <trkpt lat="48.230688" lon="14.566795">
        <ele>238.269129</ele>
      </trkpt>
      <trkpt lat="48.230626" lon="14.567036">
        <ele>238.185264</ele>
      </trkpt>
      <trkpt lat="48.230443" lon="14.567750">
        <ele>237.936920</ele>
      </trkpt>
      <trkpt lat="48.230394" lon="14.567940">
        <ele>237.870781</ele>
      </trkpt>
      <trkpt lat="48.229942" lon="14.569824">
        <ele>237.547265</ele>
      </trkpt>
      <trkpt lat="48.229458" lon="14.571656">
        <ele>237.688731</ele>
      </trkpt>
      <trkpt lat="48.228906" lon="14.573499">
        <ele>238.230213</ele>
      </trkpt>
      <trkpt lat="48.228439" lon="14.574990">
        <ele>238.432219</ele>
      </trkpt>
      <trkpt lat="48.227750" lon="14.577021">
        <ele>238.387116</ele>
      </trkpt>
      <trkpt lat="48.227411" lon="14.578012">
        <ele>238.182611</ele>
      </trkpt>
      <trkpt lat="48.227360" lon="14.578202">
        <ele>238.145007</ele>
      </trkpt>
      <trkpt lat="48.227423" lon="14.578416">
        <ele>238.102057</ele>
      </trkpt>
      <trkpt lat="48.227756" lon="14.579033">
        <ele>237.953915</ele>
      </trkpt>
      <trkpt lat="48.227894" lon="14.579288">
        <ele>237.891146</ele>
      </trkpt>
      <trkpt lat="48.228132" lon="14.579738">
        <ele>237.781370</ele>
      </trkpt>
      <trkpt lat="48.228147" lon="14.579941">
        <ele>237.742348</ele>
      </trkpt>
      <trkpt lat="48.227969" lon="14.580198">
        <ele>237.671517</ele>
      </trkpt>
      <trkpt lat="48.226537" lon="14.581990">
        <ele>237.187832</ele>
      </trkpt>
      <trkpt lat="48.226334" lon="14.582268">
        <ele>237.120135</ele>
      </trkpt>
      <trkpt lat="48.225877" lon="14.582892">
        <ele>237.025639</ele>
      </trkpt>
      <trkpt lat="48.225273" lon="14.583955">
        <ele>236.947499</ele>
      </trkpt>
      <trkpt lat="48.224936" lon="14.584555">
        <ele>236.903001</ele>
      </trkpt>
      <trkpt lat="48.224351" lon="14.585590">
        <ele>236.773633</ele>
      </trkpt>
      <trkpt lat="48.223711" lon="14.586735">
        <ele>236.637128</ele>
      </trkpt>
      <trkpt lat="48.223168" lon="14.587808">
        <ele>236.556567</ele>
      </trkpt>
      <trkpt lat="48.222676" lon="14.588736">
        <ele>236.486119</ele>
      </trkpt>
      <trkpt lat="48.222142" lon="14.589632">
        <ele>236.876566</ele>
      </trkpt>
      <trkpt lat="48.221625" lon="14.590325">
        <ele>237.214470</ele>
      </trkpt>
      <trkpt lat="48.220643" lon="14.591374">
        <ele>237.645110</ele>
      </trkpt>
      <trkpt lat="48.220077" lon="14.591922">
        <ele>237.856210</ele>
      </trkpt>
      <trkpt lat="48.218942" lon="14.592801">
        <ele>237.752682</ele>
      </trkpt>
      <trkpt lat="48.218496" lon="14.593065">
        <ele>237.673699</ele>
      </trkpt>
      <trkpt lat="48.213968" lon="14.596462">
        <ele>237.523230</ele>
      </trkpt>
      <trkpt lat="48.213352" lon="14.597064">
        <ele>237.577664</ele>
      </trkpt>
      <trkpt lat="48.212609" lon="14.597935">
        <ele>237.692453</ele>
      </trkpt>
      <trkpt lat="48.211655" lon="14.598628">
        <ele>237.672330</ele>
      </trkpt>
      <trkpt lat="48.211226" lon="14.598996">
        <ele>237.515657</ele>
      </trkpt>
      <trkpt lat="48.210142" lon="14.600110">
        <ele>237.141684</ele>
      </trkpt>
      <trkpt lat="48.209447" lon="14.600700">
        <ele>236.985883</ele>
      </trkpt>
      <trkpt lat="48.209186" lon="14.600925">
        <ele>236.927152</ele>
      </trkpt>
      <trkpt lat="48.207458" lon="14.602331">
        <ele>237.517243</ele>
      </trkpt>
      <trkpt lat="48.206415" lon="14.603110">
        <ele>238.488618</ele>
      </trkpt>
      <trkpt lat="48.206468" lon="14.603584">
        <ele>238.781095</ele>
      </trkpt>
      <trkpt lat="48.206162" lon="14.603848">
        <ele>239.103396</ele>
      </trkpt>
      <trkpt lat="48.204883" lon="14.604935">
        <ele>239.783412</ele>
      </trkpt>
      <trkpt lat="48.203767" lon="14.606203">
        <ele>239.613424</ele>
      </trkpt>
      <trkpt lat="48.203270" lon="14.606147">
        <ele>239.417217</ele>
      </trkpt>
      <trkpt lat="48.200712" lon="14.609333">
        <ele>238.284296</ele>
      </trkpt>
      <trkpt lat="48.200125" lon="14.609998">
        <ele>238.140990</ele>
      </trkpt>
      <trkpt lat="48.199540" lon="14.610458">
        <ele>238.183741</ele>
      </trkpt>
      <trkpt lat="48.199173" lon="14.610732">
        <ele>238.210274</ele>
      </trkpt>
      <trkpt lat="48.198548" lon="14.611139">
        <ele>238.241381</ele>
      </trkpt>
      <trkpt lat="48.198132" lon="14.611503">
        <ele>238.129349</ele>
      </trkpt>
      <trkpt lat="48.197486" lon="14.612231">
        <ele>237.941395</ele>
      </trkpt>
      <trkpt lat="48.196890" lon="14.613074">
        <ele>237.754057</ele>
      </trkpt>
      <trkpt lat="48.196075" lon="14.614416">
        <ele>237.483543</ele>
      </trkpt>
      <trkpt lat="48.195558" lon="14.615459">
        <ele>237.433027</ele>
      </trkpt>
      <trkpt lat="48.193862" lon="14.619500">
        <ele>237.465473</ele>
      </trkpt>
      <trkpt lat="48.193348" lon="14.620639">
        <ele>237.425257</ele>
      </trkpt>
      <trkpt lat="48.192777" lon="14.621788">
        <ele>237.379075</ele>
      </trkpt>
      <trkpt lat="48.191584" lon="14.623913">
        <ele>237.187019</ele>
      </trkpt>
      <trkpt lat="48.189661" lon="14.627175">
        <ele>236.241688</ele>
      </trkpt>
      <trkpt lat="48.188024" lon="14.629622">
        <ele>235.818511</ele>
      </trkpt>
      <trkpt lat="48.186501" lon="14.631545">
        <ele>236.659157</ele>
      </trkpt>
      <trkpt lat="48.184604" lon="14.633713">
        <ele>237.583063</ele>
      </trkpt>
      <trkpt lat="48.184447" lon="14.633874">
        <ele>237.585967</ele>
      </trkpt>
      <trkpt lat="48.184406" lon="14.633912">
        <ele>237.586703</ele>
      </trkpt>
      <trkpt lat="48.183171" lon="14.635202">
        <ele>237.028861</ele>
      </trkpt>
      <trkpt lat="48.181455" lon="14.637274">
        <ele>236.028221</ele>
      </trkpt>
      <trkpt lat="48.180477" lon="14.638579">
        <ele>236.074004</ele>
      </trkpt>
      <trkpt lat="48.179060" lon="14.640317">
        <ele>236.420422</ele>
      </trkpt>
      <trkpt lat="48.178454" lon="14.641134">
        <ele>236.503550</ele>
      </trkpt>
      <trkpt lat="48.178152" lon="14.641597">
        <ele>236.420278</ele>
      </trkpt>
      <trkpt lat="48.177886" lon="14.642002">
        <ele>236.286917</ele>
      </trkpt>
      <trkpt lat="48.176794" lon="14.643768">
        <ele>235.794043</ele>
      </trkpt>
      <trkpt lat="48.175917" lon="14.645311">
        <ele>235.527863</ele>
      </trkpt>
      <trkpt lat="48.175496" lon="14.646053">
        <ele>235.418810</ele>
      </trkpt>
      <trkpt lat="48.174203" lon="14.648506">
        <ele>235.041072</ele>
      </trkpt>
      <trkpt lat="48.173013" lon="14.650962">
        <ele>234.793352</ele>
      </trkpt>
      <trkpt lat="48.171527" lon="14.654338">
        <ele>234.890700</ele>
      </trkpt>
      <trkpt lat="48.170577" lon="14.656670">
        <ele>234.935055</ele>
      </trkpt>
      <trkpt lat="48.169569" lon="14.659504">
        <ele>234.756276</ele>
      </trkpt>
      <trkpt lat="48.168885" lon="14.661565">
        <ele>234.653522</ele>
      </trkpt>
      <trkpt lat="48.168060" lon="14.664831">
        <ele>234.426095</ele>
      </trkpt>
      <trkpt lat="48.167783" lon="14.666173">
        <ele>234.338799</ele>
      </trkpt>
      <trkpt lat="48.167370" lon="14.668906">
        <ele>234.369756</ele>
      </trkpt>
      <trkpt lat="48.167115" lon="14.671623">
        <ele>234.284691</ele>
      </trkpt>
      <trkpt lat="48.167014" lon="14.673838">
        <ele>234.175558</ele>
      </trkpt>
      <trkpt lat="48.167023" lon="14.676005">
        <ele>234.343035</ele>
      </trkpt>
      <trkpt lat="48.167235" lon="14.679445">
        <ele>234.750526</ele>
      </trkpt>
      <trkpt lat="48.167611" lon="14.682327">
        <ele>234.727802</ele>
      </trkpt>
      <trkpt lat="48.168130" lon="14.685139">
        <ele>234.313142</ele>
      </trkpt>
      <trkpt lat="48.168144" lon="14.685713">
        <ele>234.231335</ele>
      </trkpt>
      <trkpt lat="48.168552" lon="14.687704">
        <ele>234.055535</ele>
      </trkpt>
      <trkpt lat="48.169013" lon="14.689117">
        <ele>234.297211</ele>
      </trkpt>
      <trkpt lat="48.169645" lon="14.691423">
        <ele>235.311189</ele>
      </trkpt>
      <trkpt lat="48.169835" lon="14.691879">
        <ele>235.584655</ele>
      </trkpt>
      <trkpt lat="48.170489" lon="14.692877">
        <ele>236.068393</ele>
      </trkpt>
      <trkpt lat="48.170771" lon="14.693308">
        <ele>236.240241</ele>
      </trkpt>
      <trkpt lat="48.170939" lon="14.693692">
        <ele>236.370952</ele>
      </trkpt>
      <trkpt lat="48.171081" lon="14.694158">
        <ele>236.516772</ele>
      </trkpt>
      <trkpt lat="48.171360" lon="14.695304">
        <ele>236.417223</ele>
      </trkpt>
      <trkpt lat="48.171393" lon="14.695414">
        <ele>236.403255</ele>
      </trkpt>
      <trkpt lat="48.171384" lon="14.695482">
        <ele>236.395227</ele>
      </trkpt>
      <trkpt lat="48.171376" lon="14.695542">
        <ele>236.388142</ele>
      </trkpt>
      <trkpt lat="48.171411" lon="14.695600">
        <ele>236.379084</ele>
      </trkpt>
      <trkpt lat="48.171425" lon="14.695622">
        <ele>236.375562</ele>
      </trkpt>
      <trkpt lat="48.171461" lon="14.695679">
        <ele>236.366472</ele>
      </trkpt>
      <trkpt lat="48.171604" lon="14.695902">
        <ele>236.330647</ele>
      </trkpt>
      <trkpt lat="48.171662" lon="14.695977">
        <ele>236.317348</ele>
      </trkpt>
      <trkpt lat="48.172263" lon="14.696736">
        <ele>236.144762</ele>
      </trkpt>
      <trkpt lat="48.172544" lon="14.697173">
        <ele>236.026707</ele>
      </trkpt>
      <trkpt lat="48.172712" lon="14.697652">
        <ele>235.921458</ele>
      </trkpt>
      <trkpt lat="48.172790" lon="14.698181">
        <ele>235.816098</ele>
      </trkpt>
      <trkpt lat="48.172834" lon="14.699518">
        <ele>235.764715</ele>
      </trkpt>
      <trkpt lat="48.172876" lon="14.700808">
        <ele>235.854682</ele>
      </trkpt>
      <trkpt lat="48.172901" lon="14.701447">
        <ele>235.906311</ele>
      </trkpt>
      <trkpt lat="48.173006" lon="14.702038">
        <ele>236.117073</ele>
      </trkpt>
      <trkpt lat="48.173242" lon="14.702523">
        <ele>236.323964</ele>
      </trkpt>
      <trkpt lat="48.173328" lon="14.702639">
        <ele>236.383736</ele>
      </trkpt>
      <trkpt lat="48.173474" lon="14.702775">
        <ele>236.472550</ele>
      </trkpt>
      <trkpt lat="48.173654" lon="14.702902">
        <ele>236.575343</ele>
      </trkpt>
      <trkpt lat="48.173821" lon="14.702966">
        <ele>236.664410</ele>
      </trkpt>
      <trkpt lat="48.174472" lon="14.702977">
        <ele>236.784981</ele>
      </trkpt>
      <trkpt lat="48.175099" lon="14.702883">
        <ele>236.706503</ele>
      </trkpt>
      <trkpt lat="48.175215" lon="14.702883">
        <ele>236.692056</ele>
      </trkpt>
      <trkpt lat="48.175287" lon="14.702897">
        <ele>236.683014</ele>
      </trkpt>
      <trkpt lat="48.175377" lon="14.702939">
        <ele>236.671274</ele>
      </trkpt>
      <trkpt lat="48.175707" lon="14.703218">
        <ele>236.624093</ele>
      </trkpt>
      <trkpt lat="48.175838" lon="14.703411">
        <ele>236.594589</ele>
      </trkpt>
      <trkpt lat="48.175914" lon="14.703553">
        <ele>236.519391</ele>
      </trkpt>
      <trkpt lat="48.176011" lon="14.703746">
        <ele>236.419579</ele>
      </trkpt>
      <trkpt lat="48.176105" lon="14.703947">
        <ele>236.318188</ele>
      </trkpt>
      <trkpt lat="48.176146" lon="14.704038">
        <ele>236.272831</ele>
      </trkpt>
      <trkpt lat="48.176540" lon="14.705142">
        <ele>235.755695</ele>
      </trkpt>
      <trkpt lat="48.176851" lon="14.705749">
        <ele>235.427248</ele>
      </trkpt>
      <trkpt lat="48.178863" lon="14.708887">
        <ele>233.469573</ele>
      </trkpt>
      <trkpt lat="48.179096" lon="14.709352">
        <ele>233.263940</ele>
      </trkpt>
      <trkpt lat="48.179735" lon="14.710876">
        <ele>233.247363</ele>
      </trkpt>
      <trkpt lat="48.179978" lon="14.711253">
        <ele>233.284600</ele>
      </trkpt>
      <trkpt lat="48.180154" lon="14.711451">
        <ele>233.308032</ele>
      </trkpt>
      <trkpt lat="48.180571" lon="14.711792">
        <ele>233.352518</ele>
      </trkpt>
      <trkpt lat="48.180531" lon="14.712446">
        <ele>233.386992</ele>
      </trkpt>
      <trkpt lat="48.180557" lon="14.713581">
        <ele>233.446605</ele>
      </trkpt>
      <trkpt lat="48.180705" lon="14.714352">
        <ele>233.400206</ele>
      </trkpt>
      <trkpt lat="48.180778" lon="14.715200">
        <ele>233.110944</ele>
      </trkpt>
      <trkpt lat="48.180947" lon="14.716391">
        <ele>232.699003</ele>
      </trkpt>
      <trkpt lat="48.181376" lon="14.718134">
        <ele>231.876439</ele>
      </trkpt>
      <trkpt lat="48.182084" lon="14.720600">
        <ele>230.895874</ele>
      </trkpt>
      <trkpt lat="48.182316" lon="14.721750">
        <ele>230.566023</ele>
      </trkpt>
      <trkpt lat="48.182399" lon="14.721828">
        <ele>230.550651</ele>
      </trkpt>
      <trkpt lat="48.182512" lon="14.721707">
        <ele>230.546593</ele>
      </trkpt>
      <trkpt lat="48.182948" lon="14.721007">
        <ele>230.527931</ele>
      </trkpt>
      <trkpt lat="48.183672" lon="14.720225">
        <ele>230.501860</ele>
      </trkpt>
      <trkpt lat="48.184049" lon="14.719930">
        <ele>230.516202</ele>
      </trkpt>
      <trkpt lat="48.184688" lon="14.719554">
        <ele>230.546959</ele>
      </trkpt>
      <trkpt lat="48.184927" lon="14.719459">
        <ele>230.558038</ele>
      </trkpt>
      <trkpt lat="48.184941" lon="14.719520">
        <ele>230.559965</ele>
      </trkpt>
      <trkpt lat="48.185007" lon="14.719930">
        <ele>230.572566</ele>
      </trkpt>
      <trkpt lat="48.185020" lon="14.720027">
        <ele>230.575522</ele>
      </trkpt>
      <trkpt lat="48.184444" lon="14.720304">
        <ele>230.727919</ele>
      </trkpt>
      <trkpt lat="48.183809" lon="14.720816">
        <ele>230.943942</ele>
      </trkpt>
      <trkpt lat="48.183165" lon="14.721556">
        <ele>231.247366</ele>
      </trkpt>
      <trkpt lat="48.182664" lon="14.722344">
        <ele>231.659351</ele>
      </trkpt>
      <trkpt lat="48.182319" lon="14.723187">
        <ele>232.033615</ele>
      </trkpt>
      <trkpt lat="48.182267" lon="14.723839">
        <ele>232.214017</ele>
      </trkpt>
      <trkpt lat="48.181945" lon="14.726208">
        <ele>232.687549</ele>
      </trkpt>
      <trkpt lat="48.181772" lon="14.727849">
        <ele>232.974304</ele>
      </trkpt>
      <trkpt lat="48.181535" lon="14.728718">
        <ele>233.136355</ele>
      </trkpt>
      <trkpt lat="48.180856" lon="14.730351">
        <ele>233.637477</ele>
      </trkpt>
      <trkpt lat="48.180545" lon="14.731013">
        <ele>233.838001</ele>
      </trkpt>
      <trkpt lat="48.179140" lon="14.734307">
        <ele>233.372620</ele>
      </trkpt>
      <trkpt lat="48.177798" lon="14.737596">
        <ele>231.955833</ele>
      </trkpt>
      <trkpt lat="48.177483" lon="14.738287">
        <ele>231.736657</ele>
      </trkpt>
      <trkpt lat="48.177162" lon="14.739296">
        <ele>231.537032</ele>
      </trkpt>
      <trkpt lat="48.176905" lon="14.741280">
        <ele>231.333235</ele>
      </trkpt>
      <trkpt lat="48.176757" lon="14.745714">
        <ele>231.132129</ele>
      </trkpt>
      <trkpt lat="48.176741" lon="14.746183">
        <ele>230.918970</ele>
      </trkpt>
      <trkpt lat="48.177335" lon="14.748763">
        <ele>229.740873</ele>
      </trkpt>
      <trkpt lat="48.177843" lon="14.751195">
        <ele>229.036970</ele>
      </trkpt>
      <trkpt lat="48.177862" lon="14.752896">
        <ele>229.176989</ele>
      </trkpt>
      <trkpt lat="48.178115" lon="14.755320">
        <ele>229.432773</ele>
      </trkpt>
      <trkpt lat="48.179351" lon="14.762256">
        <ele>229.078968</ele>
      </trkpt>
      <trkpt lat="48.180316" lon="14.766890">
        <ele>228.612740</ele>
      </trkpt>
      <trkpt lat="48.181769" lon="14.772877">
        <ele>228.776677</ele>
      </trkpt>
      <trkpt lat="48.182774" lon="14.776582">
        <ele>231.429395</ele>
      </trkpt>
      <trkpt lat="48.182684" lon="14.776749">
        <ele>231.442574</ele>
      </trkpt>
      <trkpt lat="48.183208" lon="14.779715">
        <ele>231.204844</ele>
      </trkpt>
      <trkpt lat="48.183195" lon="14.782810">
        <ele>231.094877</ele>
      </trkpt>
      <trkpt lat="48.183262" lon="14.783661">
        <ele>231.356272</ele>
      </trkpt>
      <trkpt lat="48.183389" lon="14.784461">
        <ele>231.607127</ele>
      </trkpt>
      <trkpt lat="48.183726" lon="14.785817">
        <ele>232.668706</ele>
      </trkpt>
      <trkpt lat="48.184149" lon="14.787179">
        <ele>233.708373</ele>
      </trkpt>
      <trkpt lat="48.184312" lon="14.788003">
        <ele>233.930697</ele>
      </trkpt>
      <trkpt lat="48.184827" lon="14.790255">
        <ele>234.304498</ele>
      </trkpt>
      <trkpt lat="48.186351" lon="14.795545">
        <ele>233.572908</ele>
      </trkpt>
      <trkpt lat="48.187490" lon="14.799307">
        <ele>232.336661</ele>
      </trkpt>
      <trkpt lat="48.188025" lon="14.801262">
        <ele>231.366217</ele>
      </trkpt>
      <trkpt lat="48.189561" lon="14.805354">
        <ele>229.138286</ele>
      </trkpt>
      <trkpt lat="48.189875" lon="14.806451">
        <ele>228.660250</ele>
      </trkpt>
      <trkpt lat="48.190219" lon="14.807436">
        <ele>228.454330</ele>
      </trkpt>
      <trkpt lat="48.190382" lon="14.808101">
        <ele>228.369045</ele>
      </trkpt>
      <trkpt lat="48.190547" lon="14.809400">
        <ele>228.226585</ele>
      </trkpt>
      <trkpt lat="48.190787" lon="14.810919">
        <ele>228.177809</ele>
      </trkpt>
      <trkpt lat="48.190889" lon="14.811848">
        <ele>228.148391</ele>
      </trkpt>
      <trkpt lat="48.191015" lon="14.813813">
        <ele>227.881459</ele>
      </trkpt>
      <trkpt lat="48.191178" lon="14.815037">
        <ele>227.710635</ele>
      </trkpt>
      <trkpt lat="48.191404" lon="14.816241">
        <ele>227.537287</ele>
      </trkpt>
      <trkpt lat="48.191817" lon="14.818085">
        <ele>227.497595</ele>
      </trkpt>
      <trkpt lat="48.191919" lon="14.818336">
        <ele>227.523480</ele>
      </trkpt>
      <trkpt lat="48.191927" lon="14.818355">
        <ele>227.525459</ele>
      </trkpt>
      <trkpt lat="48.192021" lon="14.818563">
        <ele>227.547587</ele>
      </trkpt>
      <trkpt lat="48.192304" lon="14.819043">
        <ele>227.604014</ele>
      </trkpt>
      <trkpt lat="48.192322" lon="14.819078">
        <ele>227.607907</ele>
      </trkpt>
      <trkpt lat="48.192180" lon="14.819265">
        <ele>227.632867</ele>
      </trkpt>
      <trkpt lat="48.191866" lon="14.819833">
        <ele>228.022780</ele>
      </trkpt>
      <trkpt lat="48.191610" lon="14.820441">
        <ele>228.481930</ele>
      </trkpt>
      <trkpt lat="48.191289" lon="14.821768">
        <ele>229.380992</ele>
      </trkpt>
      <trkpt lat="48.190901" lon="14.823574">
        <ele>230.405254</ele>
      </trkpt>
      <trkpt lat="48.190731" lon="14.825089">
        <ele>230.592568</ele>
      </trkpt>
      <trkpt lat="48.190614" lon="14.826742">
        <ele>230.083446</ele>
      </trkpt>
      <trkpt lat="48.190594" lon="14.827655">
        <ele>229.751068</ele>
      </trkpt>
      <trkpt lat="48.190664" lon="14.828722">
        <ele>229.334104</ele>
      </trkpt>
      <trkpt lat="48.190746" lon="14.829201">
        <ele>229.141776</ele>
      </trkpt>
      <trkpt lat="48.190882" lon="14.829729">
        <ele>228.967409</ele>
      </trkpt>
      <trkpt lat="48.191079" lon="14.830213">
        <ele>229.111017</ele>
      </trkpt>
      <trkpt lat="48.191352" lon="14.830735">
        <ele>229.279033</ele>
      </trkpt>
      <trkpt lat="48.191756" lon="14.831399">
        <ele>229.506689</ele>
      </trkpt>
      <trkpt lat="48.192047" lon="14.831781">
        <ele>229.691765</ele>
      </trkpt>
      <trkpt lat="48.192240" lon="14.832136">
        <ele>230.019007</ele>
      </trkpt>
      <trkpt lat="48.192539" lon="14.832456">
        <ele>230.412605</ele>
      </trkpt>
      <trkpt lat="48.192945" lon="14.833043">
        <ele>231.016860</ele>
      </trkpt>
      <trkpt lat="48.193627" lon="14.834236">
        <ele>231.928447</ele>
      </trkpt>
      <trkpt lat="48.194311" lon="14.835655">
        <ele>232.723684</ele>
      </trkpt>
      <trkpt lat="48.194583" lon="14.836309">
        <ele>232.379563</ele>
      </trkpt>
      <trkpt lat="48.194836" lon="14.837190">
        <ele>231.766507</ele>
      </trkpt>
      <trkpt lat="48.194897" lon="14.837600">
        <ele>231.498037</ele>
      </trkpt>
      <trkpt lat="48.195090" lon="14.838112">
        <ele>231.122135</ele>
      </trkpt>
      <trkpt lat="48.195035" lon="14.838335">
        <ele>230.914589</ele>
      </trkpt>
      <trkpt lat="48.194926" lon="14.838492">
        <ele>230.681035</ele>
      </trkpt>
      <trkpt lat="48.194922" lon="14.838664">
        <ele>230.503717</ele>
      </trkpt>
      <trkpt lat="48.195059" lon="14.839227">
        <ele>229.886221</ele>
      </trkpt>
      <trkpt lat="48.195110" lon="14.839438">
        <ele>229.654980</ele>
      </trkpt>
      <trkpt lat="48.195140" lon="14.839560">
        <ele>229.521005</ele>
      </trkpt>
      <trkpt lat="48.195285" lon="14.840933">
        <ele>228.245454</ele>
      </trkpt>
      <trkpt lat="48.195415" lon="14.841512">
        <ele>228.129035</ele>
      </trkpt>
      <trkpt lat="48.195617" lon="14.842159">
        <ele>227.992896</ele>
      </trkpt>
      <trkpt lat="48.195879" lon="14.842766">
        <ele>227.855102</ele>
      </trkpt>
      <trkpt lat="48.196293" lon="14.843502">
        <ele>227.884723</ele>
      </trkpt>
      <trkpt lat="48.196676" lon="14.843941">
        <ele>228.055223</ele>
      </trkpt>
      <trkpt lat="48.197092" lon="14.844304">
        <ele>228.225460</ele>
      </trkpt>
      <trkpt lat="48.197998" lon="14.844909">
        <ele>228.524258</ele>
      </trkpt>
      <trkpt lat="48.198453" lon="14.845079">
        <ele>228.640314</ele>
      </trkpt>
      <trkpt lat="48.200167" lon="14.845402">
        <ele>228.832586</ele>
      </trkpt>
      <trkpt lat="48.201167" lon="14.846021">
        <ele>228.811100</ele>
      </trkpt>
      <trkpt lat="48.202262" lon="14.846508">
        <ele>228.775096</ele>
      </trkpt>
      <trkpt lat="48.202969" lon="14.846967">
        <ele>228.766126</ele>
      </trkpt>
      <trkpt lat="48.204258" lon="14.848233">
        <ele>228.800000</ele>
      </trkpt>
      <trkpt lat="48.204878" lon="14.848954">
        <ele>228.800000</ele>
      </trkpt>
      <trkpt lat="48.206323" lon="14.850314">
        <ele>228.736375</ele>
      </trkpt>
      <trkpt lat="48.206731" lon="14.850903">
        <ele>228.686179</ele>
      </trkpt>
      <trkpt lat="48.206915" lon="14.851112">
        <ele>228.665719</ele>
      </trkpt>
      <trkpt lat="48.207399" lon="14.851537">
        <ele>228.565206</ele>
      </trkpt>
      <trkpt lat="48.208307" lon="14.852628">
        <ele>228.248563</ele>
      </trkpt>
      <trkpt lat="48.208671" lon="14.852912">
        <ele>228.146627</ele>
      </trkpt>
      <trkpt lat="48.209587" lon="14.853774">
        <ele>228.056505</ele>
      </trkpt>
      <trkpt lat="48.210911" lon="14.854719">
        <ele>227.904900</ele>
      </trkpt>
      <trkpt lat="48.211557" lon="14.855077">
        <ele>227.822202</ele>
      </trkpt>
      <trkpt lat="48.211891" lon="14.855167">
        <ele>227.775755</ele>
      </trkpt>
      <trkpt lat="48.212748" lon="14.855501">
        <ele>227.499298</ele>
      </trkpt>
      <trkpt lat="48.212943" lon="14.855566">
        <ele>227.436929</ele>
      </trkpt>
      <trkpt lat="48.213065" lon="14.855697">
        <ele>227.390090</ele>
      </trkpt>
      <trkpt lat="48.213452" lon="14.855826">
        <ele>227.266312</ele>
      </trkpt>
      <trkpt lat="48.214758" lon="14.855904">
        <ele>227.137491</ele>
      </trkpt>
      <trkpt lat="48.216954" lon="14.855543">
        <ele>227.259273</ele>
      </trkpt>
      <trkpt lat="48.218625" lon="14.855148">
        <ele>227.601845</ele>
      </trkpt>
      <trkpt lat="48.220039" lon="14.854628">
        <ele>228.779660</ele>
      </trkpt>
      <trkpt lat="48.220203" lon="14.854569">
        <ele>228.944866</ele>
      </trkpt>
      <trkpt lat="48.220438" lon="14.854505">
        <ele>229.178832</ele>
      </trkpt>
      <trkpt lat="48.220771" lon="14.854300">
        <ele>229.458847</ele>
      </trkpt>
      <trkpt lat="48.221195" lon="14.854184">
        <ele>229.565318</ele>
      </trkpt>
      <trkpt lat="48.221256" lon="14.854139">
        <ele>229.582109</ele>
      </trkpt>
      <trkpt lat="48.221287" lon="14.854057">
        <ele>229.597627</ele>
      </trkpt>
      <trkpt lat="48.221298" lon="14.853888">
        <ele>229.625575</ele>
      </trkpt>
      <trkpt lat="48.221346" lon="14.853759">
        <ele>229.649894</ele>
      </trkpt>
      <trkpt lat="48.221707" lon="14.853362">
        <ele>229.760452</ele>
      </trkpt>
      <trkpt lat="48.222078" lon="14.853317">
        <ele>229.852402</ele>
      </trkpt>
      <trkpt lat="48.222193" lon="14.853316">
        <ele>229.869608</ele>
      </trkpt>
      <trkpt lat="48.222575" lon="14.853314">
        <ele>229.460638</ele>
      </trkpt>
      <trkpt lat="48.222777" lon="14.853313">
        <ele>229.244376</ele>
      </trkpt>
      <trkpt lat="48.223598" lon="14.853346">
        <ele>228.365100</ele>
      </trkpt>
      <trkpt lat="48.223736" lon="14.853274">
        <ele>228.208687</ele>
      </trkpt>
      <trkpt lat="48.223954" lon="14.853251">
        <ele>227.974721</ele>
      </trkpt>
      <trkpt lat="48.224052" lon="14.853390">
        <ele>227.911999</ele>
      </trkpt>
      <trkpt lat="48.224164" lon="14.853465">
        <ele>227.868035</ele>
      </trkpt>
      <trkpt lat="48.224375" lon="14.853502">
        <ele>227.791883</ele>
      </trkpt>
      <trkpt lat="48.224901" lon="14.853750">
        <ele>227.594242</ele>
      </trkpt>
      <trkpt lat="48.224933" lon="14.853776">
        <ele>227.581198</ele>
      </trkpt>
      <trkpt lat="48.225158" lon="14.853755">
        <ele>227.500386</ele>
      </trkpt>
      <trkpt lat="48.225524" lon="14.854129">
        <ele>227.341667</ele>
      </trkpt>
      <trkpt lat="48.225670" lon="14.854265">
        <ele>227.307996</ele>
      </trkpt>
      <trkpt lat="48.226783" lon="14.855731">
        <ele>227.301876</ele>
      </trkpt>
      <trkpt lat="48.226824" lon="14.855830">
        <ele>227.301555</ele>
      </trkpt>
      <trkpt lat="48.226866" lon="14.855857">
        <ele>227.301366</ele>
      </trkpt>
      <trkpt lat="48.227036" lon="14.856137">
        <ele>227.337738</ele>
      </trkpt>
      <trkpt lat="48.227089" lon="14.856375">
        <ele>227.382827</ele>
      </trkpt>
      <trkpt lat="48.227365" lon="14.857015">
        <ele>227.519812</ele>
      </trkpt>
      <trkpt lat="48.227677" lon="14.857991">
        <ele>227.714321</ele>
      </trkpt>
      <trkpt lat="48.227916" lon="14.859188">
        <ele>228.341895</ele>
      </trkpt>
      <trkpt lat="48.227997" lon="14.859170">
        <ele>228.422220</ele>
      </trkpt>
      <trkpt lat="48.228050" lon="14.859158">
        <ele>228.474799</ele>
      </trkpt>
      <trkpt lat="48.228075" lon="14.859373">
        <ele>228.617424</ele>
      </trkpt>
      <trkpt lat="48.228103" lon="14.859674">
        <ele>228.816033</ele>
      </trkpt>
      <trkpt lat="48.228108" lon="14.859727">
        <ele>228.851014</ele>
      </trkpt>
      <trkpt lat="48.228144" lon="14.860264">
        <ele>229.203711</ele>
      </trkpt>
      <trkpt lat="48.228089" lon="14.860269">
        <ele>229.257763</ele>
      </trkpt>
      <trkpt lat="48.228100" lon="14.860672">
        <ele>229.521341</ele>
      </trkpt>
      <trkpt lat="48.228048" lon="14.860893">
        <ele>229.607424</ele>
      </trkpt>
      <trkpt lat="48.228032" lon="14.861193">
        <ele>229.697771</ele>
      </trkpt>
      <trkpt lat="48.228036" lon="14.861239">
        <ele>229.711697</ele>
      </trkpt>
      <trkpt lat="48.228051" lon="14.861451">
        <ele>229.775696</ele>
      </trkpt>
      <trkpt lat="48.228083" lon="14.861452">
        <ele>229.790119</ele>
      </trkpt>
      <trkpt lat="48.228099" lon="14.861658">
        <ele>229.852378</ele>
      </trkpt>
      <trkpt lat="48.228125" lon="14.862088">
        <ele>229.981992</ele>
      </trkpt>
      <trkpt lat="48.228263" lon="14.862942">
        <ele>230.245792</ele>
      </trkpt>
      <trkpt lat="48.228318" lon="14.863124">
        <ele>230.305786</ele>
      </trkpt>
      <trkpt lat="48.228429" lon="14.865131">
        <ele>229.515356</ele>
      </trkpt>
      <trkpt lat="48.228576" lon="14.868017">
        <ele>228.969404</ele>
      </trkpt>
      <trkpt lat="48.228791" lon="14.870665">
        <ele>230.631361</ele>
      </trkpt>
      <trkpt lat="48.228910" lon="14.871263">
        <ele>231.167080</ele>
      </trkpt>
      <trkpt lat="48.229023" lon="14.871567">
        <ele>231.309312</ele>
      </trkpt>
      <trkpt lat="48.229196" lon="14.871894">
        <ele>231.420418</ele>
      </trkpt>
      <trkpt lat="48.229435" lon="14.872218">
        <ele>231.549042</ele>
      </trkpt>
      <trkpt lat="48.229772" lon="14.872664">
        <ele>231.728485</ele>
      </trkpt>
      <trkpt lat="48.230053" lon="14.873034">
        <ele>231.877777</ele>
      </trkpt>
      <trkpt lat="48.230467" lon="14.873594">
        <ele>231.736744</ele>
      </trkpt>
      <trkpt lat="48.230608" lon="14.873837">
        <ele>231.604442</ele>
      </trkpt>
      <trkpt lat="48.230679" lon="14.873984">
        <ele>231.529898</ele>
      </trkpt>
      <trkpt lat="48.230793" lon="14.874284">
        <ele>231.388106</ele>
      </trkpt>
      <trkpt lat="48.230834" lon="14.874449">
        <ele>231.315807</ele>
      </trkpt>
      <trkpt lat="48.230871" lon="14.874614">
        <ele>231.244333</ele>
      </trkpt>
      <trkpt lat="48.231014" lon="14.875339">
        <ele>230.933920</ele>
      </trkpt>
      <trkpt lat="48.231095" lon="14.875622">
        <ele>230.856503</ele>
      </trkpt>
      <trkpt lat="48.231223" lon="14.875863">
        <ele>230.879851</ele>
      </trkpt>
      <trkpt lat="48.231395" lon="14.876183">
        <ele>230.910999</ele>
      </trkpt>
      <trkpt lat="48.231565" lon="14.876431">
        <ele>230.937955</ele>
      </trkpt>
      <trkpt lat="48.231877" lon="14.876876">
        <ele>230.986895</ele>
      </trkpt>
      <trkpt lat="48.232191" lon="14.877387">
        <ele>231.039558</ele>
      </trkpt>
      <trkpt lat="48.232632" lon="14.878346">
        <ele>231.335746</ele>
      </trkpt>
      <trkpt lat="48.232974" lon="14.879157">
        <ele>231.611567</ele>
      </trkpt>
      <trkpt lat="48.233195" lon="14.879736">
        <ele>231.803324</ele>
      </trkpt>
      <trkpt lat="48.233310" lon="14.880112">
        <ele>231.612710</ele>
      </trkpt>
      <trkpt lat="48.233386" lon="14.880455">
        <ele>231.370468</ele>
      </trkpt>
      <trkpt lat="48.233461" lon="14.880905">
        <ele>231.059609</ele>
      </trkpt>
      <trkpt lat="48.233493" lon="14.881157">
        <ele>230.887692</ele>
      </trkpt>
      <trkpt lat="48.233521" lon="14.881951">
        <ele>230.354857</ele>
      </trkpt>
      <trkpt lat="48.233463" lon="14.883647">
        <ele>229.181816</ele>
      </trkpt>
      <trkpt lat="48.233494" lon="14.884036">
        <ele>228.907833</ele>
      </trkpt>
      <trkpt lat="48.233566" lon="14.884774">
        <ele>228.386214</ele>
      </trkpt>
      <trkpt lat="48.233657" lon="14.885540">
        <ele>228.982131</ele>
      </trkpt>
      <trkpt lat="48.233747" lon="14.886157">
        <ele>230.281146</ele>
      </trkpt>
      <trkpt lat="48.233794" lon="14.886624">
        <ele>231.252495</ele>
      </trkpt>
      <trkpt lat="48.233795" lon="14.886707">
        <ele>231.423224</ele>
      </trkpt>
      <trkpt lat="48.233798" lon="14.886957">
        <ele>231.937465</ele>
      </trkpt>
      <trkpt lat="48.233782" lon="14.887198">
        <ele>232.435570</ele>
      </trkpt>
      <trkpt lat="48.233760" lon="14.887364">
        <ele>232.783663</ele>
      </trkpt>
      <trkpt lat="48.233721" lon="14.887590">
        <ele>233.263807</ele>
      </trkpt>
      <trkpt lat="48.233674" lon="14.887793">
        <ele>233.712023</ele>
      </trkpt>
      <trkpt lat="48.233489" lon="14.888416">
        <ele>235.531349</ele>
      </trkpt>
      <trkpt lat="48.233407" lon="14.888664">
        <ele>236.269834</ele>
      </trkpt>
      <trkpt lat="48.233315" lon="14.888891">
        <ele>236.978563</ele>
      </trkpt>
      <trkpt lat="48.233175" lon="14.889177">
        <ele>237.925230</ele>
      </trkpt>
      <trkpt lat="48.233031" lon="14.889410">
        <ele>238.772996</ele>
      </trkpt>
      <trkpt lat="48.232934" lon="14.889545">
        <ele>239.302640</ele>
      </trkpt>
      <trkpt lat="48.232599" lon="14.889913">
        <ele>240.869791</ele>
      </trkpt>
      <trkpt lat="48.232501" lon="14.889993">
        <ele>240.770257</ele>
      </trkpt>
      <trkpt lat="48.232408" lon="14.890069">
        <ele>240.675778</ele>
      </trkpt>
      <trkpt lat="48.232151" lon="14.890233">
        <ele>240.426609</ele>
      </trkpt>
      <trkpt lat="48.231743" lon="14.890450">
        <ele>240.040391</ele>
      </trkpt>
      <trkpt lat="48.231324" lon="14.890712">
        <ele>239.635396</ele>
      </trkpt>
      <trkpt lat="48.231152" lon="14.890847">
        <ele>239.462215</ele>
      </trkpt>
      <trkpt lat="48.230986" lon="14.890978">
        <ele>239.294880</ele>
      </trkpt>
      <trkpt lat="48.230540" lon="14.891336">
        <ele>237.968732</ele>
      </trkpt>
      <trkpt lat="48.229978" lon="14.891704">
        <ele>236.330436</ele>
      </trkpt>
      <trkpt lat="48.229796" lon="14.891843">
        <ele>235.784815</ele>
      </trkpt>
      <trkpt lat="48.229637" lon="14.892000">
        <ele>235.276301</ele>
      </trkpt>
      <trkpt lat="48.229495" lon="14.892192">
        <ele>234.765660</ele>
      </trkpt>
      <trkpt lat="48.229477" lon="14.892560">
        <ele>234.283582</ele>
      </trkpt>
      <trkpt lat="48.229413" lon="14.893135">
        <ele>233.739350</ele>
      </trkpt>
      <trkpt lat="48.229386" lon="14.893393">
        <ele>233.495540</ele>
      </trkpt>
      <trkpt lat="48.229455" lon="14.893913">
        <ele>233.000556</ele>
      </trkpt>
      <trkpt lat="48.229463" lon="14.894037">
        <ele>232.884255</ele>
      </trkpt>
      <trkpt lat="48.229435" lon="14.894322">
        <ele>232.615315</ele>
      </trkpt>
      <trkpt lat="48.229435" lon="14.894556">
        <ele>232.396864</ele>
      </trkpt>
      <trkpt lat="48.229471" lon="14.894843">
        <ele>232.124227</ele>
      </trkpt>
      <trkpt lat="48.229459" lon="14.895408">
        <ele>231.702835</ele>
      </trkpt>
      <trkpt lat="48.229512" lon="14.895667">
        <ele>231.524786</ele>
      </trkpt>
      <trkpt lat="48.229559" lon="14.895792">
        <ele>231.430461</ele>
      </trkpt>
      <trkpt lat="48.229853" lon="14.896513">
        <ele>230.874943</ele>
      </trkpt>
      <trkpt lat="48.230150" lon="14.896847">
        <ele>230.508865</ele>
      </trkpt>
      <trkpt lat="48.230604" lon="14.896962">
        <ele>230.126545</ele>
      </trkpt>
      <trkpt lat="48.231110" lon="14.898120">
        <ele>229.732999</ele>
      </trkpt>
      <trkpt lat="48.231177" lon="14.898564">
        <ele>229.603633</ele>
      </trkpt>
      <trkpt lat="48.231167" lon="14.898639">
        <ele>229.581898</ele>
      </trkpt>
      <trkpt lat="48.231128" lon="14.898946">
        <ele>229.493087</ele>
      </trkpt>
      <trkpt lat="48.231049" lon="14.899360">
        <ele>229.435622</ele>
      </trkpt>
      <trkpt lat="48.231028" lon="14.899532">
        <ele>229.460410</ele>
      </trkpt>
      <trkpt lat="48.231007" lon="14.899771">
        <ele>229.494584</ele>
      </trkpt>
      <trkpt lat="48.231136" lon="14.900144">
        <ele>229.554162</ele>
      </trkpt>
      <trkpt lat="48.231757" lon="14.902075">
        <ele>229.760729</ele>
      </trkpt>
      <trkpt lat="48.231874" lon="14.902633">
        <ele>229.711982</ele>
      </trkpt>
      <trkpt lat="48.231886" lon="14.902786">
        <ele>229.699145</ele>
      </trkpt>
      <trkpt lat="48.231890" lon="14.903195">
        <ele>229.665060</ele>
      </trkpt>
      <trkpt lat="48.231889" lon="14.903774">
        <ele>229.616813</ele>
      </trkpt>
      <trkpt lat="48.231925" lon="14.904142">
        <ele>229.585819</ele>
      </trkpt>
      <trkpt lat="48.231978" lon="14.904473">
        <ele>229.513711</ele>
      </trkpt>
      <trkpt lat="48.232084" lon="14.904802">
        <ele>229.390320</ele>
      </trkpt>
      <trkpt lat="48.232200" lon="14.905116">
        <ele>229.269093</ele>
      </trkpt>
      <trkpt lat="48.232246" lon="14.905237">
        <ele>229.222055</ele>
      </trkpt>
      <trkpt lat="48.232288" lon="14.905360">
        <ele>229.175388</ele>
      </trkpt>
      <trkpt lat="48.232347" lon="14.905567">
        <ele>229.099370</ele>
      </trkpt>
      <trkpt lat="48.232373" lon="14.905697">
        <ele>229.053543</ele>
      </trkpt>
      <trkpt lat="48.232399" lon="14.905976">
        <ele>228.958428</ele>
      </trkpt>
      <trkpt lat="48.232371" lon="14.906868">
        <ele>228.660790</ele>
      </trkpt>
      <trkpt lat="48.232369" lon="14.906976">
        <ele>228.668428</ele>
      </trkpt>
      <trkpt lat="48.232377" lon="14.907227">
        <ele>228.686193</ele>
      </trkpt>
      <trkpt lat="48.232420" lon="14.907522">
        <ele>228.707541</ele>
      </trkpt>
      <trkpt lat="48.232489" lon="14.907783">
        <ele>228.727392</ele>
      </trkpt>
      <trkpt lat="48.232839" lon="14.908734">
        <ele>228.804201</ele>
      </trkpt>
      <trkpt lat="48.232925" lon="14.909050">
        <ele>228.828333</ele>
      </trkpt>
      <trkpt lat="48.233238" lon="14.910696">
        <ele>228.829241</ele>
      </trkpt>
      <trkpt lat="48.233292" lon="14.911172">
        <ele>228.821683</ele>
      </trkpt>
      <trkpt lat="48.233345" lon="14.911979">
        <ele>228.808991</ele>
      </trkpt>
      <trkpt lat="48.233379" lon="14.912609">
        <ele>228.608517</ele>
      </trkpt>
      <trkpt lat="48.233415" lon="14.912920">
        <ele>228.505999</ele>
      </trkpt>
      <trkpt lat="48.233425" lon="14.912975">
        <ele>228.487483</ele>
      </trkpt>
      <trkpt lat="48.233649" lon="14.914226">
        <ele>228.066772</ele>
      </trkpt>
      <trkpt lat="48.233696" lon="14.915004">
        <ele>228.232137</ele>
      </trkpt>
      <trkpt lat="48.233692" lon="14.915500">
        <ele>228.639732</ele>
      </trkpt>
      <trkpt lat="48.233444" lon="14.916783">
        <ele>229.737472</ele>
      </trkpt>
      <trkpt lat="48.233352" lon="14.918253">
        <ele>230.762613</ele>
      </trkpt>
      <trkpt lat="48.233165" lon="14.919572">
        <ele>231.610227</ele>
      </trkpt>
      <trkpt lat="48.233008" lon="14.921562">
        <ele>231.031306</ele>
      </trkpt>
      <trkpt lat="48.232819" lon="14.922882">
        <ele>230.510711</ele>
      </trkpt>
      <trkpt lat="48.232677" lon="14.924596">
        <ele>230.629403</ele>
      </trkpt>
      <trkpt lat="48.232597" lon="14.925228">
        <ele>230.673611</ele>
      </trkpt>
      <trkpt lat="48.232556" lon="14.925954">
        <ele>231.499891</ele>
      </trkpt>
      <trkpt lat="48.232601" lon="14.927565">
        <ele>233.465767</ele>
      </trkpt>
      <trkpt lat="48.232586" lon="14.928014">
        <ele>233.975310</ele>
      </trkpt>
      <trkpt lat="48.232544" lon="14.928473">
        <ele>234.049677</ele>
      </trkpt>
      <trkpt lat="48.232330" lon="14.929798">
        <ele>234.268519</ele>
      </trkpt>
      <trkpt lat="48.232301" lon="14.930191">
        <ele>234.331987</ele>
      </trkpt>
      <trkpt lat="48.232311" lon="14.930686">
        <ele>234.344760</ele>
      </trkpt>
      <trkpt lat="48.232356" lon="14.931370">
        <ele>233.598729</ele>
      </trkpt>
      <trkpt lat="48.232274" lon="14.933950">
        <ele>230.759718</ele>
      </trkpt>
      <trkpt lat="48.232091" lon="14.934958">
        <ele>229.566285</ele>
      </trkpt>
      <trkpt lat="48.232028" lon="14.935366">
        <ele>229.087869</ele>
      </trkpt>
      <trkpt lat="48.232016" lon="14.935506">
        <ele>228.926629</ele>
      </trkpt>
      <trkpt lat="48.232047" lon="14.936852">
        <ele>228.272756</ele>
      </trkpt>
      <trkpt lat="48.232026" lon="14.937888">
        <ele>228.136684</ele>
      </trkpt>
      <trkpt lat="48.231850" lon="14.939105">
        <ele>228.189332</ele>
      </trkpt>
      <trkpt lat="48.231767" lon="14.939621">
        <ele>228.370936</ele>
      </trkpt>
      <trkpt lat="48.231639" lon="14.940126">
        <ele>228.555787</ele>
      </trkpt>
      <trkpt lat="48.231485" lon="14.940501">
        <ele>228.706501</ele>
      </trkpt>
      <trkpt lat="48.231449" lon="14.940564">
        <ele>228.734899</ele>
      </trkpt>
      <trkpt lat="48.231257" lon="14.940877">
        <ele>228.880468</ele>
      </trkpt>
      <trkpt lat="48.230927" lon="14.941289">
        <ele>229.127386</ele>
      </trkpt>
      <trkpt lat="48.230873" lon="14.941362">
        <ele>229.171571</ele>
      </trkpt>
      <trkpt lat="48.230841" lon="14.941404">
        <ele>229.197416</ele>
      </trkpt>
      <trkpt lat="48.230625" lon="14.941712">
        <ele>229.378555</ele>
      </trkpt>
      <trkpt lat="48.230463" lon="14.941949">
        <ele>229.516095</ele>
      </trkpt>
      <trkpt lat="48.230281" lon="14.942231">
        <ele>229.675130</ele>
      </trkpt>
      <trkpt lat="48.230179" lon="14.942397">
        <ele>229.766602</ele>
      </trkpt>
      <trkpt lat="48.229958" lon="14.942768">
        <ele>229.968189</ele>
      </trkpt>
      <trkpt lat="48.229776" lon="14.943096">
        <ele>230.325384</ele>
      </trkpt>
      <trkpt lat="48.229695" lon="14.943241">
        <ele>230.558014</ele>
      </trkpt>
      <trkpt lat="48.229204" lon="14.944226">
        <ele>232.070370</ele>
      </trkpt>
      <trkpt lat="48.228934" lon="14.944845">
        <ele>232.979935</ele>
      </trkpt>
      <trkpt lat="48.228867" lon="14.945014">
        <ele>233.221700</ele>
      </trkpt>
      <trkpt lat="48.228677" lon="14.945153">
        <ele>233.956107</ele>
      </trkpt>
      <trkpt lat="48.227664" lon="14.946330">
        <ele>239.684008</ele>
      </trkpt>
      <trkpt lat="48.227370" lon="14.946739">
        <ele>241.465442</ele>
      </trkpt>
      <trkpt lat="48.227025" lon="14.947097">
        <ele>243.021468</ele>
      </trkpt>
      <trkpt lat="48.226959" lon="14.947227">
        <ele>243.425441</ele>
      </trkpt>
      <trkpt lat="48.226896" lon="14.947388">
        <ele>243.886932</ele>
      </trkpt>
      <trkpt lat="48.226368" lon="14.947530">
        <ele>245.877031</ele>
      </trkpt>
      <trkpt lat="48.225617" lon="14.947729">
        <ele>248.009349</ele>
      </trkpt>
      <trkpt lat="48.225182" lon="14.947935">
        <ele>247.802220</ele>
      </trkpt>
      <trkpt lat="48.224143" lon="14.948749">
        <ele>247.270013</ele>
      </trkpt>
      <trkpt lat="48.223732" lon="14.949019">
        <ele>246.536961</ele>
      </trkpt>
      <trkpt lat="48.223085" lon="14.949517">
        <ele>245.342907</ele>
      </trkpt>
      <trkpt lat="48.222452" lon="14.950084">
        <ele>244.046201</ele>
      </trkpt>
      <trkpt lat="48.221638" lon="14.950824">
        <ele>241.745573</ele>
      </trkpt>
      <trkpt lat="48.220885" lon="14.951429">
        <ele>239.517002</ele>
      </trkpt>
      <trkpt lat="48.220322" lon="14.951727">
        <ele>237.246914</ele>
      </trkpt>
      <trkpt lat="48.219647" lon="14.951897">
        <ele>234.644276</ele>
      </trkpt>
      <trkpt lat="48.219261" lon="14.952006">
        <ele>233.150721</ele>
      </trkpt>
      <trkpt lat="48.219109" lon="14.952075">
        <ele>232.784648</ele>
      </trkpt>
      <trkpt lat="48.218835" lon="14.952234">
        <ele>232.125280</ele>
      </trkpt>
      <trkpt lat="48.217681" lon="14.953281">
        <ele>229.098602</ele>
      </trkpt>
      <trkpt lat="48.217262" lon="14.953583">
        <ele>229.160382</ele>
      </trkpt>
      <trkpt lat="48.216178" lon="14.954236">
        <ele>229.338474</ele>
      </trkpt>
      <trkpt lat="48.215760" lon="14.954546">
        <ele>229.984885</ele>
      </trkpt>
      <trkpt lat="48.215554" lon="14.954729">
        <ele>230.485576</ele>
      </trkpt>
      <trkpt lat="48.215327" lon="14.954931">
        <ele>231.037553</ele>
      </trkpt>
      <trkpt lat="48.215143" lon="14.955085">
        <ele>231.478205</ele>
      </trkpt>
      <trkpt lat="48.214707" lon="14.955341">
        <ele>232.457444</ele>
      </trkpt>
      <trkpt lat="48.214046" lon="14.955563">
        <ele>233.858910</ele>
      </trkpt>
      <trkpt lat="48.213860" lon="14.955658">
        <ele>234.261469</ele>
      </trkpt>
      <trkpt lat="48.213673" lon="14.955771">
        <ele>234.674506</ele>
      </trkpt>
      <trkpt lat="48.213208" lon="14.956079">
        <ele>235.715912</ele>
      </trkpt>
      <trkpt lat="48.212287" lon="14.956363">
        <ele>236.944008</ele>
      </trkpt>
      <trkpt lat="48.211982" lon="14.956521">
        <ele>237.049414</ele>
      </trkpt>
      <trkpt lat="48.211135" lon="14.957120">
        <ele>237.355297</ele>
      </trkpt>
      <trkpt lat="48.210617" lon="14.957315">
        <ele>236.675468</ele>
      </trkpt>
      <trkpt lat="48.210370" lon="14.957369">
        <ele>236.223797</ele>
      </trkpt>
      <trkpt lat="48.209998" lon="14.957473">
        <ele>235.539072</ele>
      </trkpt>
      <trkpt lat="48.209456" lon="14.957703">
        <ele>234.519848</ele>
      </trkpt>
      <trkpt lat="48.208933" lon="14.958031">
        <ele>233.631670</ele>
      </trkpt>
      <trkpt lat="48.208665" lon="14.958238">
        <ele>233.201599</ele>
      </trkpt>
      <trkpt lat="48.207799" lon="14.959104">
        <ele>231.716726</ele>
      </trkpt>
      <trkpt lat="48.207624" lon="14.959263">
        <ele>231.489737</ele>
      </trkpt>
      <trkpt lat="48.207233" lon="14.959622">
        <ele>231.112698</ele>
      </trkpt>
      <trkpt lat="48.206949" lon="14.959865">
        <ele>230.843790</ele>
      </trkpt>
      <trkpt lat="48.206908" lon="14.959903">
        <ele>230.804151</ele>
      </trkpt>
      <trkpt lat="48.206631" lon="14.960157">
        <ele>230.537135</ele>
      </trkpt>
      <trkpt lat="48.206507" lon="14.960178">
        <ele>230.434494</ele>
      </trkpt>
      <trkpt lat="48.206364" lon="14.960200">
        <ele>230.316256</ele>
      </trkpt>
      <trkpt lat="48.206252" lon="14.960270">
        <ele>230.216461</ele>
      </trkpt>
      <trkpt lat="48.205339" lon="14.961100">
        <ele>229.322981</ele>
      </trkpt>
      <trkpt lat="48.204809" lon="14.961690">
        <ele>228.769144</ele>
      </trkpt>
      <trkpt lat="48.204356" lon="14.962322">
        <ele>228.392648</ele>
      </trkpt>
      <trkpt lat="48.203888" lon="14.963031">
        <ele>228.069214</ele>
      </trkpt>
      <trkpt lat="48.203322" lon="14.964117">
        <ele>227.681749</ele>
      </trkpt>
      <trkpt lat="48.202822" lon="14.965352">
        <ele>227.515347</ele>
      </trkpt>
      <trkpt lat="48.202726" lon="14.965675">
        <ele>227.474620</ele>
      </trkpt>
      <trkpt lat="48.202719" lon="14.965767">
        <ele>227.463956</ele>
      </trkpt>
      <trkpt lat="48.202669" lon="14.965946">
        <ele>227.441606</ele>
      </trkpt>
      <trkpt lat="48.202204" lon="14.968162">
        <ele>227.370652</ele>
      </trkpt>
      <trkpt lat="48.201959" lon="14.968904">
        <ele>227.371312</ele>
      </trkpt>
      <trkpt lat="48.201601" lon="14.970208">
        <ele>227.512201</ele>
      </trkpt>
      <trkpt lat="48.201342" lon="14.971584">
        <ele>227.722761</ele>
      </trkpt>
      <trkpt lat="48.201186" lon="14.972213">
        <ele>227.961311</ele>
      </trkpt>
      <trkpt lat="48.200768" lon="14.973604">
        <ele>228.503660</ele>
      </trkpt>
      <trkpt lat="48.200362" lon="14.974761">
        <ele>228.881982</ele>
      </trkpt>
      <trkpt lat="48.200209" lon="14.975547">
        <ele>229.106943</ele>
      </trkpt>
      <trkpt lat="48.199879" lon="14.976470">
        <ele>229.298220</ele>
      </trkpt>
      <trkpt lat="48.199659" lon="14.976774">
        <ele>229.240114</ele>
      </trkpt>
      <trkpt lat="48.199092" lon="14.977885">
        <ele>229.058920</ele>
      </trkpt>
      <trkpt lat="48.198752" lon="14.978749">
        <ele>228.842031</ele>
      </trkpt>
      <trkpt lat="48.198628" lon="14.979162">
        <ele>228.682768</ele>
      </trkpt>
      <trkpt lat="48.198371" lon="14.980395">
        <ele>228.228541</ele>
      </trkpt>
      <trkpt lat="48.198389" lon="14.980596">
        <ele>228.157234</ele>
      </trkpt>
      <trkpt lat="48.198368" lon="14.980828">
        <ele>228.074913</ele>
      </trkpt>
      <trkpt lat="48.198288" lon="14.981066">
        <ele>227.996579</ele>
      </trkpt>
      <trkpt lat="48.197975" lon="14.982538">
        <ele>227.621389</ele>
      </trkpt>
      <trkpt lat="48.197945" lon="14.983239">
        <ele>227.450816</ele>
      </trkpt>
      <trkpt lat="48.197857" lon="14.983915">
        <ele>227.356605</ele>
      </trkpt>
      <trkpt lat="48.197661" lon="14.986085">
        <ele>227.246516</ele>
      </trkpt>
      <trkpt lat="48.197631" lon="14.986456">
        <ele>227.270753</ele>
      </trkpt>
      <trkpt lat="48.197560" lon="14.987295">
        <ele>227.377067</ele>
      </trkpt>
      <trkpt lat="48.197249" lon="14.990719">
        <ele>227.804126</ele>
      </trkpt>
      <trkpt lat="48.197172" lon="14.991274">
        <ele>227.873137</ele>
      </trkpt>
      <trkpt lat="48.196880" lon="14.994392">
        <ele>228.037697</ele>
      </trkpt>
      <trkpt lat="48.196704" lon="14.995937">
        <ele>228.208581</ele>
      </trkpt>
      <trkpt lat="48.196567" lon="14.998467">
        <ele>228.287962</ele>
      </trkpt>
      <trkpt lat="48.196514" lon="14.998733">
        <ele>228.283413</ele>
      </trkpt>
      <trkpt lat="48.196462" lon="14.999092">
        <ele>228.277392</ele>
      </trkpt>
      <trkpt lat="48.196177" lon="15.001456">
        <ele>227.965871</ele>
      </trkpt>
      <trkpt lat="48.196054" lon="15.002184">
        <ele>227.847259</ele>
      </trkpt>
      <trkpt lat="48.196050" lon="15.002395">
        <ele>227.892820</ele>
      </trkpt>
      <trkpt lat="48.195890" lon="15.003171">
        <ele>228.108133</ele>
      </trkpt>
      <trkpt lat="48.195880" lon="15.003213">
        <ele>228.119955</ele>
      </trkpt>
      <trkpt lat="48.195817" lon="15.003465">
        <ele>228.191298</ele>
      </trkpt>
      <trkpt lat="48.195225" lon="15.006052">
        <ele>229.044277</ele>
      </trkpt>
      <trkpt lat="48.195084" lon="15.006790">
        <ele>229.320570</ele>
      </trkpt>
      <trkpt lat="48.194955" lon="15.007728">
        <ele>229.402943</ele>
      </trkpt>
      <trkpt lat="48.194623" lon="15.011438">
        <ele>227.696150</ele>
      </trkpt>
      <trkpt lat="48.194625" lon="15.012826">
        <ele>226.862534</ele>
      </trkpt>
      <trkpt lat="48.194510" lon="15.014534">
        <ele>226.821861</ele>
      </trkpt>
      <trkpt lat="48.194505" lon="15.015418">
        <ele>226.808761</ele>
      </trkpt>
      <trkpt lat="48.194555" lon="15.015435">
        <ele>226.850123</ele>
      </trkpt>
      <trkpt lat="48.194765" lon="15.015445">
        <ele>227.019630</ele>
      </trkpt>
      <trkpt lat="48.194829" lon="15.015450">
        <ele>227.071334</ele>
      </trkpt>
      <trkpt lat="48.194888" lon="15.015483">
        <ele>227.122134</ele>
      </trkpt>
      <trkpt lat="48.194949" lon="15.015574">
        <ele>227.191539</ele>
      </trkpt>
      <trkpt lat="48.194958" lon="15.015601">
        <ele>227.207774</ele>
      </trkpt>
      <trkpt lat="48.195019" lon="15.015801">
        <ele>227.326056</ele>
      </trkpt>
      <trkpt lat="48.195162" lon="15.016980">
        <ele>227.970524</ele>
      </trkpt>
      <trkpt lat="48.195489" lon="15.018663">
        <ele>228.382491</ele>
      </trkpt>
      <trkpt lat="48.195566" lon="15.019052">
        <ele>228.425462</ele>
      </trkpt>
      <trkpt lat="48.195672" lon="15.019592">
        <ele>228.485074</ele>
      </trkpt>
      <trkpt lat="48.195741" lon="15.019824">
        <ele>228.511976</ele>
      </trkpt>
      <trkpt lat="48.195819" lon="15.020088">
        <ele>228.547016</ele>
      </trkpt>
      <trkpt lat="48.195937" lon="15.020873">
        <ele>228.717160</ele>
      </trkpt>
      <trkpt lat="48.196014" lon="15.021199">
        <ele>228.790287</ele>
      </trkpt>
      <trkpt lat="48.196363" lon="15.022153">
        <ele>229.020375</ele>
      </trkpt>
      <trkpt lat="48.196383" lon="15.022334">
        <ele>229.059167</ele>
      </trkpt>
      <trkpt lat="48.196495" lon="15.023339">
        <ele>229.576905</ele>
      </trkpt>
      <trkpt lat="48.196513" lon="15.023430">
        <ele>229.633520</ele>
      </trkpt>
      <trkpt lat="48.196567" lon="15.023586">
        <ele>229.738363</ele>
      </trkpt>
      <trkpt lat="48.196789" lon="15.023988">
        <ele>230.049726</ele>
      </trkpt>
      <trkpt lat="48.196860" lon="15.024143">
        <ele>230.161898</ele>
      </trkpt>
      <trkpt lat="48.197029" lon="15.024511">
        <ele>230.428434</ele>
      </trkpt>
      <trkpt lat="48.197126" lon="15.024660">
        <ele>230.552655</ele>
      </trkpt>
      <trkpt lat="48.197209" lon="15.024874">
        <ele>230.700325</ele>
      </trkpt>
      <trkpt lat="48.197317" lon="15.025416">
        <ele>230.864689</ele>
      </trkpt>
      <trkpt lat="48.197670" lon="15.026276">
        <ele>231.141076</ele>
      </trkpt>
      <trkpt lat="48.197716" lon="15.026405">
        <ele>231.181112</ele>
      </trkpt>
      <trkpt lat="48.197910" lon="15.027024">
        <ele>231.368295</ele>
      </trkpt>
      <trkpt lat="48.198053" lon="15.027519">
        <ele>231.526069</ele>
      </trkpt>
      <trkpt lat="48.198134" lon="15.027764">
        <ele>231.613660</ele>
      </trkpt>
      <trkpt lat="48.198238" lon="15.028080">
        <ele>231.726532</ele>
      </trkpt>
      <trkpt lat="48.198463" lon="15.028800">
        <ele>231.981217</ele>
      </trkpt>
      <trkpt lat="48.198558" lon="15.029135">
        <ele>232.097816</ele>
      </trkpt>
      <trkpt lat="48.198686" lon="15.029589">
        <ele>232.255693</ele>
      </trkpt>
      <trkpt lat="48.198786" lon="15.029966">
        <ele>232.352812</ele>
      </trkpt>
      <trkpt lat="48.198872" lon="15.030336">
        <ele>232.414909</ele>
      </trkpt>
      <trkpt lat="48.198881" lon="15.030398">
        <ele>232.424965</ele>
      </trkpt>
      <trkpt lat="48.198868" lon="15.030945">
        <ele>232.511703</ele>
      </trkpt>
      <trkpt lat="48.198872" lon="15.031131">
        <ele>232.541194</ele>
      </trkpt>
      <trkpt lat="48.198895" lon="15.031261">
        <ele>232.562509</ele>
      </trkpt>
      <trkpt lat="48.198986" lon="15.031600">
        <ele>232.620423</ele>
      </trkpt>
      <trkpt lat="48.199130" lon="15.032150">
        <ele>232.714065</ele>
      </trkpt>
      <trkpt lat="48.199311" lon="15.032991">
        <ele>232.252411</ele>
      </trkpt>
      <trkpt lat="48.199318" lon="15.033134">
        <ele>232.145950</ele>
      </trkpt>
      <trkpt lat="48.199264" lon="15.033451">
        <ele>231.903017</ele>
      </trkpt>
      <trkpt lat="48.199031" lon="15.033982">
        <ele>231.430992</ele>
      </trkpt>
      <trkpt lat="48.198960" lon="15.034117">
        <ele>231.303311</ele>
      </trkpt>
      <trkpt lat="48.198905" lon="15.034207">
        <ele>231.212652</ele>
      </trkpt>
      <trkpt lat="48.198860" lon="15.034309">
        <ele>231.121831</ele>
      </trkpt>
      <trkpt lat="48.198798" lon="15.034612">
        <ele>230.886494</ele>
      </trkpt>
      <trkpt lat="48.198809" lon="15.034964">
        <ele>230.718946</ele>
      </trkpt>
      <trkpt lat="48.198866" lon="15.035262">
        <ele>230.669480</ele>
      </trkpt>
      <trkpt lat="48.198950" lon="15.035911">
        <ele>230.563994</ele>
      </trkpt>
      <trkpt lat="48.199089" lon="15.037689">
        <ele>230.438392</ele>
      </trkpt>
      <trkpt lat="48.199091" lon="15.037903">
        <ele>230.556938</ele>
      </trkpt>
      <trkpt lat="48.199012" lon="15.038370">
        <ele>230.823811</ele>
      </trkpt>
      <trkpt lat="48.199006" lon="15.038729">
        <ele>231.022724</ele>
      </trkpt>
      <trkpt lat="48.199138" lon="15.039276">
        <ele>231.344953</ele>
      </trkpt>
      <trkpt lat="48.199181" lon="15.039650">
        <ele>231.555170</ele>
      </trkpt>
      <trkpt lat="48.199169" lon="15.040026">
        <ele>231.763675</ele>
      </trkpt>
      <trkpt lat="48.198970" lon="15.041182">
        <ele>231.658265</ele>
      </trkpt>
      <trkpt lat="48.198890" lon="15.042248">
        <ele>231.513072</ele>
      </trkpt>
      <trkpt lat="48.198862" lon="15.042501">
        <ele>231.478360</ele>
      </trkpt>
      <trkpt lat="48.198801" lon="15.042623">
        <ele>231.457718</ele>
      </trkpt>
      <trkpt lat="48.198774" lon="15.042683">
        <ele>231.447920</ele>
      </trkpt>
      <trkpt lat="48.198699" lon="15.042778">
        <ele>231.380950</ele>
      </trkpt>
      <trkpt lat="48.198609" lon="15.042822">
        <ele>231.303803</ele>
      </trkpt>
      <trkpt lat="48.198565" lon="15.042861">
        <ele>231.262152</ele>
      </trkpt>
      <trkpt lat="48.198560" lon="15.043092">
        <ele>231.136597</ele>
      </trkpt>
      <trkpt lat="48.198531" lon="15.043730">
        <ele>230.789205</ele>
      </trkpt>
      <trkpt lat="48.198433" lon="15.044724">
        <ele>230.243347</ele>
      </trkpt>
      <trkpt lat="48.198381" lon="15.044795">
        <ele>230.186043</ele>
      </trkpt>
      <trkpt lat="48.198359" lon="15.044869">
        <ele>230.142026</ele>
      </trkpt>
      <trkpt lat="48.198380" lon="15.045063">
        <ele>230.035256</ele>
      </trkpt>
      <trkpt lat="48.198298" lon="15.046463">
        <ele>230.155802</ele>
      </trkpt>
      <trkpt lat="48.198380" lon="15.049278">
        <ele>230.671142</ele>
      </trkpt>
      <trkpt lat="48.198379" lon="15.050984">
        <ele>230.978022</ele>
      </trkpt>
      <trkpt lat="48.198297" lon="15.052478">
        <ele>231.030738</ele>
      </trkpt>
      <trkpt lat="48.198212" lon="15.053389">
        <ele>231.008811</ele>
      </trkpt>
      <trkpt lat="48.197833" lon="15.056437">
        <ele>229.751703</ele>
      </trkpt>
      <trkpt lat="48.197799" lon="15.056688">
        <ele>229.563452</ele>
      </trkpt>
      <trkpt lat="48.197769" lon="15.056895">
        <ele>229.407757</ele>
      </trkpt>
      <trkpt lat="48.197722" lon="15.057280">
        <ele>229.120083</ele>
      </trkpt>
      <trkpt lat="48.197570" lon="15.058118">
        <ele>228.481771</ele>
      </trkpt>
      <trkpt lat="48.196789" lon="15.061063">
        <ele>227.112979</ele>
      </trkpt>
      <trkpt lat="48.196611" lon="15.061871">
        <ele>227.712409</ele>
      </trkpt>
      <trkpt lat="48.196481" lon="15.062752">
        <ele>228.348008</ele>
      </trkpt>
      <trkpt lat="48.196018" lon="15.064752">
        <ele>229.532228</ele>
      </trkpt>
      <trkpt lat="48.195850" lon="15.065236">
        <ele>229.779438</ele>
      </trkpt>
      <trkpt lat="48.195506" lon="15.066051">
        <ele>230.172630</ele>
      </trkpt>
      <trkpt lat="48.194206" lon="15.068793">
        <ele>227.518125</ele>
      </trkpt>
      <trkpt lat="48.193097" lon="15.070640">
        <ele>226.554476</ele>
      </trkpt>
      <trkpt lat="48.192264" lon="15.072270">
        <ele>227.392375</ele>
      </trkpt>
      <trkpt lat="48.191592" lon="15.073373">
        <ele>229.936638</ele>
      </trkpt>
      <trkpt lat="48.191453" lon="15.073613">
        <ele>230.526072</ele>
      </trkpt>
      <trkpt lat="48.191440" lon="15.073634">
        <ele>230.579204</ele>
      </trkpt>
      <trkpt lat="48.191282" lon="15.073982">
        <ele>231.359823</ele>
      </trkpt>
      <trkpt lat="48.190712" lon="15.075223">
        <ele>232.237395</ele>
      </trkpt>
      <trkpt lat="48.190586" lon="15.075429">
        <ele>232.169836</ele>
      </trkpt>
      <trkpt lat="48.190580" lon="15.075519">
        <ele>232.147978</ele>
      </trkpt>
      <trkpt lat="48.190529" lon="15.075705">
        <ele>232.099377</ele>
      </trkpt>
      <trkpt lat="48.190289" lon="15.076216">
        <ele>231.948323</ele>
      </trkpt>
      <trkpt lat="48.190120" lon="15.076333">
        <ele>231.880852</ele>
      </trkpt>
      <trkpt lat="48.190060" lon="15.076386">
        <ele>231.855612</ele>
      </trkpt>
      <trkpt lat="48.190009" lon="15.076376">
        <ele>231.836967</ele>
      </trkpt>
      <trkpt lat="48.189806" lon="15.076338">
        <ele>231.351015</ele>
      </trkpt>
      <trkpt lat="48.189615" lon="15.076340">
        <ele>230.627651</ele>
      </trkpt>
      <trkpt lat="48.189529" lon="15.076359">
        <ele>230.298443</ele>
      </trkpt>
      <trkpt lat="48.189368" lon="15.076442">
        <ele>229.653705</ele>
      </trkpt>
      <trkpt lat="48.189014" lon="15.076786">
        <ele>228.056304</ele>
      </trkpt>
      <trkpt lat="48.188782" lon="15.077025">
        <ele>226.990425</ele>
      </trkpt>
      <trkpt lat="48.188604" lon="15.077364">
        <ele>225.900923</ele>
      </trkpt>
      <trkpt lat="48.188160" lon="15.078298">
        <ele>224.799795</ele>
      </trkpt>
      <trkpt lat="48.188133" lon="15.078447">
        <ele>224.761619</ele>
      </trkpt>
      <trkpt lat="48.188093" lon="15.078716">
        <ele>224.693478</ele>
      </trkpt>
      <trkpt lat="48.188017" lon="15.079096">
        <ele>224.595390</ele>
      </trkpt>
      <trkpt lat="48.187906" lon="15.079460">
        <ele>224.496427</ele>
      </trkpt>
      <trkpt lat="48.187750" lon="15.079894">
        <ele>224.374522</ele>
      </trkpt>
      <trkpt lat="48.187575" lon="15.080339">
        <ele>224.374360</ele>
      </trkpt>
      <trkpt lat="48.187431" lon="15.080740">
        <ele>224.439428</ele>
      </trkpt>
      <trkpt lat="48.187309" lon="15.081073">
        <ele>224.493711</ele>
      </trkpt>
      <trkpt lat="48.187267" lon="15.081201">
        <ele>224.514092</ele>
      </trkpt>
      <trkpt lat="48.187227" lon="15.081404">
        <ele>224.544333</ele>
      </trkpt>
      <trkpt lat="48.187204" lon="15.081582">
        <ele>224.570236</ele>
      </trkpt>
      <trkpt lat="48.187204" lon="15.081779">
        <ele>224.598379</ele>
      </trkpt>
      <trkpt lat="48.187242" lon="15.081963">
        <ele>224.625898</ele>
      </trkpt>
      <trkpt lat="48.187261" lon="15.082037">
        <ele>224.637227</ele>
      </trkpt>
      <trkpt lat="48.187171" lon="15.082140">
        <ele>224.661485</ele>
      </trkpt>
      <trkpt lat="48.187026" lon="15.082298">
        <ele>224.699889</ele>
      </trkpt>
      <trkpt lat="48.186795" lon="15.082483">
        <ele>224.573339</ele>
      </trkpt>
      <trkpt lat="48.186633" lon="15.082577">
        <ele>224.452245</ele>
      </trkpt>
      <trkpt lat="48.186540" lon="15.082628">
        <ele>224.383213</ele>
      </trkpt>
      <trkpt lat="48.186380" lon="15.082758">
        <ele>224.256355</ele>
      </trkpt>
      <trkpt lat="48.185861" lon="15.083399">
        <ele>223.787656</ele>
      </trkpt>
      <trkpt lat="48.185551" lon="15.084030">
        <ele>223.377398</ele>
      </trkpt>
      <trkpt lat="48.185500" lon="15.084175">
        <ele>223.203397</ele>
      </trkpt>
      <trkpt lat="48.185159" lon="15.085106">
        <ele>222.075966</ele>
      </trkpt>
      <trkpt lat="48.185117" lon="15.085349">
        <ele>221.809525</ele>
      </trkpt>
      <trkpt lat="48.185103" lon="15.085584">
        <ele>221.559107</ele>
      </trkpt>
      <trkpt lat="48.185016" lon="15.085546">
        <ele>221.414857</ele>
      </trkpt>
      <trkpt lat="48.184497" lon="15.085105">
        <ele>220.505123</ele>
      </trkpt>
      <trkpt lat="48.184346" lon="15.084981">
        <ele>220.314721</ele>
      </trkpt>
      <trkpt lat="48.184203" lon="15.084945">
        <ele>220.154350</ele>
      </trkpt>
      <trkpt lat="48.183938" lon="15.085092">
        <ele>219.841854</ele>
      </trkpt>
      <trkpt lat="48.183607" lon="15.085445">
        <ele>219.392651</ele>
      </trkpt>
      <trkpt lat="48.183367" lon="15.085721">
        <ele>219.058160</ele>
      </trkpt>
      <trkpt lat="48.183060" lon="15.086199">
        <ele>218.598063</ele>
      </trkpt>
      <trkpt lat="48.182519" lon="15.086902">
        <ele>218.420959</ele>
      </trkpt>
      <trkpt lat="48.182003" lon="15.087497">
        <ele>218.259920</ele>
      </trkpt>
      <trkpt lat="48.181813" lon="15.087790">
        <ele>218.192494</ele>
      </trkpt>
      <trkpt lat="48.181792" lon="15.087820">
        <ele>218.185319</ele>
      </trkpt>
      <trkpt lat="48.181323" lon="15.088465">
        <ele>218.010579</ele>
      </trkpt>
      <trkpt lat="48.180757" lon="15.089193">
        <ele>217.802209</ele>
      </trkpt>
      <trkpt lat="48.180176" lon="15.089923">
        <ele>217.604814</ele>
      </trkpt>
      <trkpt lat="48.179859" lon="15.090331">
        <ele>217.512654</ele>
      </trkpt>
      <trkpt lat="48.179708" lon="15.090572">
        <ele>217.464005</ele>
      </trkpt>
      <trkpt lat="48.179301" lon="15.089950">
        <ele>217.335805</ele>
      </trkpt>
      <trkpt lat="48.179032" lon="15.090113">
        <ele>217.271797</ele>
      </trkpt>
      <trkpt lat="48.178218" lon="15.090787">
        <ele>217.146663</ele>
      </trkpt>
      <trkpt lat="48.177343" lon="15.091585">
        <ele>217.021244</ele>
      </trkpt>
      <trkpt lat="48.176575" lon="15.092409">
        <ele>216.966253</ele>
      </trkpt>
      <trkpt lat="48.176018" lon="15.093112">
        <ele>216.923859</ele>
      </trkpt>
      <trkpt lat="48.175606" lon="15.093698">
        <ele>216.879369</ele>
      </trkpt>
      <trkpt lat="48.174791" lon="15.094859">
        <ele>216.790677</ele>
      </trkpt>
      <trkpt lat="48.174369" lon="15.095659">
        <ele>217.145027</ele>
      </trkpt>
      <trkpt lat="48.174152" lon="15.096311">
        <ele>217.461787</ele>
      </trkpt>
      <trkpt lat="48.174076" lon="15.096757">
        <ele>217.661892</ele>
      </trkpt>
      <trkpt lat="48.173964" lon="15.097143">
        <ele>217.844880</ele>
      </trkpt>
      <trkpt lat="48.174167" lon="15.097300">
        <ele>218.041640</ele>
      </trkpt>
      <trkpt lat="48.174192" lon="15.097441">
        <ele>218.180471</ele>
      </trkpt>
      <trkpt lat="48.174218" lon="15.097555">
        <ele>218.295117</ele>
      </trkpt>
      <trkpt lat="48.174378" lon="15.097748">
        <ele>218.588119</ele>
      </trkpt>
      <trkpt lat="48.174682" lon="15.097888">
        <ele>219.041893</ele>
      </trkpt>
      <trkpt lat="48.174803" lon="15.097988">
        <ele>219.239033</ele>
      </trkpt>
      <trkpt lat="48.175013" lon="15.098136">
        <ele>219.570126</ele>
      </trkpt>
      <trkpt lat="48.175273" lon="15.098240">
        <ele>219.954092</ele>
      </trkpt>
      <trkpt lat="48.175380" lon="15.098324">
        <ele>220.126427</ele>
      </trkpt>
      <trkpt lat="48.175403" lon="15.098376">
        <ele>220.185801</ele>
      </trkpt>
      <trkpt lat="48.175406" lon="15.098440">
        <ele>220.246850</ele>
      </trkpt>
      <trkpt lat="48.175408" lon="15.098484">
        <ele>220.288814</ele>
      </trkpt>
      <trkpt lat="48.175311" lon="15.098894">
        <ele>220.548589</ele>
      </trkpt>
      <trkpt lat="48.175244" lon="15.099101">
        <ele>220.582842</ele>
      </trkpt>
      <trkpt lat="48.175080" lon="15.099574">
        <ele>220.662204</ele>
      </trkpt>
      <trkpt lat="48.175006" lon="15.099780">
        <ele>220.697037</ele>
      </trkpt>
      <trkpt lat="48.174905" lon="15.099936">
        <ele>220.729405</ele>
      </trkpt>
      <trkpt lat="48.174795" lon="15.100026">
        <ele>220.757378</ele>
      </trkpt>
      <trkpt lat="48.174639" lon="15.100034">
        <ele>220.792223</ele>
      </trkpt>
      <trkpt lat="48.174478" lon="15.100036">
        <ele>220.828165</ele>
      </trkpt>
      <trkpt lat="48.174349" lon="15.100648">
        <ele>220.909614</ele>
      </trkpt>
      <trkpt lat="48.174306" lon="15.101063">
        <ele>220.571424</ele>
      </trkpt>
      <trkpt lat="48.174264" lon="15.101369">
        <ele>220.319851</ele>
      </trkpt>
      <trkpt lat="48.174253" lon="15.101440">
        <ele>220.261155</ele>
      </trkpt>
      <trkpt lat="48.174214" lon="15.101703">
        <ele>220.044201</ele>
      </trkpt>
      <trkpt lat="48.174202" lon="15.101927">
        <ele>219.863242</ele>
      </trkpt>
      <trkpt lat="48.174201" lon="15.102083">
        <ele>219.737617</ele>
      </trkpt>
      <trkpt lat="48.174200" lon="15.102321">
        <ele>219.545962</ele>
      </trkpt>
      <trkpt lat="48.174209" lon="15.102844">
        <ele>219.124673</ele>
      </trkpt>
      <trkpt lat="48.174200" lon="15.103353">
        <ele>218.718019</ele>
      </trkpt>
      <trkpt lat="48.173089" lon="15.103036">
        <ele>217.483812</ele>
      </trkpt>
      <trkpt lat="48.173051" lon="15.103133">
        <ele>217.401938</ele>
      </trkpt>
      <trkpt lat="48.173075" lon="15.105504">
        <ele>216.322644</ele>
      </trkpt>
      <trkpt lat="48.173164" lon="15.107052">
        <ele>216.013125</ele>
      </trkpt>
      <trkpt lat="48.173222" lon="15.107533">
        <ele>216.072734</ele>
      </trkpt>
      <trkpt lat="48.173242" lon="15.107798">
        <ele>216.105256</ele>
      </trkpt>
      <trkpt lat="48.173287" lon="15.108389">
        <ele>216.177796</ele>
      </trkpt>
      <trkpt lat="48.173585" lon="15.109784">
        <ele>216.338319</ele>
      </trkpt>
      <trkpt lat="48.173624" lon="15.109903">
        <ele>216.349693</ele>
      </trkpt>
      <trkpt lat="48.173858" lon="15.110604">
        <ele>216.416936</ele>
      </trkpt>
      <trkpt lat="48.174111" lon="15.111019">
        <ele>216.465167</ele>
      </trkpt>
      <trkpt lat="48.174278" lon="15.111266">
        <ele>216.495338</ele>
      </trkpt>
      <trkpt lat="48.174520" lon="15.111960">
        <ele>216.520439</ele>
      </trkpt>
      <trkpt lat="48.174691" lon="15.112467">
        <ele>216.511873</ele>
      </trkpt>
      <trkpt lat="48.174980" lon="15.112970">
        <ele>216.501864</ele>
      </trkpt>
      <trkpt lat="48.175192" lon="15.113383">
        <ele>216.494006</ele>
      </trkpt>
      <trkpt lat="48.175982" lon="15.114435">
        <ele>216.774487</ele>
      </trkpt>
      <trkpt lat="48.176368" lon="15.114789">
        <ele>216.959514</ele>
      </trkpt>
      <trkpt lat="48.176689" lon="15.115084">
        <ele>217.113471</ele>
      </trkpt>
      <trkpt lat="48.176894" lon="15.115218">
        <ele>217.204921</ele>
      </trkpt>
      <trkpt lat="48.178062" lon="15.115738">
        <ele>217.683768</ele>
      </trkpt>
      <trkpt lat="48.178909" lon="15.115980">
        <ele>218.083156</ele>
      </trkpt>
      <trkpt lat="48.178964" lon="15.115981">
        <ele>218.118651</ele>
      </trkpt>
      <trkpt lat="48.179916" lon="15.115989">
        <ele>218.733009</ele>
      </trkpt>
      <trkpt lat="48.180665" lon="15.115816">
        <ele>219.312301</ele>
      </trkpt>
      <trkpt lat="48.181202" lon="15.115568">
        <ele>219.919383</ele>
      </trkpt>
      <trkpt lat="48.181267" lon="15.115547">
        <ele>219.991222</ele>
      </trkpt>
      <trkpt lat="48.181603" lon="15.115403">
        <ele>220.368782</ele>
      </trkpt>
      <trkpt lat="48.181912" lon="15.115251">
        <ele>220.720137</ele>
      </trkpt>
      <trkpt lat="48.182237" lon="15.115105">
        <ele>221.037661</ele>
      </trkpt>
      <trkpt lat="48.184023" lon="15.113966">
        <ele>220.905141</ele>
      </trkpt>
      <trkpt lat="48.184401" lon="15.113809">
        <ele>220.210415</ele>
      </trkpt>
      <trkpt lat="48.184490" lon="15.113772">
        <ele>220.046831</ele>
      </trkpt>
      <trkpt lat="48.185150" lon="15.113347">
        <ele>218.774627</ele>
      </trkpt>
      <trkpt lat="48.185331" lon="15.113160">
        <ele>218.385336</ele>
      </trkpt>
      <trkpt lat="48.185408" lon="15.113057">
        <ele>218.202590</ele>
      </trkpt>
      <trkpt lat="48.185454" lon="15.113008">
        <ele>218.102655</ele>
      </trkpt>
      <trkpt lat="48.185628" lon="15.112861">
        <ele>217.879132</ele>
      </trkpt>
      <trkpt lat="48.185812" lon="15.112732">
        <ele>217.669256</ele>
      </trkpt>
      <trkpt lat="48.186048" lon="15.112536">
        <ele>217.390505</ele>
      </trkpt>
      <trkpt lat="48.186591" lon="15.112075">
        <ele>216.745766</ele>
      </trkpt>
      <trkpt lat="48.186662" lon="15.112015">
        <ele>216.661557</ele>
      </trkpt>
      <trkpt lat="48.187070" lon="15.111600">
        <ele>216.249675</ele>
      </trkpt>
      <trkpt lat="48.187168" lon="15.111463">
        <ele>216.377392</ele>
      </trkpt>
      <trkpt lat="48.187401" lon="15.111159">
        <ele>216.671802</ele>
      </trkpt>
      <trkpt lat="48.187516" lon="15.111056">
        <ele>216.799497</ele>
      </trkpt>
      <trkpt lat="48.187995" lon="15.110738">
        <ele>217.298885</ele>
      </trkpt>
      <trkpt lat="48.189481" lon="15.109592">
        <ele>219.035073</ele>
      </trkpt>
      <trkpt lat="48.189870" lon="15.109237">
        <ele>219.532990</ele>
      </trkpt>
      <trkpt lat="48.190148" lon="15.109046">
        <ele>219.867358</ele>
      </trkpt>
      <trkpt lat="48.190435" lon="15.108877">
        <ele>219.964820</ele>
      </trkpt>
      <trkpt lat="48.190723" lon="15.108597">
        <ele>220.059042</ele>
      </trkpt>
      <trkpt lat="48.190837" lon="15.108464">
        <ele>220.098692</ele>
      </trkpt>
      <trkpt lat="48.190877" lon="15.108416">
        <ele>220.112755</ele>
      </trkpt>
      <trkpt lat="48.191069" lon="15.108213">
        <ele>220.177244</ele>
      </trkpt>
      <trkpt lat="48.191351" lon="15.108028">
        <ele>220.261745</ele>
      </trkpt>
      <trkpt lat="48.191899" lon="15.107648">
        <ele>220.243376</ele>
      </trkpt>
      <trkpt lat="48.192065" lon="15.107592">
        <ele>220.115360</ele>
      </trkpt>
      <trkpt lat="48.192128" lon="15.107576">
        <ele>220.067285</ele>
      </trkpt>
      <trkpt lat="48.192593" lon="15.107452">
        <ele>219.711939</ele>
      </trkpt>
      <trkpt lat="48.193098" lon="15.107302">
        <ele>219.324606</ele>
      </trkpt>
      <trkpt lat="48.193382" lon="15.107163">
        <ele>219.099842</ele>
      </trkpt>
      <trkpt lat="48.193688" lon="15.107023">
        <ele>218.881463</ele>
      </trkpt>
      <trkpt lat="48.193922" lon="15.106957">
        <ele>218.726430</ele>
      </trkpt>
      <trkpt lat="48.194528" lon="15.106897">
        <ele>218.330989</ele>
      </trkpt>
      <trkpt lat="48.194985" lon="15.106744">
        <ele>218.026105</ele>
      </trkpt>
      <trkpt lat="48.195478" lon="15.106546">
        <ele>217.785682</ele>
      </trkpt>
      <trkpt lat="48.195696" lon="15.106430">
        <ele>217.721538</ele>
      </trkpt>
      <trkpt lat="48.195884" lon="15.106225">
        <ele>217.657086</ele>
      </trkpt>
      <trkpt lat="48.195907" lon="15.106403">
        <ele>217.623570</ele>
      </trkpt>
      <trkpt lat="48.195913" lon="15.106703">
        <ele>217.568089</ele>
      </trkpt>
      <trkpt lat="48.195956" lon="15.106819">
        <ele>217.543554</ele>
      </trkpt>
      <trkpt lat="48.196406" lon="15.106910">
        <ele>217.417635</ele>
      </trkpt>
      <trkpt lat="48.197002" lon="15.107206">
        <ele>217.151710</ele>
      </trkpt>
      <trkpt lat="48.197061" lon="15.107235">
        <ele>217.120317</ele>
      </trkpt>
      <trkpt lat="48.197146" lon="15.107319">
        <ele>217.068851</ele>
      </trkpt>
      <trkpt lat="48.197566" lon="15.107659">
        <ele>216.827540</ele>
      </trkpt>
      <trkpt lat="48.197864" lon="15.107766">
        <ele>216.672605</ele>
      </trkpt>
      <trkpt lat="48.198005" lon="15.107796">
        <ele>216.600597</ele>
      </trkpt>
      <trkpt lat="48.198203" lon="15.107551">
        <ele>216.470821</ele>
      </trkpt>
      <trkpt lat="48.198676" lon="15.107873">
        <ele>216.185966</ele>
      </trkpt>
      <trkpt lat="48.198714" lon="15.108011">
        <ele>216.130933</ele>
      </trkpt>
      <trkpt lat="48.198665" lon="15.108132">
        <ele>216.078750</ele>
      </trkpt>
      <trkpt lat="48.198700" lon="15.108219">
        <ele>216.041297</ele>
      </trkpt>
      <trkpt lat="48.200219" lon="15.109014">
        <ele>215.375484</ele>
      </trkpt>
      <trkpt lat="48.200522" lon="15.108966">
        <ele>215.332960</ele>
      </trkpt>
      <trkpt lat="48.200629" lon="15.109004">
        <ele>215.317614</ele>
      </trkpt>
      <trkpt lat="48.201189" lon="15.109449">
        <ele>215.229170</ele>
      </trkpt>
      <trkpt lat="48.201796" lon="15.110058">
        <ele>215.153503</ele>
      </trkpt>
      <trkpt lat="48.202331" lon="15.110766">
        <ele>215.089864</ele>
      </trkpt>
      <trkpt lat="48.203053" lon="15.112060">
        <ele>214.935988</ele>
      </trkpt>
      <trkpt lat="48.203489" lon="15.112735">
        <ele>214.820282</ele>
      </trkpt>
      <trkpt lat="48.205064" lon="15.114669">
        <ele>214.827989</ele>
      </trkpt>
      <trkpt lat="48.206504" lon="15.116703">
        <ele>215.297782</ele>
      </trkpt>
      <trkpt lat="48.207236" lon="15.117947">
        <ele>215.215637</ele>
      </trkpt>
      <trkpt lat="48.208403" lon="15.120316">
        <ele>214.759500</ele>
      </trkpt>
      <trkpt lat="48.208466" lon="15.120443">
        <ele>214.727723</ele>
      </trkpt>
      <trkpt lat="48.208584" lon="15.120693">
        <ele>214.666235</ele>
      </trkpt>
      <trkpt lat="48.209425" lon="15.122164">
        <ele>214.443973</ele>
      </trkpt>
      <trkpt lat="48.210302" lon="15.124135">
        <ele>214.300242</ele>
      </trkpt>
      <trkpt lat="48.210956" lon="15.126112">
        <ele>214.238685</ele>
      </trkpt>
      <trkpt lat="48.211099" lon="15.126652">
        <ele>214.250536</ele>
      </trkpt>
      <trkpt lat="48.211283" lon="15.127477">
        <ele>214.268279</ele>
      </trkpt>
      <trkpt lat="48.211437" lon="15.129410">
        <ele>214.303124</ele>
      </trkpt>
      <trkpt lat="48.211627" lon="15.130357">
        <ele>214.319270</ele>
      </trkpt>
      <trkpt lat="48.211731" lon="15.130696">
        <ele>214.325363</ele>
      </trkpt>
      <trkpt lat="48.211762" lon="15.131018">
        <ele>214.308405</ele>
      </trkpt>
      <trkpt lat="48.212137" lon="15.133132">
        <ele>214.077617</ele>
      </trkpt>
      <trkpt lat="48.212220" lon="15.133774">
        <ele>214.000005</ele>
      </trkpt>
      <trkpt lat="48.212247" lon="15.134560">
        <ele>213.896116</ele>
      </trkpt>
      <trkpt lat="48.212347" lon="15.135363">
        <ele>213.788286</ele>
      </trkpt>
      <trkpt lat="48.212580" lon="15.136472">
        <ele>213.655065</ele>
      </trkpt>
      <trkpt lat="48.212733" lon="15.136757">
        <ele>213.625638</ele>
      </trkpt>
      <trkpt lat="48.212984" lon="15.137601">
        <ele>213.551325</ele>
      </trkpt>
      <trkpt lat="48.213603" lon="15.140642">
        <ele>213.311112</ele>
      </trkpt>
      <trkpt lat="48.213587" lon="15.140750">
        <ele>213.303007</ele>
      </trkpt>
      <trkpt lat="48.213577" lon="15.140851">
        <ele>213.295526</ele>
      </trkpt>
      <trkpt lat="48.213910" lon="15.143077">
        <ele>213.035159</ele>
      </trkpt>
      <trkpt lat="48.214040" lon="15.144174">
        <ele>212.908017</ele>
      </trkpt>
      <trkpt lat="48.214039" lon="15.144378">
        <ele>212.887469</ele>
      </trkpt>
      <trkpt lat="48.213995" lon="15.144574">
        <ele>212.866638</ele>
      </trkpt>
      <trkpt lat="48.213737" lon="15.145384">
        <ele>212.776214</ele>
      </trkpt>
      <trkpt lat="48.213732" lon="15.145809">
        <ele>212.733401</ele>
      </trkpt>
      <trkpt lat="48.213812" lon="15.146514">
        <ele>212.665845</ele>
      </trkpt>
      <trkpt lat="48.213828" lon="15.146605">
        <ele>212.659786</ele>
      </trkpt>
      <trkpt lat="48.213851" lon="15.146746">
        <ele>212.650441</ele>
      </trkpt>
      <trkpt lat="48.213876" lon="15.146939">
        <ele>212.637783</ele>
      </trkpt>
      <trkpt lat="48.213836" lon="15.147428">
        <ele>212.606066</ele>
      </trkpt>
      <trkpt lat="48.213824" lon="15.147546">
        <ele>212.598382</ele>
      </trkpt>
      <trkpt lat="48.213816" lon="15.147632">
        <ele>212.592792</ele>
      </trkpt>
      <trkpt lat="48.213774" lon="15.148048">
        <ele>212.565705</ele>
      </trkpt>
      <trkpt lat="48.213731" lon="15.148934">
        <ele>212.508516</ele>
      </trkpt>
      <trkpt lat="48.213737" lon="15.150413">
        <ele>212.576025</ele>
      </trkpt>
      <trkpt lat="48.213870" lon="15.151854">
        <ele>212.655778</ele>
      </trkpt>
      <trkpt lat="48.213907" lon="15.152149">
        <ele>212.665768</ele>
      </trkpt>
      <trkpt lat="48.213919" lon="15.152356">
        <ele>212.672684</ele>
      </trkpt>
      <trkpt lat="48.214152" lon="15.153991">
        <ele>212.728331</ele>
      </trkpt>
      <trkpt lat="48.214244" lon="15.154289">
        <ele>212.739261</ele>
      </trkpt>
      <trkpt lat="48.214299" lon="15.155005">
        <ele>212.687654</ele>
      </trkpt>
      <trkpt lat="48.214653" lon="15.157263">
        <ele>212.468656</ele>
      </trkpt>
      <trkpt lat="48.214908" lon="15.159335">
        <ele>212.129933</ele>
      </trkpt>
      <trkpt lat="48.215069" lon="15.161062">
        <ele>211.733842</ele>
      </trkpt>
      <trkpt lat="48.215074" lon="15.163343">
        <ele>211.305208</ele>
      </trkpt>
      <trkpt lat="48.215162" lon="15.164257">
        <ele>211.198752</ele>
      </trkpt>
      <trkpt lat="48.215387" lon="15.165939">
        <ele>211.130382</ele>
      </trkpt>
      <trkpt lat="48.215776" lon="15.168243">
        <ele>211.196475</ele>
      </trkpt>
      <trkpt lat="48.216354" lon="15.170978">
        <ele>211.307770</ele>
      </trkpt>
      <trkpt lat="48.216574" lon="15.172445">
        <ele>211.371500</ele>
      </trkpt>
      <trkpt lat="48.216759" lon="15.173213">
        <ele>211.391310</ele>
      </trkpt>
      <trkpt lat="48.216928" lon="15.173621">
        <ele>211.393620</ele>
      </trkpt>
      <trkpt lat="48.217035" lon="15.174068">
        <ele>211.395904</ele>
      </trkpt>
      <trkpt lat="48.217109" lon="15.174475">
        <ele>211.397933</ele>
      </trkpt>
      <trkpt lat="48.217313" lon="15.176208">
        <ele>211.575866</ele>
      </trkpt>
      <trkpt lat="48.217456" lon="15.176317">
        <ele>211.626076</ele>
      </trkpt>
      <trkpt lat="48.217439" lon="15.176911">
        <ele>211.750093</ele>
      </trkpt>
      <trkpt lat="48.217476" lon="15.177422">
        <ele>211.857310</ele>
      </trkpt>
      <trkpt lat="48.217612" lon="15.178479">
        <ele>212.471638</ele>
      </trkpt>
      <trkpt lat="48.217681" lon="15.178826">
        <ele>212.800127</ele>
      </trkpt>
      <trkpt lat="48.217703" lon="15.179343">
        <ele>213.270063</ele>
      </trkpt>
      <trkpt lat="48.217571" lon="15.181836">
        <ele>215.278192</ele>
      </trkpt>
      <trkpt lat="48.217559" lon="15.182042">
        <ele>215.422323</ele>
      </trkpt>
      <trkpt lat="48.217553" lon="15.182774">
        <ele>215.932573</ele>
      </trkpt>
      <trkpt lat="48.217499" lon="15.184005">
        <ele>215.721708</ele>
      </trkpt>
      <trkpt lat="48.217429" lon="15.184783">
        <ele>215.089384</ele>
      </trkpt>
      <trkpt lat="48.217240" lon="15.186097">
        <ele>213.976674</ele>
      </trkpt>
      <trkpt lat="48.217087" lon="15.187558">
        <ele>212.474533</ele>
      </trkpt>
      <trkpt lat="48.216997" lon="15.189110">
        <ele>211.324454</ele>
      </trkpt>
      <trkpt lat="48.217020" lon="15.196048">
        <ele>210.668202</ele>
      </trkpt>
      <trkpt lat="48.217055" lon="15.196372">
        <ele>210.653572</ele>
      </trkpt>
      <trkpt lat="48.217153" lon="15.196492">
        <ele>210.645111</ele>
      </trkpt>
      <trkpt lat="48.217178" lon="15.196537">
        <ele>210.642499</ele>
      </trkpt>
      <trkpt lat="48.217196" lon="15.196772">
        <ele>210.622978</ele>
      </trkpt>
      <trkpt lat="48.217170" lon="15.197111">
        <ele>210.584737</ele>
      </trkpt>
      <trkpt lat="48.217100" lon="15.197626">
        <ele>210.525835</ele>
      </trkpt>
      <trkpt lat="48.216964" lon="15.198431">
        <ele>210.432768</ele>
      </trkpt>
      <trkpt lat="48.216377" lon="15.201974">
        <ele>210.131093</ele>
      </trkpt>
      <trkpt lat="48.216330" lon="15.202436">
        <ele>210.130390</ele>
      </trkpt>
      <trkpt lat="48.216277" lon="15.204382">
        <ele>210.127462</ele>
      </trkpt>
      <trkpt lat="48.216269" lon="15.206024">
        <ele>210.162681</ele>
      </trkpt>
      <trkpt lat="48.216335" lon="15.207990">
        <ele>210.148215</ele>
      </trkpt>
      <trkpt lat="48.216528" lon="15.210438">
        <ele>209.932311</ele>
      </trkpt>
      <trkpt lat="48.216694" lon="15.211854">
        <ele>209.665466</ele>
      </trkpt>
      <trkpt lat="48.216926" lon="15.212309">
        <ele>209.559129</ele>
      </trkpt>
      <trkpt lat="48.217007" lon="15.212579">
        <ele>209.505781</ele>
      </trkpt>
      <trkpt lat="48.217071" lon="15.213203">
        <ele>209.400938</ele>
      </trkpt>
      <trkpt lat="48.217056" lon="15.213520">
        <ele>209.348164</ele>
      </trkpt>
      <trkpt lat="48.217055" lon="15.213711">
        <ele>209.316446</ele>
      </trkpt>
      <trkpt lat="48.217098" lon="15.213929">
        <ele>209.278691</ele>
      </trkpt>
      <trkpt lat="48.217125" lon="15.214047">
        <ele>209.257973</ele>
      </trkpt>
      <trkpt lat="48.217100" lon="15.214191">
        <ele>209.233262</ele>
      </trkpt>
      <trkpt lat="48.217023" lon="15.214265">
        <ele>209.210474</ele>
      </trkpt>
      <trkpt lat="48.217015" lon="15.214449">
        <ele>209.179854</ele>
      </trkpt>
      <trkpt lat="48.217063" lon="15.215649">
        <ele>209.056739</ele>
      </trkpt>
      <trkpt lat="48.217043" lon="15.216334">
        <ele>209.038658</ele>
      </trkpt>
      <trkpt lat="48.217034" lon="15.216444">
        <ele>209.035736</ele>
      </trkpt>
      <trkpt lat="48.217023" lon="15.216573">
        <ele>209.032306</ele>
      </trkpt>
      <trkpt lat="48.216851" lon="15.217695">
        <ele>209.001946</ele>
      </trkpt>
      <trkpt lat="48.216820" lon="15.220451">
        <ele>209.000000</ele>
      </trkpt>
      <trkpt lat="48.216820" lon="15.221040">
        <ele>209.007546</ele>
      </trkpt>
      <trkpt lat="48.216819" lon="15.221444">
        <ele>209.012874</ele>
      </trkpt>
      <trkpt lat="48.216830" lon="15.222393">
        <ele>209.025392</ele>
      </trkpt>
      <trkpt lat="48.216841" lon="15.222687">
        <ele>209.029275</ele>
      </trkpt>
      <trkpt lat="48.216904" lon="15.224421">
        <ele>209.178160</ele>
      </trkpt>
      <trkpt lat="48.216935" lon="15.224890">
        <ele>209.231612</ele>
      </trkpt>
      <trkpt lat="48.216932" lon="15.224928">
        <ele>209.235952</ele>
      </trkpt>
      <trkpt lat="48.217031" lon="15.226262">
        <ele>209.479324</ele>
      </trkpt>
      <trkpt lat="48.217281" lon="15.228584">
        <ele>210.256814</ele>
      </trkpt>
      <trkpt lat="48.217367" lon="15.229221">
        <ele>210.340307</ele>
      </trkpt>
      <trkpt lat="48.217410" lon="15.229537">
        <ele>210.381738</ele>
      </trkpt>
      <trkpt lat="48.217639" lon="15.231120">
        <ele>210.589828</ele>
      </trkpt>
      <trkpt lat="48.218004" lon="15.232726">
        <ele>210.295159</ele>
      </trkpt>
      <trkpt lat="48.218037" lon="15.232817">
        <ele>210.276315</ele>
      </trkpt>
      <trkpt lat="48.218131" lon="15.233080">
        <ele>210.222034</ele>
      </trkpt>
      <trkpt lat="48.218263" lon="15.233702">
        <ele>210.103499</ele>
      </trkpt>
      <trkpt lat="48.218622" lon="15.234905">
        <ele>209.898762</ele>
      </trkpt>
      <trkpt lat="48.220000" lon="15.238880">
        <ele>209.284173</ele>
      </trkpt>
      <trkpt lat="48.220389" lon="15.240143">
        <ele>209.306969</ele>
      </trkpt>
      <trkpt lat="48.221035" lon="15.242523">
        <ele>209.811414</ele>
      </trkpt>
      <trkpt lat="48.221117" lon="15.242732">
        <ele>209.882575</ele>
      </trkpt>
      <trkpt lat="48.221154" lon="15.242781">
        <ele>209.904304</ele>
      </trkpt>
      <trkpt lat="48.221571" lon="15.243290">
        <ele>210.140046</ele>
      </trkpt>
      <trkpt lat="48.221697" lon="15.243510">
        <ele>210.222201</ele>
      </trkpt>
      <trkpt lat="48.221800" lon="15.243784">
        <ele>210.311292</ele>
      </trkpt>
      <trkpt lat="48.222286" lon="15.245691">
        <ele>210.873801</ele>
      </trkpt>
      <trkpt lat="48.222371" lon="15.246232">
        <ele>210.810921</ele>
      </trkpt>
      <trkpt lat="48.222467" lon="15.246849">
        <ele>210.739243</ele>
      </trkpt>
      <trkpt lat="48.222522" lon="15.247448">
        <ele>210.670840</ele>
      </trkpt>
      <trkpt lat="48.222510" lon="15.248715">
        <ele>210.465872</ele>
      </trkpt>
      <trkpt lat="48.222559" lon="15.249565">
        <ele>210.238283</ele>
      </trkpt>
      <trkpt lat="48.222611" lon="15.249937">
        <ele>210.136889</ele>
      </trkpt>
      <trkpt lat="48.223262" lon="15.252784">
        <ele>209.436556</ele>
      </trkpt>
      <trkpt lat="48.223492" lon="15.253805">
        <ele>209.248162</ele>
      </trkpt>
      <trkpt lat="48.223834" lon="15.255333">
        <ele>209.114199</ele>
      </trkpt>
      <trkpt lat="48.224193" lon="15.257208">
        <ele>209.165398</ele>
      </trkpt>
      <trkpt lat="48.224362" lon="15.258081">
        <ele>209.253396</ele>
      </trkpt>
      <trkpt lat="48.224470" lon="15.258740">
        <ele>209.324683</ele>
      </trkpt>
      <trkpt lat="48.224513" lon="15.258996">
        <ele>209.370266</ele>
      </trkpt>
      <trkpt lat="48.224531" lon="15.259096">
        <ele>209.388150</ele>
      </trkpt>
      <trkpt lat="48.224952" lon="15.261767">
        <ele>209.776624</ele>
      </trkpt>
      <trkpt lat="48.225370" lon="15.265086">
        <ele>209.825409</ele>
      </trkpt>
      <trkpt lat="48.225475" lon="15.265959">
        <ele>209.867602</ele>
      </trkpt>
      <trkpt lat="48.225570" lon="15.266886">
        <ele>209.950342</ele>
      </trkpt>
      <trkpt lat="48.225763" lon="15.268865">
        <ele>210.308971</ele>
      </trkpt>
      <trkpt lat="48.225920" lon="15.271304">
        <ele>210.363133</ele>
      </trkpt>
      <trkpt lat="48.226043" lon="15.274515">
        <ele>210.120830</ele>
      </trkpt>
      <trkpt lat="48.226088" lon="15.277665">
        <ele>211.092784</ele>
      </trkpt>
      <trkpt lat="48.226003" lon="15.281500">
        <ele>212.119987</ele>
      </trkpt>
      <trkpt lat="48.225875" lon="15.284491">
        <ele>211.767306</ele>
      </trkpt>
      <trkpt lat="48.225728" lon="15.286931">
        <ele>210.773033</ele>
      </trkpt>
      <trkpt lat="48.225736" lon="15.287322">
        <ele>210.581626</ele>
      </trkpt>
      <trkpt lat="48.225745" lon="15.287530">
        <ele>210.479637</ele>
      </trkpt>
      <trkpt lat="48.225744" lon="15.289524">
        <ele>209.563770</ele>
      </trkpt>
      <trkpt lat="48.225814" lon="15.291110">
        <ele>208.951040</ele>
      </trkpt>
      <trkpt lat="48.226196" lon="15.297005">
        <ele>208.731375</ele>
      </trkpt>
      <trkpt lat="48.226315" lon="15.298831">
        <ele>208.952814</ele>
      </trkpt>
      <trkpt lat="48.226405" lon="15.299823">
        <ele>209.544642</ele>
      </trkpt>
      <trkpt lat="48.226457" lon="15.300340">
        <ele>209.871285</ele>
      </trkpt>
      <trkpt lat="48.226638" lon="15.301506">
        <ele>210.619226</ele>
      </trkpt>
      <trkpt lat="48.226739" lon="15.301844">
        <ele>210.742160</ele>
      </trkpt>
      <trkpt lat="48.226843" lon="15.301810">
        <ele>210.788653</ele>
      </trkpt>
      <trkpt lat="48.226913" lon="15.301842">
        <ele>210.820616</ele>
      </trkpt>
      <trkpt lat="48.227165" lon="15.302333">
        <ele>211.000979</ele>
      </trkpt>
      <trkpt lat="48.227243" lon="15.302518">
        <ele>211.064689</ele>
      </trkpt>
      <trkpt lat="48.227305" lon="15.302893">
        <ele>211.177122</ele>
      </trkpt>
      <trkpt lat="48.227328" lon="15.303656">
        <ele>211.399376</ele>
      </trkpt>
      <trkpt lat="48.227294" lon="15.304721">
        <ele>210.925344</ele>
      </trkpt>
      <trkpt lat="48.227231" lon="15.305587">
        <ele>210.459569</ele>
      </trkpt>
      <trkpt lat="48.227254" lon="15.306703">
        <ele>209.867942</ele>
      </trkpt>
      <trkpt lat="48.227431" lon="15.307656">
        <ele>209.361234</ele>
      </trkpt>
      <trkpt lat="48.227474" lon="15.308155">
        <ele>209.103535</ele>
      </trkpt>
      <trkpt lat="48.227504" lon="15.308412">
        <ele>208.969903</ele>
      </trkpt>
      <trkpt lat="48.227974" lon="15.309951">
        <ele>208.443374</ele>
      </trkpt>
      <trkpt lat="48.228412" lon="15.311196">
        <ele>208.209520</ele>
      </trkpt>
      <trkpt lat="48.228636" lon="15.311769">
        <ele>208.194155</ele>
      </trkpt>
      <trkpt lat="48.228929" lon="15.311948">
        <ele>208.241821</ele>
      </trkpt>
      <trkpt lat="48.229089" lon="15.312119">
        <ele>208.271416</ele>
      </trkpt>
      <trkpt lat="48.229228" lon="15.312589">
        <ele>208.323033</ele>
      </trkpt>
      <trkpt lat="48.229344" lon="15.312830">
        <ele>208.352878</ele>
      </trkpt>
      <trkpt lat="48.229538" lon="15.312665">
        <ele>208.386476</ele>
      </trkpt>
      <trkpt lat="48.229859" lon="15.312496">
        <ele>208.447486</ele>
      </trkpt>
      <trkpt lat="48.229912" lon="15.312434">
        <ele>208.469457</ele>
      </trkpt>
      <trkpt lat="48.229997" lon="15.312351">
        <ele>208.502613</ele>
      </trkpt>
      <trkpt lat="48.230060" lon="15.312260">
        <ele>208.531201</ele>
      </trkpt>
      <trkpt lat="48.230119" lon="15.312038">
        <ele>208.583263</ele>
      </trkpt>
      <trkpt lat="48.230152" lon="15.311725">
        <ele>208.652289</ele>
      </trkpt>
      <trkpt lat="48.230134" lon="15.310765">
        <ele>208.861477</ele>
      </trkpt>
      <trkpt lat="48.230163" lon="15.310519">
        <ele>208.915893</ele>
      </trkpt>
      <trkpt lat="48.230264" lon="15.310195">
        <ele>208.993811</ele>
      </trkpt>
      <trkpt lat="48.230343" lon="15.310123">
        <ele>209.021238</ele>
      </trkpt>
      <trkpt lat="48.230500" lon="15.310180">
        <ele>209.051381</ele>
      </trkpt>
      <trkpt lat="48.230579" lon="15.310151">
        <ele>209.066557</ele>
      </trkpt>
      <trkpt lat="48.230868" lon="15.309668">
        <ele>209.147262</ele>
      </trkpt>
      <trkpt lat="48.231058" lon="15.309362">
        <ele>209.199262</ele>
      </trkpt>
      <trkpt lat="48.231125" lon="15.309177">
        <ele>209.225437</ele>
      </trkpt>
      <trkpt lat="48.231239" lon="15.309032">
        <ele>209.253320</ele>
      </trkpt>
      <trkpt lat="48.231312" lon="15.308987">
        <ele>209.268046</ele>
      </trkpt>
      <trkpt lat="48.231314" lon="15.309017">
        <ele>209.271794</ele>
      </trkpt>
      <trkpt lat="48.231417" lon="15.310548">
        <ele>209.066581</ele>
      </trkpt>
      <trkpt lat="48.231586" lon="15.312238">
        <ele>208.512637</ele>
      </trkpt>
      <trkpt lat="48.231626" lon="15.312632">
        <ele>208.399696</ele>
      </trkpt>
      <trkpt lat="48.231667" lon="15.312762">
        <ele>208.361090</ele>
      </trkpt>
      <trkpt lat="48.231773" lon="15.313100">
        <ele>208.260818</ele>
      </trkpt>
      <trkpt lat="48.232043" lon="15.313554">
        <ele>208.097465</ele>
      </trkpt>
      <trkpt lat="48.232216" lon="15.314089">
        <ele>207.937845</ele>
      </trkpt>
      <trkpt lat="48.232717" lon="15.316028">
        <ele>207.662063</ele>
      </trkpt>
      <trkpt lat="48.232928" lon="15.316989">
        <ele>207.595812</ele>
      </trkpt>
      <trkpt lat="48.232969" lon="15.317377">
        <ele>207.576132</ele>
      </trkpt>
      <trkpt lat="48.232956" lon="15.318608">
        <ele>207.572797</ele>
      </trkpt>
      <trkpt lat="48.232967" lon="15.318723">
        <ele>207.572482</ele>
      </trkpt>
      <trkpt lat="48.233031" lon="15.318997">
        <ele>207.571696</ele>
      </trkpt>
      <trkpt lat="48.233217" lon="15.319855">
        <ele>207.569252</ele>
      </trkpt>
      <trkpt lat="48.233384" lon="15.320370">
        <ele>207.586088</ele>
      </trkpt>
      <trkpt lat="48.233688" lon="15.321100">
        <ele>207.614870</ele>
      </trkpt>
      <trkpt lat="48.233752" lon="15.321240">
        <ele>207.620547</ele>
      </trkpt>
      <trkpt lat="48.234931" lon="15.323875">
        <ele>207.254269</ele>
      </trkpt>
      <trkpt lat="48.235573" lon="15.325296">
        <ele>206.756525</ele>
      </trkpt>
      <trkpt lat="48.236126" lon="15.326517">
        <ele>206.241196</ele>
      </trkpt>
      <trkpt lat="48.236224" lon="15.326599">
        <ele>206.182408</ele>
      </trkpt>
      <trkpt lat="48.236318" lon="15.326596">
        <ele>206.223707</ele>
      </trkpt>
      <trkpt lat="48.236626" lon="15.326418">
        <ele>206.437669</ele>
      </trkpt>
      <trkpt lat="48.236814" lon="15.326418">
        <ele>206.559551</ele>
      </trkpt>
      <trkpt lat="48.236919" lon="15.326788">
        <ele>206.733217</ele>
      </trkpt>
      <trkpt lat="48.237396" lon="15.328632">
        <ele>207.510007</ele>
      </trkpt>
      <trkpt lat="48.237878" lon="15.330288">
        <ele>208.046527</ele>
      </trkpt>
      <trkpt lat="48.238131" lon="15.331027">
        <ele>208.112152</ele>
      </trkpt>
      <trkpt lat="48.238735" lon="15.332501">
        <ele>208.013126</ele>
      </trkpt>
      <trkpt lat="48.239480" lon="15.334172">
        <ele>207.826145</ele>
      </trkpt>
      <trkpt lat="48.239792" lon="15.335123">
        <ele>207.716367</ele>
      </trkpt>
      <trkpt lat="48.240086" lon="15.335798">
        <ele>207.648867</ele>
      </trkpt>
      <trkpt lat="48.240423" lon="15.336443">
        <ele>207.582258</ele>
      </trkpt>
      <trkpt lat="48.240603" lon="15.336786">
        <ele>207.546776</ele>
      </trkpt>
      <trkpt lat="48.240653" lon="15.336969">
        <ele>207.530705</ele>
      </trkpt>
      <trkpt lat="48.240774" lon="15.337211">
        <ele>207.506118</ele>
      </trkpt>
      <trkpt lat="48.240936" lon="15.337374">
        <ele>207.520507</ele>
      </trkpt>
      <trkpt lat="48.241180" lon="15.337814">
        <ele>207.798534</ele>
      </trkpt>
      <trkpt lat="48.241693" lon="15.338551">
        <ele>208.316198</ele>
      </trkpt>
      <trkpt lat="48.241758" lon="15.338640">
        <ele>208.380336</ele>
      </trkpt>
      <trkpt lat="48.241799" lon="15.338696">
        <ele>208.420747</ele>
      </trkpt>
      <trkpt lat="48.242050" lon="15.339024">
        <ele>208.663354</ele>
      </trkpt>
      <trkpt lat="48.243800" lon="15.340889">
        <ele>211.861739</ele>
      </trkpt>
      <trkpt lat="48.244056" lon="15.341173">
        <ele>212.329821</ele>
      </trkpt>
      <trkpt lat="48.244152" lon="15.341457">
        <ele>212.641743</ele>
      </trkpt>
      <trkpt lat="48.244224" lon="15.341557">
        <ele>212.785977</ele>
      </trkpt>
      <trkpt lat="48.244292" lon="15.341650">
        <ele>212.921241</ele>
      </trkpt>
      <trkpt lat="48.244385" lon="15.341454">
        <ele>213.156937</ele>
      </trkpt>
      <trkpt lat="48.244434" lon="15.341358">
        <ele>213.275396</ele>
      </trkpt>
      <trkpt lat="48.244471" lon="15.341293">
        <ele>213.359141</ele>
      </trkpt>
      <trkpt lat="48.244527" lon="15.341337">
        <ele>213.452088</ele>
      </trkpt>
      <trkpt lat="48.244596" lon="15.341347">
        <ele>213.554033</ele>
      </trkpt>
      <trkpt lat="48.244633" lon="15.341318">
        <ele>213.615413</ele>
      </trkpt>
      <trkpt lat="48.244655" lon="15.341300">
        <ele>213.652257</ele>
      </trkpt>
      <trkpt lat="48.244942" lon="15.340932">
        <ele>214.207266</ele>
      </trkpt>
      <trkpt lat="48.245167" lon="15.340836">
        <ele>214.318891</ele>
      </trkpt>
      <trkpt lat="48.245349" lon="15.340844">
        <ele>214.365351</ele>
      </trkpt>
      <trkpt lat="48.245536" lon="15.340938">
        <ele>214.415670</ele>
      </trkpt>
      <trkpt lat="48.245673" lon="15.341097">
        <ele>214.459852</ele>
      </trkpt>
      <trkpt lat="48.245773" lon="15.341300">
        <ele>214.502759</ele>
      </trkpt>
      <trkpt lat="48.245829" lon="15.341545">
        <ele>214.546775</ele>
      </trkpt>
      <trkpt lat="48.245843" lon="15.341811">
        <ele>214.592116</ele>
      </trkpt>
      <trkpt lat="48.245820" lon="15.342056">
        <ele>214.634159</ele>
      </trkpt>
      <trkpt lat="48.245757" lon="15.342313">
        <ele>214.680695</ele>
      </trkpt>
      <trkpt lat="48.245713" lon="15.342438">
        <ele>214.704720</ele>
      </trkpt>
      <trkpt lat="48.245660" lon="15.342564">
        <ele>214.729076</ele>
      </trkpt>
      <trkpt lat="48.245541" lon="15.342802">
        <ele>214.729630</ele>
      </trkpt>
      <trkpt lat="48.245257" lon="15.343225">
        <ele>214.730750</ele>
      </trkpt>
      <trkpt lat="48.244833" lon="15.343679">
        <ele>214.732208</ele>
      </trkpt>
      <trkpt lat="48.240778" lon="15.346989">
        <ele>218.212963</ele>
      </trkpt>
      <trkpt lat="48.239272" lon="15.348156">
        <ele>224.474854</ele>
      </trkpt>
      <trkpt lat="48.239064" lon="15.348363">
        <ele>224.931133</ele>
      </trkpt>
      <trkpt lat="48.238842" lon="15.348523">
        <ele>225.381395</ele>
      </trkpt>
      <trkpt lat="48.238840" lon="15.349059">
        <ele>226.034150</ele>
      </trkpt>
      <trkpt lat="48.238484" lon="15.349792">
        <ele>227.138934</ele>
      </trkpt>
      <trkpt lat="48.238560" lon="15.349831">
        <ele>227.285789</ele>
      </trkpt>
      <trkpt lat="48.239065" lon="15.349411">
        <ele>225.735477</ele>
      </trkpt>
      <trkpt lat="48.239293" lon="15.348992">
        <ele>224.700487</ele>
      </trkpt>
      <trkpt lat="48.239727" lon="15.348256">
        <ele>222.820110</ele>
      </trkpt>
      <trkpt lat="48.239876" lon="15.348439">
        <ele>222.267236</ele>
      </trkpt>
      <trkpt lat="48.240082" lon="15.348642">
        <ele>222.792161</ele>
      </trkpt>
      <trkpt lat="48.240481" lon="15.349151">
        <ele>224.365853</ele>
      </trkpt>
      <trkpt lat="48.240509" lon="15.349187">
        <ele>224.476652</ele>
      </trkpt>
      <trkpt lat="48.240552" lon="15.349252">
        <ele>224.660051</ele>
      </trkpt>
      <trkpt lat="48.240563" lon="15.349307">
        <ele>224.775009</ele>
      </trkpt>
      <trkpt lat="48.240534" lon="15.349435">
        <ele>225.045663</ele>
      </trkpt>
      <trkpt lat="48.240630" lon="15.349297">
        <ele>225.445132</ele>
      </trkpt>
      <trkpt lat="48.240661" lon="15.349236">
        <ele>225.598732</ele>
      </trkpt>
      <trkpt lat="48.240735" lon="15.349324">
        <ele>225.882466</ele>
      </trkpt>
      <trkpt lat="48.240798" lon="15.349401">
        <ele>226.126630</ele>
      </trkpt>
      <trkpt lat="48.240821" lon="15.349428">
        <ele>226.214383</ele>
      </trkpt>
      <trkpt lat="48.241233" lon="15.349858">
        <ele>227.786546</ele>
      </trkpt>
      <trkpt lat="48.241425" lon="15.350010">
        <ele>228.709397</ele>
      </trkpt>
      <trkpt lat="48.241599" lon="15.350126">
        <ele>229.518842</ele>
      </trkpt>
      <trkpt lat="48.241867" lon="15.350243">
        <ele>230.705495</ele>
      </trkpt>
      <trkpt lat="48.242132" lon="15.350390">
        <ele>231.906636</ele>
      </trkpt>
      <trkpt lat="48.242378" lon="15.350526">
        <ele>233.021206</ele>
      </trkpt>
      <trkpt lat="48.242470" lon="15.350557">
        <ele>233.422095</ele>
      </trkpt>
      <trkpt lat="48.242724" lon="15.350811">
        <ele>234.719612</ele>
      </trkpt>
      <trkpt lat="48.243321" lon="15.351779">
        <ele>235.519614</ele>
      </trkpt>
      <trkpt lat="48.245127" lon="15.353997">
        <ele>235.583219</ele>
      </trkpt>
      <trkpt lat="48.245673" lon="15.354817">
        <ele>235.439193</ele>
      </trkpt>
      <trkpt lat="48.246833" lon="15.357160">
        <ele>235.474366</ele>
      </trkpt>
      <trkpt lat="48.248865" lon="15.362261">
        <ele>234.870561</ele>
      </trkpt>
      <trkpt lat="48.249391" lon="15.363304">
        <ele>233.388380</ele>
      </trkpt>
      <trkpt lat="48.250051" lon="15.364256">
        <ele>229.249404</ele>
      </trkpt>
      <trkpt lat="48.250375" lon="15.364823">
        <ele>226.722147</ele>
      </trkpt>
      <trkpt lat="48.250977" lon="15.365582">
        <ele>222.785218</ele>
      </trkpt>
      <trkpt lat="48.251454" lon="15.366359">
        <ele>219.368315</ele>
      </trkpt>
      <trkpt lat="48.252202" lon="15.367753">
        <ele>214.599492</ele>
      </trkpt>
      <trkpt lat="48.251946" lon="15.368233">
        <ele>213.816511</ele>
      </trkpt>
      <trkpt lat="48.252146" lon="15.368500">
        <ele>213.304853</ele>
      </trkpt>
      <trkpt lat="48.252383" lon="15.368770">
        <ele>212.736067</ele>
      </trkpt>
      <trkpt lat="48.252504" lon="15.368892">
        <ele>212.457404</ele>
      </trkpt>
      <trkpt lat="48.252834" lon="15.369262">
        <ele>211.790804</ele>
      </trkpt>
      <trkpt lat="48.253174" lon="15.369678">
        <ele>211.616223</ele>
      </trkpt>
      <trkpt lat="48.253512" lon="15.370204">
        <ele>211.422460</ele>
      </trkpt>
      <trkpt lat="48.253703" lon="15.370578">
        <ele>211.297525</ele>
      </trkpt>
      <trkpt lat="48.253786" lon="15.370719">
        <ele>211.247639</ele>
      </trkpt>
      <trkpt lat="48.253963" lon="15.371047">
        <ele>211.135731</ele>
      </trkpt>
      <trkpt lat="48.254153" lon="15.371392">
        <ele>211.064287</ele>
      </trkpt>
      <trkpt lat="48.254361" lon="15.371769">
        <ele>211.003000</ele>
      </trkpt>
      <trkpt lat="48.254678" lon="15.372117">
        <ele>210.929181</ele>
      </trkpt>
      <trkpt lat="48.254973" lon="15.372341">
        <ele>210.867036</ele>
      </trkpt>
      <trkpt lat="48.255658" lon="15.372764">
        <ele>211.338078</ele>
      </trkpt>
      <trkpt lat="48.256002" lon="15.373144">
        <ele>212.464249</ele>
      </trkpt>
      <trkpt lat="48.256167" lon="15.373124">
        <ele>212.900812</ele>
      </trkpt>
      <trkpt lat="48.256175" lon="15.373180">
        <ele>213.001380</ele>
      </trkpt>
      <trkpt lat="48.256198" lon="15.373417">
        <ele>213.421924</ele>
      </trkpt>
      <trkpt lat="48.256193" lon="15.373450">
        <ele>213.481350</ele>
      </trkpt>
      <trkpt lat="48.256145" lon="15.373525">
        <ele>213.664018</ele>
      </trkpt>
      <trkpt lat="48.256097" lon="15.373586">
        <ele>213.829841</ele>
      </trkpt>
      <trkpt lat="48.256451" lon="15.374338">
        <ele>215.446976</ele>
      </trkpt>
      <trkpt lat="48.256637" lon="15.374850">
        <ele>217.659794</ele>
      </trkpt>
      <trkpt lat="48.257317" lon="15.377165">
        <ele>227.619303</ele>
      </trkpt>
      <trkpt lat="48.257489" lon="15.377626">
        <ele>229.712385</ele>
      </trkpt>
      <trkpt lat="48.257659" lon="15.377943">
        <ele>231.324602</ele>
      </trkpt>
      <trkpt lat="48.258037" lon="15.378473">
        <ele>234.400872</ele>
      </trkpt>
      <trkpt lat="48.258385" lon="15.378760">
        <ele>236.762682</ele>
      </trkpt>
      <trkpt lat="48.258603" lon="15.378878">
        <ele>237.468241</ele>
      </trkpt>
      <trkpt lat="48.259110" lon="15.379015">
        <ele>238.955180</ele>
      </trkpt>
      <trkpt lat="48.259456" lon="15.379027">
        <ele>239.954169</ele>
      </trkpt>
      <trkpt lat="48.259763" lon="15.378979">
        <ele>240.845107</ele>
      </trkpt>
      <trkpt lat="48.261023" lon="15.378228">
        <ele>244.219271</ele>
      </trkpt>
      <trkpt lat="48.261330" lon="15.378119">
        <ele>244.950317</ele>
      </trkpt>
      <trkpt lat="48.261599" lon="15.378230">
        <ele>245.596792</ele>
      </trkpt>
      <trkpt lat="48.262068" lon="15.378139">
        <ele>247.656281</ele>
      </trkpt>
      <trkpt lat="48.262539" lon="15.378162">
        <ele>250.858070</ele>
      </trkpt>
      <trkpt lat="48.262640" lon="15.378052">
        <ele>251.705679</ele>
      </trkpt>
      <trkpt lat="48.263164" lon="15.378193">
        <ele>255.322543</ele>
      </trkpt>
      <trkpt lat="48.263634" lon="15.378506">
        <ele>258.696731</ele>
      </trkpt>
      <trkpt lat="48.264062" lon="15.378992">
        <ele>261.262171</ele>
      </trkpt>
      <trkpt lat="48.264409" lon="15.379245">
        <ele>263.106502</ele>
      </trkpt>
      <trkpt lat="48.264773" lon="15.379523">
        <ele>265.059039</ele>
      </trkpt>
      <trkpt lat="48.265308" lon="15.380055">
        <ele>266.963576</ele>
      </trkpt>
      <trkpt lat="48.266127" lon="15.380437">
        <ele>266.774874</ele>
      </trkpt>
      <trkpt lat="48.266315" lon="15.380581">
        <ele>266.728439</ele>
      </trkpt>
      <trkpt lat="48.266501" lon="15.380768">
        <ele>266.679191</ele>
      </trkpt>
      <trkpt lat="48.266903" lon="15.381322">
        <ele>266.555922</ele>
      </trkpt>
      <trkpt lat="48.267825" lon="15.381912">
        <ele>266.323498</ele>
      </trkpt>
      <trkpt lat="48.268226" lon="15.382401">
        <ele>266.203714</ele>
      </trkpt>
      <trkpt lat="48.269428" lon="15.384428">
        <ele>266.305326</ele>
      </trkpt>
      <trkpt lat="48.269694" lon="15.384823">
        <ele>265.971415</ele>
      </trkpt>
      <trkpt lat="48.269729" lon="15.384790">
        <ele>265.934524</ele>
      </trkpt>
      <trkpt lat="48.269775" lon="15.384747">
        <ele>265.886155</ele>
      </trkpt>
      <trkpt lat="48.270138" lon="15.385575">
        <ele>265.296973</ele>
      </trkpt>
      <trkpt lat="48.270451" lon="15.386113">
        <ele>264.872356</ele>
      </trkpt>
      <trkpt lat="48.270820" lon="15.386639">
        <ele>263.736580</ele>
      </trkpt>
      <trkpt lat="48.271059" lon="15.386979">
        <ele>262.731192</ele>
      </trkpt>
      <trkpt lat="48.272894" lon="15.389539">
        <ele>253.715537</ele>
      </trkpt>
      <trkpt lat="48.273162" lon="15.390019">
        <ele>252.019598</ele>
      </trkpt>
      <trkpt lat="48.273656" lon="15.391108">
        <ele>246.193814</ele>
      </trkpt>
      <trkpt lat="48.273889" lon="15.391551">
        <ele>243.661574</ele>
      </trkpt>
      <trkpt lat="48.273960" lon="15.391606">
        <ele>243.123310</ele>
      </trkpt>
      <trkpt lat="48.274026" lon="15.391559">
        <ele>242.631159</ele>
      </trkpt>
      <trkpt lat="48.274111" lon="15.391544">
        <ele>242.054467</ele>
      </trkpt>
      <trkpt lat="48.274277" lon="15.391645">
        <ele>240.847677</ele>
      </trkpt>
      <trkpt lat="48.275313" lon="15.393081">
        <ele>229.004374</ele>
      </trkpt>
      <trkpt lat="48.276362" lon="15.394372">
        <ele>219.633606</ele>
      </trkpt>
      <trkpt lat="48.276889" lon="15.394949">
        <ele>215.883271</ele>
      </trkpt>
      <trkpt lat="48.277532" lon="15.395852">
        <ele>212.576646</ele>
      </trkpt>
      <trkpt lat="48.278002" lon="15.396313">
        <ele>211.171017</ele>
      </trkpt>
      <trkpt lat="48.278319" lon="15.396893">
        <ele>209.920134</ele>
      </trkpt>
      <trkpt lat="48.278803" lon="15.397538">
        <ele>208.981590</ele>
      </trkpt>
      <trkpt lat="48.279184" lon="15.398165">
        <ele>208.423061</ele>
      </trkpt>
      <trkpt lat="48.279591" lon="15.398750">
        <ele>207.866336</ele>
      </trkpt>
      <trkpt lat="48.281318" lon="15.401053">
        <ele>206.735666</ele>
      </trkpt>
      <trkpt lat="48.281925" lon="15.401753">
        <ele>206.670886</ele>
      </trkpt>
      <trkpt lat="48.282523" lon="15.402211">
        <ele>206.614060</ele>
      </trkpt>
      <trkpt lat="48.283796" lon="15.403092">
        <ele>207.924826</ele>
      </trkpt>
      <trkpt lat="48.284215" lon="15.403465">
        <ele>208.446925</ele>
      </trkpt>
      <trkpt lat="48.284956" lon="15.403941">
        <ele>211.098703</ele>
      </trkpt>
      <trkpt lat="48.285213" lon="15.404184">
        <ele>212.097858</ele>
      </trkpt>
      <trkpt lat="48.285656" lon="15.404426">
        <ele>213.648926</ele>
      </trkpt>
      <trkpt lat="48.286218" lon="15.404968">
        <ele>217.051119</ele>
      </trkpt>
      <trkpt lat="48.286679" lon="15.405485">
        <ele>220.427474</ele>
      </trkpt>
      <trkpt lat="48.286869" lon="15.405757">
        <ele>221.967740</ele>
      </trkpt>
      <trkpt lat="48.286966" lon="15.405896">
        <ele>222.754454</ele>
      </trkpt>
      <trkpt lat="48.287001" lon="15.405902">
        <ele>222.961228</ele>
      </trkpt>
      <trkpt lat="48.287117" lon="15.405924">
        <ele>223.647522</ele>
      </trkpt>
      <trkpt lat="48.287326" lon="15.406016">
        <ele>224.883894</ele>
      </trkpt>
      <trkpt lat="48.287693" lon="15.406260">
        <ele>225.567443</ele>
      </trkpt>
      <trkpt lat="48.288259" lon="15.406328">
        <ele>226.534587</ele>
      </trkpt>
      <trkpt lat="48.288388" lon="15.406446">
        <ele>226.791812</ele>
      </trkpt>
      <trkpt lat="48.288790" lon="15.406479">
        <ele>227.477560</ele>
      </trkpt>
      <trkpt lat="48.289557" lon="15.406541">
        <ele>225.492519</ele>
      </trkpt>
      <trkpt lat="48.290906" lon="15.406724">
        <ele>219.074439</ele>
      </trkpt>
      <trkpt lat="48.291040" lon="15.406807">
        <ele>218.760720</ele>
      </trkpt>
      <trkpt lat="48.291364" lon="15.406982">
        <ele>218.015487</ele>
      </trkpt>
      <trkpt lat="48.291625" lon="15.407123">
        <ele>217.415147</ele>
      </trkpt>
      <trkpt lat="48.291762" lon="15.407210">
        <ele>217.093217</ele>
      </trkpt>
      <trkpt lat="48.292013" lon="15.407381">
        <ele>216.496700</ele>
      </trkpt>
      <trkpt lat="48.292335" lon="15.407504">
        <ele>215.777550</ele>
      </trkpt>
      <trkpt lat="48.292584" lon="15.407510">
        <ele>215.466470</ele>
      </trkpt>
      <trkpt lat="48.292774" lon="15.407489">
        <ele>216.428292</ele>
      </trkpt>
      <trkpt lat="48.293121" lon="15.407420">
        <ele>218.195419</ele>
      </trkpt>
      <trkpt lat="48.293390" lon="15.407425">
        <ele>219.553594</ele>
      </trkpt>
      <trkpt lat="48.293786" lon="15.407538">
        <ele>221.588547</ele>
      </trkpt>
      <trkpt lat="48.294434" lon="15.407844">
        <ele>225.066061</ele>
      </trkpt>
      <trkpt lat="48.295068" lon="15.407905">
        <ele>228.519602</ele>
      </trkpt>
      <trkpt lat="48.296018" lon="15.408116">
        <ele>233.739972</ele>
      </trkpt>
      <trkpt lat="48.296854" lon="15.408557">
        <ele>234.588347</ele>
      </trkpt>
      <trkpt lat="48.297710" lon="15.409132">
        <ele>235.079568</ele>
      </trkpt>
      <trkpt lat="48.298246" lon="15.409409">
        <ele>232.066896</ele>
      </trkpt>
      <trkpt lat="48.298812" lon="15.409624">
        <ele>228.610144</ele>
      </trkpt>
      <trkpt lat="48.299104" lon="15.409663">
        <ele>226.874341</ele>
      </trkpt>
      <trkpt lat="48.299937" lon="15.409951">
        <ele>221.508293</ele>
      </trkpt>
      <trkpt lat="48.300810" lon="15.410401">
        <ele>215.413474</ele>
      </trkpt>
      <trkpt lat="48.301944" lon="15.410842">
        <ele>210.426101</ele>
      </trkpt>
      <trkpt lat="48.303176" lon="15.411129">
        <ele>207.270066</ele>
      </trkpt>
      <trkpt lat="48.304324" lon="15.411490">
        <ele>206.708663</ele>
      </trkpt>
      <trkpt lat="48.304940" lon="15.411592">
        <ele>206.526620</ele>
      </trkpt>
      <trkpt lat="48.308677" lon="15.411964">
        <ele>207.148519</ele>
      </trkpt>
      <trkpt lat="48.309163" lon="15.412098">
        <ele>207.267557</ele>
      </trkpt>
      <trkpt lat="48.309464" lon="15.412321">
        <ele>207.348398</ele>
      </trkpt>
      <trkpt lat="48.309663" lon="15.412508">
        <ele>207.404934</ele>
      </trkpt>
      <trkpt lat="48.309722" lon="15.412564">
        <ele>207.421743</ele>
      </trkpt>
      <trkpt lat="48.309944" lon="15.412848">
        <ele>207.491967</ele>
      </trkpt>
      <trkpt lat="48.310270" lon="15.413145">
        <ele>207.415784</ele>
      </trkpt>
      <trkpt lat="48.310540" lon="15.413334">
        <ele>207.340426</ele>
      </trkpt>
      <trkpt lat="48.310825" lon="15.413427">
        <ele>207.266635</ele>
      </trkpt>
      <trkpt lat="48.311236" lon="15.413393">
        <ele>207.162484</ele>
      </trkpt>
      <trkpt lat="48.311582" lon="15.413264">
        <ele>207.072285</ele>
      </trkpt>
      <trkpt lat="48.312028" lon="15.413028">
        <ele>207.278967</ele>
      </trkpt>
      <trkpt lat="48.312050" lon="15.412931">
        <ele>207.321529</ele>
      </trkpt>
      <trkpt lat="48.312069" lon="15.412773">
        <ele>207.388210</ele>
      </trkpt>
      <trkpt lat="48.312120" lon="15.412700">
        <ele>207.432180</ele>
      </trkpt>
      <trkpt lat="48.312583" lon="15.412739">
        <ele>207.721751</ele>
      </trkpt>
      <trkpt lat="48.314384" lon="15.413216">
        <ele>210.866282</ele>
      </trkpt>
      <trkpt lat="48.314710" lon="15.413338">
        <ele>211.681580</ele>
      </trkpt>
      <trkpt lat="48.314868" lon="15.413333">
        <ele>212.065111</ele>
      </trkpt>
      <trkpt lat="48.315773" lon="15.413575">
        <ele>215.199288</ele>
      </trkpt>
      <trkpt lat="48.317870" lon="15.413634">
        <ele>222.021910</ele>
      </trkpt>
      <trkpt lat="48.318531" lon="15.413592">
        <ele>223.883637</ele>
      </trkpt>
      <trkpt lat="48.319103" lon="15.413489">
        <ele>224.340569</ele>
      </trkpt>
      <trkpt lat="48.321657" lon="15.412768">
        <ele>224.080519</ele>
      </trkpt>
      <trkpt lat="48.322471" lon="15.412685">
        <ele>223.493523</ele>
      </trkpt>
      <trkpt lat="48.324081" lon="15.412235">
        <ele>221.902287</ele>
      </trkpt>
      <trkpt lat="48.324447" lon="15.412110">
        <ele>222.109472</ele>
      </trkpt>
      <trkpt lat="48.324502" lon="15.412088">
        <ele>222.140889</ele>
      </trkpt>
      <trkpt lat="48.324773" lon="15.412036">
        <ele>222.291701</ele>
      </trkpt>
      <trkpt lat="48.324971" lon="15.412078">
        <ele>222.402084</ele>
      </trkpt>
      <trkpt lat="48.325084" lon="15.412135">
        <ele>222.467878</ele>
      </trkpt>
      <trkpt lat="48.326042" lon="15.411805">
        <ele>223.047274</ele>
      </trkpt>
      <trkpt lat="48.326587" lon="15.411553">
        <ele>223.426066</ele>
      </trkpt>
      <trkpt lat="48.326953" lon="15.411476">
        <ele>223.671583</ele>
      </trkpt>
      <trkpt lat="48.327867" lon="15.411125">
        <ele>223.977568</ele>
      </trkpt>
      <trkpt lat="48.328073" lon="15.411109">
        <ele>223.954277</ele>
      </trkpt>
      <trkpt lat="48.329812" lon="15.410612">
        <ele>223.616713</ele>
      </trkpt>
      <trkpt lat="48.330961" lon="15.410429">
        <ele>223.216753</ele>
      </trkpt>
      <trkpt lat="48.331375" lon="15.410268">
        <ele>223.251574</ele>
      </trkpt>
      <trkpt lat="48.331601" lon="15.410287">
        <ele>223.283658</ele>
      </trkpt>
      <trkpt lat="48.331982" lon="15.410222">
        <ele>223.338009</ele>
      </trkpt>
      <trkpt lat="48.332745" lon="15.410017">
        <ele>223.447872</ele>
      </trkpt>
      <trkpt lat="48.333442" lon="15.409691">
        <ele>224.072173</ele>
      </trkpt>
      <trkpt lat="48.334695" lon="15.409581">
        <ele>224.684967</ele>
      </trkpt>
      <trkpt lat="48.335092" lon="15.409602">
        <ele>223.662628</ele>
      </trkpt>
      <trkpt lat="48.335300" lon="15.409665">
        <ele>223.116582</ele>
      </trkpt>
      <trkpt lat="48.335770" lon="15.409524">
        <ele>221.883184</ele>
      </trkpt>
      <trkpt lat="48.336314" lon="15.409464">
        <ele>220.479404</ele>
      </trkpt>
      <trkpt lat="48.337496" lon="15.409012">
        <ele>215.417408</ele>
      </trkpt>
      <trkpt lat="48.341101" lon="15.409576">
        <ele>206.722097</ele>
      </trkpt>
      <trkpt lat="48.342499" lon="15.409638">
        <ele>205.482093</ele>
      </trkpt>
      <trkpt lat="48.342813" lon="15.409715">
        <ele>205.372106</ele>
      </trkpt>
      <trkpt lat="48.343824" lon="15.409644">
        <ele>205.113417</ele>
      </trkpt>
      <trkpt lat="48.344258" lon="15.409755">
        <ele>205.072393</ele>
      </trkpt>
      <trkpt lat="48.345274" lon="15.409756">
        <ele>204.975895</ele>
      </trkpt>
      <trkpt lat="48.347743" lon="15.409933">
        <ele>204.438874</ele>
      </trkpt>
      <trkpt lat="48.348752" lon="15.410112">
        <ele>204.146964</ele>
      </trkpt>
      <trkpt lat="48.349316" lon="15.410226">
        <ele>204.108967</ele>
      </trkpt>
      <trkpt lat="48.349743" lon="15.410312">
        <ele>204.098222</ele>
      </trkpt>
      <trkpt lat="48.350903" lon="15.410607">
        <ele>204.178542</ele>
      </trkpt>
      <trkpt lat="48.352598" lon="15.411007">
        <ele>204.783830</ele>
      </trkpt>
      <trkpt lat="48.353074" lon="15.411026">
        <ele>204.936204</ele>
      </trkpt>
      <trkpt lat="48.353525" lon="15.411180">
        <ele>205.084194</ele>
      </trkpt>
      <trkpt lat="48.353843" lon="15.411396">
        <ele>205.195842</ele>
      </trkpt>
      <trkpt lat="48.354062" lon="15.411542">
        <ele>205.272491</ele>
      </trkpt>
      <trkpt lat="48.354196" lon="15.411669">
        <ele>205.299526</ele>
      </trkpt>
      <trkpt lat="48.354286" lon="15.411758">
        <ele>205.305950</ele>
      </trkpt>
      <trkpt lat="48.354697" lon="15.412242">
        <ele>205.337081</ele>
      </trkpt>
      <trkpt lat="48.356223" lon="15.413805">
        <ele>205.544649</ele>
      </trkpt>
      <trkpt lat="48.357005" lon="15.414819">
        <ele>205.737583</ele>
      </trkpt>
      <trkpt lat="48.359312" lon="15.418326">
        <ele>207.136544</ele>
      </trkpt>
      <trkpt lat="48.360324" lon="15.419953">
        <ele>207.570120</ele>
      </trkpt>
      <trkpt lat="48.360639" lon="15.420506">
        <ele>207.695772</ele>
      </trkpt>
      <trkpt lat="48.360441" lon="15.420498">
        <ele>207.747365</ele>
      </trkpt>
      <trkpt lat="48.360639" lon="15.420506">
        <ele>207.799494</ele>
      </trkpt>
      <trkpt lat="48.361103" lon="15.421429">
        <ele>208.001888</ele>
      </trkpt>
      <trkpt lat="48.362598" lon="15.424053">
        <ele>208.880837</ele>
      </trkpt>
      <trkpt lat="48.363428" lon="15.425772">
        <ele>209.129565</ele>
      </trkpt>
      <trkpt lat="48.363703" lon="15.426147">
        <ele>209.169603</ele>
      </trkpt>
      <trkpt lat="48.363896" lon="15.426302">
        <ele>209.193206</ele>
      </trkpt>
      <trkpt lat="48.364376" lon="15.427134">
        <ele>208.157824</ele>
      </trkpt>
      <trkpt lat="48.364524" lon="15.427430">
        <ele>207.761716</ele>
      </trkpt>
      <trkpt lat="48.364848" lon="15.428079">
        <ele>206.893709</ele>
      </trkpt>
      <trkpt lat="48.364910" lon="15.428617">
        <ele>206.309873</ele>
      </trkpt>
      <trkpt lat="48.364883" lon="15.428853">
        <ele>206.148365</ele>
      </trkpt>
      <trkpt lat="48.365065" lon="15.429439">
        <ele>205.714468</ele>
      </trkpt>
      <trkpt lat="48.365327" lon="15.430417">
        <ele>205.007141</ele>
      </trkpt>
      <trkpt lat="48.365639" lon="15.431404">
        <ele>204.631015</ele>
      </trkpt>
      <trkpt lat="48.365915" lon="15.432604">
        <ele>205.176715</ele>
      </trkpt>
      <trkpt lat="48.366148" lon="15.433265">
        <ele>205.498268</ele>
      </trkpt>
      <trkpt lat="48.366396" lon="15.433849">
        <ele>205.781499</ele>
      </trkpt>
      <trkpt lat="48.366469" lon="15.434043">
        <ele>205.867386</ele>
      </trkpt>
      <trkpt lat="48.366637" lon="15.434508">
        <ele>206.071288</ele>
      </trkpt>
      <trkpt lat="48.366913" lon="15.436092">
        <ele>206.693463</ele>
      </trkpt>
      <trkpt lat="48.367089" lon="15.436792">
        <ele>206.388840</ele>
      </trkpt>
      <trkpt lat="48.368533" lon="15.441132">
        <ele>204.042104</ele>
      </trkpt>
      <trkpt lat="48.368899" lon="15.441889">
        <ele>204.257015</ele>
      </trkpt>
      <trkpt lat="48.369061" lon="15.442184">
        <ele>204.344870</ele>
      </trkpt>
      <trkpt lat="48.369441" lon="15.442904">
        <ele>204.555947</ele>
      </trkpt>
      <trkpt lat="48.369689" lon="15.443631">
        <ele>206.041698</ele>
      </trkpt>
      <trkpt lat="48.369931" lon="15.444116">
        <ele>207.620929</ele>
      </trkpt>
      <trkpt lat="48.370006" lon="15.444432">
        <ele>208.494577</ele>
      </trkpt>
      <trkpt lat="48.370010" lon="15.444538">
        <ele>208.770996</ele>
      </trkpt>
      <trkpt lat="48.369833" lon="15.444711">
        <ele>209.598080</ele>
      </trkpt>
      <trkpt lat="48.369742" lon="15.444805">
        <ele>210.030614</ele>
      </trkpt>
      <trkpt lat="48.369436" lon="15.445060">
        <ele>211.401369</ele>
      </trkpt>
      <trkpt lat="48.368924" lon="15.445587">
        <ele>214.609981</ele>
      </trkpt>
      <trkpt lat="48.369401" lon="15.446333">
        <ele>218.274135</ele>
      </trkpt>
      <trkpt lat="48.369451" lon="15.446411">
        <ele>218.657715</ele>
      </trkpt>
      <trkpt lat="48.369916" lon="15.447134">
        <ele>222.107363</ele>
      </trkpt>
      <trkpt lat="48.370784" lon="15.448152">
        <ele>227.295253</ele>
      </trkpt>
      <trkpt lat="48.371266" lon="15.449097">
        <ele>231.731292</ele>
      </trkpt>
      <trkpt lat="48.371702" lon="15.449669">
        <ele>235.937688</ele>
      </trkpt>
      <trkpt lat="48.372137" lon="15.450706">
        <ele>241.863306</ele>
      </trkpt>
      <trkpt lat="48.372146" lon="15.450717">
        <ele>241.947623</ele>
      </trkpt>
      <trkpt lat="48.372358" lon="15.451009">
        <ele>244.231515</ele>
      </trkpt>
      <trkpt lat="48.374211" lon="15.453362">
        <ele>260.532712</ele>
      </trkpt>
      <trkpt lat="48.374703" lon="15.453935">
        <ele>262.547533</ele>
      </trkpt>
      <trkpt lat="48.375056" lon="15.454295">
        <ele>263.564015</ele>
      </trkpt>
      <trkpt lat="48.376868" lon="15.455840">
        <ele>252.683626</ele>
      </trkpt>
      <trkpt lat="48.377087" lon="15.456080">
        <ele>251.001460</ele>
      </trkpt>
      <trkpt lat="48.378437" lon="15.458044">
        <ele>240.265254</ele>
      </trkpt>
      <trkpt lat="48.379187" lon="15.459068">
        <ele>235.355913</ele>
      </trkpt>
      <trkpt lat="48.379435" lon="15.459383">
        <ele>235.132379</ele>
      </trkpt>
      <trkpt lat="48.380033" lon="15.460143">
        <ele>236.235885</ele>
      </trkpt>
      <trkpt lat="48.381291" lon="15.461743">
        <ele>239.123619</ele>
      </trkpt>
      <trkpt lat="48.381686" lon="15.462283">
        <ele>240.232505</ele>
      </trkpt>
      <trkpt lat="48.383802" lon="15.465669">
        <ele>236.902223</ele>
      </trkpt>
      <trkpt lat="48.384231" lon="15.466293">
        <ele>236.401715</ele>
      </trkpt>
      <trkpt lat="48.385575" lon="15.467738">
        <ele>237.842751</ele>
      </trkpt>
      <trkpt lat="48.385987" lon="15.468117">
        <ele>238.465781</ele>
      </trkpt>
      <trkpt lat="48.386008" lon="15.468051">
        <ele>238.453381</ele>
      </trkpt>
      <trkpt lat="48.386723" lon="15.468679">
        <ele>238.242192</ele>
      </trkpt>
      <trkpt lat="48.388265" lon="15.469957">
        <ele>237.125181</ele>
      </trkpt>
      <trkpt lat="48.388360" lon="15.469879">
        <ele>237.011707</ele>
      </trkpt>
      <trkpt lat="48.388431" lon="15.469880">
        <ele>236.937246</ele>
      </trkpt>
      <trkpt lat="48.388994" lon="15.470651">
        <ele>236.139187</ele>
      </trkpt>
      <trkpt lat="48.391597" lon="15.473519">
        <ele>229.612235</ele>
      </trkpt>
      <trkpt lat="48.392288" lon="15.474511">
        <ele>224.813883</ele>
      </trkpt>
      <trkpt lat="48.393019" lon="15.475370">
        <ele>218.753146</ele>
      </trkpt>
      <trkpt lat="48.393156" lon="15.475173">
        <ele>217.514980</ele>
      </trkpt>
      <trkpt lat="48.393019" lon="15.475370">
        <ele>216.413211</ele>
      </trkpt>
      <trkpt lat="48.393010" lon="15.475492">
        <ele>216.031963</ele>
      </trkpt>
      <trkpt lat="48.393722" lon="15.476603">
        <ele>211.236376</ele>
      </trkpt>
      <trkpt lat="48.393850" lon="15.477061">
        <ele>209.693044</ele>
      </trkpt>
      <trkpt lat="48.394525" lon="15.478318">
        <ele>206.722118</ele>
      </trkpt>
      <trkpt lat="48.394556" lon="15.478631">
        <ele>206.288072</ele>
      </trkpt>
      <trkpt lat="48.394713" lon="15.479414">
        <ele>205.166248</ele>
      </trkpt>
      <trkpt lat="48.394989" lon="15.480107">
        <ele>204.464026</ele>
      </trkpt>
      <trkpt lat="48.395325" lon="15.480675">
        <ele>204.163801</ele>
      </trkpt>
      <trkpt lat="48.396268" lon="15.481867">
        <ele>203.487729</ele>
      </trkpt>
      <trkpt lat="48.396459" lon="15.482030">
        <ele>203.414460</ele>
      </trkpt>
      <trkpt lat="48.397016" lon="15.482274">
        <ele>203.220856</ele>
      </trkpt>
      <trkpt lat="48.397978" lon="15.483325">
        <ele>202.896643</ele>
      </trkpt>
      <trkpt lat="48.398580" lon="15.483835">
        <ele>202.790248</ele>
      </trkpt>
      <trkpt lat="48.398639" lon="15.483980">
        <ele>202.772855</ele>
      </trkpt>
      <trkpt lat="48.398596" lon="15.484141">
        <ele>202.755106</ele>
      </trkpt>
      <trkpt lat="48.398715" lon="15.484169">
        <ele>202.736553</ele>
      </trkpt>
      <trkpt lat="48.399039" lon="15.484510">
        <ele>202.677415</ele>
      </trkpt>
      <trkpt lat="48.399191" lon="15.484672">
        <ele>202.657092</ele>
      </trkpt>
      <trkpt lat="48.399344" lon="15.484834">
        <ele>202.636680</ele>
      </trkpt>
      <trkpt lat="48.399509" lon="15.485055">
        <ele>202.612581</ele>
      </trkpt>
      <trkpt lat="48.399835" lon="15.485568">
        <ele>202.561123</ele>
      </trkpt>
      <trkpt lat="48.400008" lon="15.485836">
        <ele>202.534037</ele>
      </trkpt>
      <trkpt lat="48.400231" lon="15.486077">
        <ele>202.504082</ele>
      </trkpt>
      <trkpt lat="48.400511" lon="15.486338">
        <ele>202.439519</ele>
      </trkpt>
      <trkpt lat="48.400496" lon="15.486460">
        <ele>202.415578</ele>
      </trkpt>
      <trkpt lat="48.400118" lon="15.486914">
        <ele>202.275070</ele>
      </trkpt>
      <trkpt lat="48.400103" lon="15.486998">
        <ele>202.258286</ele>
      </trkpt>
      <trkpt lat="48.400681" lon="15.488415">
        <ele>201.911128</ele>
      </trkpt>
      <trkpt lat="48.400793" lon="15.488570">
        <ele>201.820916</ele>
      </trkpt>
      <trkpt lat="48.400902" lon="15.489036">
        <ele>201.626361</ele>
      </trkpt>
      <trkpt lat="48.400884" lon="15.489379">
        <ele>201.490874</ele>
      </trkpt>
      <trkpt lat="48.400863" lon="15.489553">
        <ele>201.421233</ele>
      </trkpt>
      <trkpt lat="48.400867" lon="15.489919">
        <ele>201.277091</ele>
      </trkpt>
      <trkpt lat="48.400856" lon="15.491270">
        <ele>200.818546</ele>
      </trkpt>
      <trkpt lat="48.401072" lon="15.492174">
        <ele>200.624630</ele>
      </trkpt>
      <trkpt lat="48.401543" lon="15.493563">
        <ele>200.396506</ele>
      </trkpt>
      <trkpt lat="48.401776" lon="15.494715">
        <ele>200.691051</ele>
      </trkpt>
      <trkpt lat="48.402287" lon="15.496508">
        <ele>201.478096</ele>
      </trkpt>
      <trkpt lat="48.402363" lon="15.496919">
        <ele>201.788828</ele>
      </trkpt>
      <trkpt lat="48.402240" lon="15.498046">
        <ele>202.620659</ele>
      </trkpt>
      <trkpt lat="48.402371" lon="15.499541">
        <ele>203.131210</ele>
      </trkpt>
      <trkpt lat="48.402349" lon="15.499761">
        <ele>203.163523</ele>
      </trkpt>
      <trkpt lat="48.402289" lon="15.499858">
        <ele>203.182778</ele>
      </trkpt>
      <trkpt lat="48.401989" lon="15.499982">
        <ele>203.250834</ele>
      </trkpt>
      <trkpt lat="48.401801" lon="15.500186">
        <ele>203.301523</ele>
      </trkpt>
      <trkpt lat="48.401624" lon="15.501414">
        <ele>202.613284</ele>
      </trkpt>
      <trkpt lat="48.401551" lon="15.501751">
        <ele>202.240780</ele>
      </trkpt>
      <trkpt lat="48.401498" lon="15.502096">
        <ele>201.868663</ele>
      </trkpt>
      <trkpt lat="48.401103" lon="15.503449">
        <ele>200.412080</ele>
      </trkpt>
      <trkpt lat="48.400571" lon="15.504624">
        <ele>199.586190</ele>
      </trkpt>
      <trkpt lat="48.400429" lon="15.505074">
        <ele>199.296856</ele>
      </trkpt>
      <trkpt lat="48.399850" lon="15.506067">
        <ele>199.042632</ele>
      </trkpt>
      <trkpt lat="48.399415" lon="15.506998">
        <ele>199.172842</ele>
      </trkpt>
      <trkpt lat="48.399262" lon="15.507326">
        <ele>199.218692</ele>
      </trkpt>
      <trkpt lat="48.399114" lon="15.507631">
        <ele>199.261901</ele>
      </trkpt>
      <trkpt lat="48.399028" lon="15.507713">
        <ele>199.312082</ele>
      </trkpt>
      <trkpt lat="48.398594" lon="15.507853">
        <ele>199.607516</ele>
      </trkpt>
      <trkpt lat="48.398062" lon="15.508113">
        <ele>199.979807</ele>
      </trkpt>
      <trkpt lat="48.397911" lon="15.508133">
        <ele>200.080704</ele>
      </trkpt>
      <trkpt lat="48.397428" lon="15.508622">
        <ele>200.466725</ele>
      </trkpt>
      <trkpt lat="48.397061" lon="15.509113">
        <ele>200.635841</ele>
      </trkpt>
      <trkpt lat="48.396088" lon="15.510727">
        <ele>201.036504</ele>
      </trkpt>
      <trkpt lat="48.395672" lon="15.511318">
        <ele>200.844171</ele>
      </trkpt>
      <trkpt lat="48.395292" lon="15.511859">
        <ele>200.668305</ele>
      </trkpt>
      <trkpt lat="48.394830" lon="15.512500">
        <ele>200.433055</ele>
      </trkpt>
      <trkpt lat="48.394294" lon="15.513047">
        <ele>199.987812</ele>
      </trkpt>
      <trkpt lat="48.392843" lon="15.514147">
        <ele>198.515175</ele>
      </trkpt>
      <trkpt lat="48.392392" lon="15.514544">
        <ele>197.812983</ele>
      </trkpt>
      <trkpt lat="48.392058" lon="15.514925">
        <ele>197.249768</ele>
      </trkpt>
      <trkpt lat="48.391667" lon="15.515287">
        <ele>196.783314</ele>
      </trkpt>
      <trkpt lat="48.391734" lon="15.515482">
        <ele>196.740467</ele>
      </trkpt>
      <trkpt lat="48.392139" lon="15.516634">
        <ele>196.486094</ele>
      </trkpt>
      <trkpt lat="48.393190" lon="15.519676">
        <ele>199.468853</ele>
      </trkpt>
      <trkpt lat="48.393271" lon="15.519909">
        <ele>199.808374</ele>
      </trkpt>
      <trkpt lat="48.393644" lon="15.519689">
        <ele>200.599943</ele>
      </trkpt>
      <trkpt lat="48.393849" lon="15.520259">
        <ele>201.450497</ele>
      </trkpt>
      <trkpt lat="48.394090" lon="15.520814">
        <ele>202.320601</ele>
      </trkpt>
      <trkpt lat="48.394248" lon="15.521214">
        <ele>202.931279</ele>
      </trkpt>
      <trkpt lat="48.394223" lon="15.521310">
        <ele>203.066580</ele>
      </trkpt>
      <trkpt lat="48.394203" lon="15.521333">
        <ele>203.116305</ele>
      </trkpt>
      <trkpt lat="48.393781" lon="15.522362">
        <ele>202.981428</ele>
      </trkpt>
      <trkpt lat="48.393626" lon="15.522742">
        <ele>202.824938</ele>
      </trkpt>
      <trkpt lat="48.393519" lon="15.522847">
        <ele>202.757449</ele>
      </trkpt>
      <trkpt lat="48.393272" lon="15.523260">
        <ele>202.562411</ele>
      </trkpt>
      <trkpt lat="48.393210" lon="15.523382">
        <ele>202.508502</ele>
      </trkpt>
      <trkpt lat="48.393026" lon="15.523636">
        <ele>202.395079</ele>
      </trkpt>
      <trkpt lat="48.392959" lon="15.523831">
        <ele>202.398791</ele>
      </trkpt>
      <trkpt lat="48.392948" lon="15.523941">
        <ele>202.400671</ele>
      </trkpt>
      <trkpt lat="48.392971" lon="15.524039">
        <ele>202.402428</ele>
      </trkpt>
      <trkpt lat="48.392944" lon="15.524084">
        <ele>202.403454</ele>
      </trkpt>
      <trkpt lat="48.392927" lon="15.524114">
        <ele>202.404120</ele>
      </trkpt>
      <trkpt lat="48.392749" lon="15.524472">
        <ele>202.411681</ele>
      </trkpt>
      <trkpt lat="48.392645" lon="15.524681">
        <ele>202.416096</ele>
      </trkpt>
      <trkpt lat="48.392433" lon="15.525120">
        <ele>202.425272</ele>
      </trkpt>
      <trkpt lat="48.392253" lon="15.525508">
        <ele>202.433274</ele>
      </trkpt>
      <trkpt lat="48.392054" lon="15.526153">
        <ele>202.547046</ele>
      </trkpt>
      <trkpt lat="48.391960" lon="15.526446">
        <ele>202.658623</ele>
      </trkpt>
      <trkpt lat="48.391826" lon="15.527118">
        <ele>202.899208</ele>
      </trkpt>
      <trkpt lat="48.391763" lon="15.527677">
        <ele>203.093624</ele>
      </trkpt>
      <trkpt lat="48.391711" lon="15.528560">
        <ele>203.370733</ele>
      </trkpt>
      <trkpt lat="48.391603" lon="15.529315">
        <ele>203.388606</ele>
      </trkpt>
      <trkpt lat="48.391565" lon="15.529438">
        <ele>203.391745</ele>
      </trkpt>
      <trkpt lat="48.391145" lon="15.531407">
        <ele>203.503505</ele>
      </trkpt>
      <trkpt lat="48.391027" lon="15.532074">
        <ele>203.644999</ele>
      </trkpt>
      <trkpt lat="48.390970" lon="15.532724">
        <ele>203.779396</ele>
      </trkpt>
      <trkpt lat="48.390939" lon="15.532895">
        <ele>203.815731</ele>
      </trkpt>
      <trkpt lat="48.390976" lon="15.533024">
        <ele>203.844535</ele>
      </trkpt>
      <trkpt lat="48.391086" lon="15.534044">
        <ele>204.063083</ele>
      </trkpt>
      <trkpt lat="48.391113" lon="15.534436">
        <ele>204.151667</ele>
      </trkpt>
      <trkpt lat="48.391082" lon="15.534919">
        <ele>204.260737</ele>
      </trkpt>
      <trkpt lat="48.391014" lon="15.535804">
        <ele>204.460988</ele>
      </trkpt>
      <trkpt lat="48.390942" lon="15.536627">
        <ele>204.491966</ele>
      </trkpt>
      <trkpt lat="48.390935" lon="15.536714">
        <ele>204.452775</ele>
      </trkpt>
      <trkpt lat="48.390906" lon="15.537142">
        <ele>204.260379</ele>
      </trkpt>
      <trkpt lat="48.390916" lon="15.537487">
        <ele>204.105947</ele>
      </trkpt>
      <trkpt lat="48.390951" lon="15.538309">
        <ele>203.737592</ele>
      </trkpt>
      <trkpt lat="48.390899" lon="15.538878">
        <ele>203.480735</ele>
      </trkpt>
      <trkpt lat="48.390839" lon="15.540045">
        <ele>203.667244</ele>
      </trkpt>
      <trkpt lat="48.390848" lon="15.540489">
        <ele>203.798931</ele>
      </trkpt>
      <trkpt lat="48.390901" lon="15.541036">
        <ele>203.962808</ele>
      </trkpt>
      <trkpt lat="48.390917" lon="15.541159">
        <ele>203.999965</ele>
      </trkpt>
      <trkpt lat="48.390978" lon="15.541629">
        <ele>204.141935</ele>
      </trkpt>
      <trkpt lat="48.391030" lon="15.542279">
        <ele>205.378529</ele>
      </trkpt>
      <trkpt lat="48.391032" lon="15.542315">
        <ele>205.464262</ele>
      </trkpt>
      <trkpt lat="48.391098" lon="15.543234">
        <ele>207.657925</ele>
      </trkpt>
      <trkpt lat="48.391209" lon="15.544674">
        <ele>210.871386</ele>
      </trkpt>
      <trkpt lat="48.391283" lon="15.545095">
        <ele>211.419489</ele>
      </trkpt>
      <trkpt lat="48.391404" lon="15.545902">
        <ele>212.460716</ele>
      </trkpt>
      <trkpt lat="48.391459" lon="15.546312">
        <ele>212.987148</ele>
      </trkpt>
      <trkpt lat="48.391493" lon="15.546648">
        <ele>213.414905</ele>
      </trkpt>
      <trkpt lat="48.391480" lon="15.546791">
        <ele>213.596557</ele>
      </trkpt>
      <trkpt lat="48.391541" lon="15.547024">
        <ele>213.911768</ele>
      </trkpt>
      <trkpt lat="48.391738" lon="15.548087">
        <ele>212.147006</ele>
      </trkpt>
      <trkpt lat="48.392066" lon="15.550523">
        <ele>207.243563</ele>
      </trkpt>
      <trkpt lat="48.392169" lon="15.551076">
        <ele>205.960512</ele>
      </trkpt>
      <trkpt lat="48.392222" lon="15.551640">
        <ele>204.688013</ele>
      </trkpt>
      <trkpt lat="48.392225" lon="15.551805">
        <ele>204.319275</ele>
      </trkpt>
      <trkpt lat="48.392226" lon="15.551849">
        <ele>204.220924</ele>
      </trkpt>
      <trkpt lat="48.392262" lon="15.552595">
        <ele>202.682389</ele>
      </trkpt>
      <trkpt lat="48.392368" lon="15.553207">
        <ele>201.725717</ele>
      </trkpt>
      <trkpt lat="48.392420" lon="15.553419">
        <ele>201.383872</ele>
      </trkpt>
      <trkpt lat="48.392451" lon="15.553620">
        <ele>201.071751</ele>
      </trkpt>
      <trkpt lat="48.392777" lon="15.554313">
        <ele>199.787151</ele>
      </trkpt>
      <trkpt lat="48.393014" lon="15.555625">
        <ele>198.038505</ele>
      </trkpt>
      <trkpt lat="48.393003" lon="15.556004">
        <ele>197.620758</ele>
      </trkpt>
      <trkpt lat="48.392989" lon="15.556081">
        <ele>197.532846</ele>
      </trkpt>
      <trkpt lat="48.392934" lon="15.556351">
        <ele>197.221851</ele>
      </trkpt>
      <trkpt lat="48.392918" lon="15.556438">
        <ele>197.122441</ele>
      </trkpt>
      <trkpt lat="48.392901" lon="15.556476">
        <ele>197.071985</ele>
      </trkpt>
      <trkpt lat="48.392810" lon="15.556462">
        <ele>196.920288</ele>
      </trkpt>
      <trkpt lat="48.392840" lon="15.556511">
        <ele>196.846895</ele>
      </trkpt>
      <trkpt lat="48.392820" lon="15.556924">
        <ele>196.390897</ele>
      </trkpt>
      <trkpt lat="48.392849" lon="15.557228">
        <ele>196.052700</ele>
      </trkpt>
      <trkpt lat="48.393613" lon="15.559669">
        <ele>194.802877</ele>
      </trkpt>
      <trkpt lat="48.394444" lon="15.561955">
        <ele>194.693159</ele>
      </trkpt>
      <trkpt lat="48.394776" lon="15.563035">
        <ele>194.657980</ele>
      </trkpt>
      <trkpt lat="48.395627" lon="15.565147">
        <ele>194.848990</ele>
      </trkpt>
      <trkpt lat="48.396363" lon="15.566631">
        <ele>195.530470</ele>
      </trkpt>
      <trkpt lat="48.396437" lon="15.566766">
        <ele>195.595209</ele>
      </trkpt>
      <trkpt lat="48.396528" lon="15.566882">
        <ele>195.755474</ele>
      </trkpt>
      <trkpt lat="48.397002" lon="15.567534">
        <ele>196.618423</ele>
      </trkpt>
      <trkpt lat="48.397916" lon="15.568680">
        <ele>198.080937</ele>
      </trkpt>
      <trkpt lat="48.398232" lon="15.569150">
        <ele>198.280523</ele>
      </trkpt>
      <trkpt lat="48.398434" lon="15.569521">
        <ele>198.423685</ele>
      </trkpt>
      <trkpt lat="48.398484" lon="15.569700">
        <ele>198.481629</ele>
      </trkpt>
      <trkpt lat="48.398540" lon="15.570233">
        <ele>198.642645</ele>
      </trkpt>
      <trkpt lat="48.399042" lon="15.571823">
        <ele>198.501873</ele>
      </trkpt>
      <trkpt lat="48.399200" lon="15.572171">
        <ele>198.386279</ele>
      </trkpt>
      <trkpt lat="48.399359" lon="15.572564">
        <ele>198.260093</ele>
      </trkpt>
      <trkpt lat="48.399423" lon="15.572703">
        <ele>198.213714</ele>
      </trkpt>
      <trkpt lat="48.399617" lon="15.573028">
        <ele>198.093883</ele>
      </trkpt>
      <trkpt lat="48.399705" lon="15.573210">
        <ele>197.918606</ele>
      </trkpt>
      <trkpt lat="48.399769" lon="15.573398">
        <ele>197.717421</ele>
      </trkpt>
      <trkpt lat="48.399843" lon="15.573627">
        <ele>197.474898</ele>
      </trkpt>
      <trkpt lat="48.399941" lon="15.574032">
        <ele>197.064421</ele>
      </trkpt>
      <trkpt lat="48.399945" lon="15.574244">
        <ele>196.862463</ele>
      </trkpt>
      <trkpt lat="48.399941" lon="15.574504">
        <ele>196.614812</ele>
      </trkpt>
      <trkpt lat="48.399947" lon="15.574803">
        <ele>196.329959</ele>
      </trkpt>
      <trkpt lat="48.399966" lon="15.574888">
        <ele>196.244553</ele>
      </trkpt>
      <trkpt lat="48.399865" lon="15.574944">
        <ele>196.090189</ele>
      </trkpt>
      <trkpt lat="48.399864" lon="15.575086">
        <ele>195.954962</ele>
      </trkpt>
      <trkpt lat="48.399876" lon="15.575353">
        <ele>195.700129</ele>
      </trkpt>
      <trkpt lat="48.399913" lon="15.575797">
        <ele>195.295103</ele>
      </trkpt>
      <trkpt lat="48.399926" lon="15.575923">
        <ele>195.185096</ele>
      </trkpt>
      <trkpt lat="48.399955" lon="15.576117">
        <ele>195.013539</ele>
      </trkpt>
      <trkpt lat="48.400006" lon="15.576389">
        <ele>194.769703</ele>
      </trkpt>
      <trkpt lat="48.400049" lon="15.576595">
        <ele>194.583407</ele>
      </trkpt>
      <trkpt lat="48.400198" lon="15.577230">
        <ele>194.002377</ele>
      </trkpt>
      <trkpt lat="48.400262" lon="15.577499">
        <ele>193.755857</ele>
      </trkpt>
      <trkpt lat="48.400443" lon="15.578250">
        <ele>193.172333</ele>
      </trkpt>
      <trkpt lat="48.400508" lon="15.578571">
        <ele>193.206592</ele>
      </trkpt>
      <trkpt lat="48.400525" lon="15.578652">
        <ele>193.215264</ele>
      </trkpt>
      <trkpt lat="48.400539" lon="15.578729">
        <ele>193.223414</ele>
      </trkpt>
      <trkpt lat="48.400784" lon="15.579830">
        <ele>193.341952</ele>
      </trkpt>
      <trkpt lat="48.400888" lon="15.580225">
        <ele>193.385329</ele>
      </trkpt>
      <trkpt lat="48.400934" lon="15.580378">
        <ele>193.402475</ele>
      </trkpt>
      <trkpt lat="48.400978" lon="15.580511">
        <ele>193.417644</ele>
      </trkpt>
      <trkpt lat="48.401054" lon="15.580722">
        <ele>193.472935</ele>
      </trkpt>
      <trkpt lat="48.401440" lon="15.581715">
        <ele>194.403402</ele>
      </trkpt>
      <trkpt lat="48.401455" lon="15.581756">
        <ele>194.441256</ele>
      </trkpt>
      <trkpt lat="48.401482" lon="15.581829">
        <ele>194.508827</ele>
      </trkpt>
      <trkpt lat="48.401532" lon="15.581962">
        <ele>194.632418</ele>
      </trkpt>
      <trkpt lat="48.401547" lon="15.582004">
        <ele>194.670982</ele>
      </trkpt>
      <trkpt lat="48.402028" lon="15.583391">
        <ele>195.817278</ele>
      </trkpt>
      <trkpt lat="48.402042" lon="15.583432">
        <ele>195.840147</ele>
      </trkpt>
      <trkpt lat="48.402108" lon="15.583628">
        <ele>195.949158</ele>
      </trkpt>
      <trkpt lat="48.402242" lon="15.583992">
        <ele>196.155609</ele>
      </trkpt>
      <trkpt lat="48.402554" lon="15.584770">
        <ele>196.606451</ele>
      </trkpt>
      <trkpt lat="48.402825" lon="15.585428">
        <ele>196.953949</ele>
      </trkpt>
      <trkpt lat="48.403030" lon="15.585916">
        <ele>196.668390</ele>
      </trkpt>
      <trkpt lat="48.403170" lon="15.586251">
        <ele>196.472650</ele>
      </trkpt>
      <trkpt lat="48.403506" lon="15.587006">
        <ele>196.023197</ele>
      </trkpt>
      <trkpt lat="48.403291" lon="15.587215">
        <ele>195.832606</ele>
      </trkpt>
      <trkpt lat="48.403378" lon="15.587795">
        <ele>195.546157</ele>
      </trkpt>
      <trkpt lat="48.403368" lon="15.587902">
        <ele>195.497036</ele>
      </trkpt>
      <trkpt lat="48.403354" lon="15.587949">
        <ele>195.473618</ele>
      </trkpt>
      <trkpt lat="48.403345" lon="15.587972">
        <ele>195.461482</ele>
      </trkpt>
      <trkpt lat="48.403331" lon="15.588008">
        <ele>195.442515</ele>
      </trkpt>
      <trkpt lat="48.403302" lon="15.587990">
        <ele>195.421038</ele>
      </trkpt>
      <trkpt lat="48.403271" lon="15.587982">
        <ele>195.399501</ele>
      </trkpt>
      <trkpt lat="48.403234" lon="15.587984">
        <ele>195.374150</ele>
      </trkpt>
      <trkpt lat="48.403199" lon="15.588000">
        <ele>195.349104</ele>
      </trkpt>
      <trkpt lat="48.403167" lon="15.588029">
        <ele>195.323532</ele>
      </trkpt>
      <trkpt lat="48.403144" lon="15.588062">
        <ele>195.301781</ele>
      </trkpt>
      <trkpt lat="48.403126" lon="15.588102">
        <ele>195.279814</ele>
      </trkpt>
      <trkpt lat="48.403114" lon="15.588147">
        <ele>195.257769</ele>
      </trkpt>
      <trkpt lat="48.403080" lon="15.588174">
        <ele>195.231450</ele>
      </trkpt>
      <trkpt lat="48.403037" lon="15.588205">
        <ele>195.198807</ele>
      </trkpt>
      <trkpt lat="48.402969" lon="15.588255">
        <ele>195.146993</ele>
      </trkpt>
      <trkpt lat="48.402982" lon="15.588336">
        <ele>195.109110</ele>
      </trkpt>
      <trkpt lat="48.402992" lon="15.588402">
        <ele>195.078335</ele>
      </trkpt>
      <trkpt lat="48.403029" lon="15.588496">
        <ele>195.028657</ele>
      </trkpt>
      <trkpt lat="48.403168" lon="15.588597">
        <ele>194.922982</ele>
      </trkpt>
      <trkpt lat="48.403217" lon="15.588682">
        <ele>194.871807</ele>
      </trkpt>
      <trkpt lat="48.403652" lon="15.590707">
        <ele>193.755670</ele>
      </trkpt>
      <trkpt lat="48.403873" lon="15.591528">
        <ele>193.232440</ele>
      </trkpt>
      <trkpt lat="48.403891" lon="15.592308">
        <ele>192.755693</ele>
      </trkpt>
      <trkpt lat="48.403952" lon="15.592995">
        <ele>192.125575</ele>
      </trkpt>
      <trkpt lat="48.403044" lon="15.593148">
        <ele>190.874410</ele>
      </trkpt>
      <trkpt lat="48.403087" lon="15.593692">
        <ele>190.376355</ele>
      </trkpt>
      <trkpt lat="48.403196" lon="15.595097">
        <ele>190.248054</ele>
      </trkpt>
      <trkpt lat="48.403087" lon="15.593692">
        <ele>190.223802</ele>
      </trkpt>
      <trkpt lat="48.403044" lon="15.593148">
        <ele>190.670929</ele>
      </trkpt>
      <trkpt lat="48.403952" lon="15.592995">
        <ele>191.794157</ele>
      </trkpt>
      <trkpt lat="48.404134" lon="15.593102">
        <ele>192.034340</ele>
      </trkpt>
      <trkpt lat="48.404337" lon="15.593220">
        <ele>192.301839</ele>
      </trkpt>
      <trkpt lat="48.404381" lon="15.593338">
        <ele>192.403164</ele>
      </trkpt>
      <trkpt lat="48.404392" lon="15.593371">
        <ele>192.426498</ele>
      </trkpt>
      <trkpt lat="48.404597" lon="15.593451">
        <ele>192.628070</ele>
      </trkpt>
      <trkpt lat="48.404738" lon="15.593890">
        <ele>192.936237</ele>
      </trkpt>
      <trkpt lat="48.404841" lon="15.594302">
        <ele>193.214429</ele>
      </trkpt>
      <trkpt lat="48.404874" lon="15.594581">
        <ele>193.393505</ele>
      </trkpt>
      <trkpt lat="48.404781" lon="15.594809">
        <ele>193.562601</ele>
      </trkpt>
      <trkpt lat="48.404885" lon="15.594868">
        <ele>193.668382</ele>
      </trkpt>
      <trkpt lat="48.405013" lon="15.594849">
        <ele>193.790810</ele>
      </trkpt>
      <trkpt lat="48.405087" lon="15.595012">
        <ele>193.915591</ele>
      </trkpt>
      <trkpt lat="48.405206" lon="15.595740">
        <ele>194.208224</ele>
      </trkpt>
      <trkpt lat="48.405279" lon="15.596516">
        <ele>194.409807</ele>
      </trkpt>
      <trkpt lat="48.405334" lon="15.597272">
        <ele>194.605416</ele>
      </trkpt>
      <trkpt lat="48.405416" lon="15.599613">
        <ele>195.547004</ele>
      </trkpt>
      <trkpt lat="48.405435" lon="15.600107">
        <ele>195.775065</ele>
      </trkpt>
      <trkpt lat="48.405450" lon="15.600390">
        <ele>195.905911</ele>
      </trkpt>
      <trkpt lat="48.405493" lon="15.601012">
        <ele>196.122715</ele>
      </trkpt>
      <trkpt lat="48.405535" lon="15.601614">
        <ele>196.280691</ele>
      </trkpt>
      <trkpt lat="48.405553" lon="15.601807">
        <ele>196.331555</ele>
      </trkpt>
      <trkpt lat="48.405703" lon="15.603030">
        <ele>196.656136</ele>
      </trkpt>
      <trkpt lat="48.405974" lon="15.605103">
        <ele>197.457738</ele>
      </trkpt>
      <trkpt lat="48.406058" lon="15.605861">
        <ele>197.764847</ele>
      </trkpt>
      <trkpt lat="48.406056" lon="15.606089">
        <ele>197.809060</ele>
      </trkpt>
      <trkpt lat="48.406127" lon="15.607079">
        <ele>197.697465</ele>
      </trkpt>
      <trkpt lat="48.405922" lon="15.608910">
        <ele>197.350880</ele>
      </trkpt>
      <trkpt lat="48.405845" lon="15.608951">
        <ele>197.264555</ele>
      </trkpt>
      <trkpt lat="48.405800" lon="15.609039">
        <ele>197.186609</ele>
      </trkpt>
      <trkpt lat="48.405799" lon="15.609238">
        <ele>197.046967</ele>
      </trkpt>
      <trkpt lat="48.405822" lon="15.609375">
        <ele>196.947807</ele>
      </trkpt>
      <trkpt lat="48.405411" lon="15.609462">
        <ele>196.509105</ele>
      </trkpt>
      <trkpt lat="48.405271" lon="15.609533">
        <ele>196.352961</ele>
      </trkpt>
      <trkpt lat="48.405240" lon="15.609570">
        <ele>196.311154</ele>
      </trkpt>
      <trkpt lat="48.405224" lon="15.609648">
        <ele>196.253868</ele>
      </trkpt>
      <trkpt lat="48.405357" lon="15.611261">
        <ele>195.477930</ele>
      </trkpt>
      <trkpt lat="48.405337" lon="15.611445">
        <ele>195.442280</ele>
      </trkpt>
      <trkpt lat="48.405294" lon="15.611560">
        <ele>195.417044</ele>
      </trkpt>
      <trkpt lat="48.405178" lon="15.611852">
        <ele>195.351979</ele>
      </trkpt>
      <trkpt lat="48.405243" lon="15.611976">
        <ele>195.321770</ele>
      </trkpt>
      <trkpt lat="48.405251" lon="15.612062">
        <ele>195.305166</ele>
      </trkpt>
      <trkpt lat="48.405400" lon="15.612379">
        <ele>195.230900</ele>
      </trkpt>
      <trkpt lat="48.405425" lon="15.612424">
        <ele>195.219680</ele>
      </trkpt>
      <trkpt lat="48.406067" lon="15.613199">
        <ele>194.727468</ele>
      </trkpt>
      <trkpt lat="48.406217" lon="15.613448">
        <ele>194.518882</ele>
      </trkpt>
      <trkpt lat="48.406301" lon="15.613736">
        <ele>194.323739</ele>
      </trkpt>
      <trkpt lat="48.406348" lon="15.614570">
        <ele>193.804511</ele>
      </trkpt>
      <trkpt lat="48.406386" lon="15.615250">
        <ele>193.370459</ele>
      </trkpt>
      <trkpt lat="48.406361" lon="15.615636">
        <ele>193.055026</ele>
      </trkpt>
      <trkpt lat="48.406279" lon="15.616044">
        <ele>192.708315</ele>
      </trkpt>
      <trkpt lat="48.406216" lon="15.616344">
        <ele>192.452400</ele>
      </trkpt>
      <trkpt lat="48.405863" lon="15.617882">
        <ele>191.162045</ele>
      </trkpt>
      <trkpt lat="48.405744" lon="15.618630">
        <ele>190.786171</ele>
      </trkpt>
      <trkpt lat="48.405467" lon="15.623776">
        <ele>188.732251</ele>
      </trkpt>
      <trkpt lat="48.405475" lon="15.624073">
        <ele>188.670527</ele>
      </trkpt>
      <trkpt lat="48.405481" lon="15.624146">
        <ele>188.655252</ele>
      </trkpt>
      <trkpt lat="48.405492" lon="15.625156">
        <ele>188.445491</ele>
      </trkpt>
      <trkpt lat="48.405493" lon="15.625205">
        <ele>188.435311</ele>
      </trkpt>
      <trkpt lat="48.405450" lon="15.627373">
        <ele>188.335266</ele>
      </trkpt>
      <trkpt lat="48.405440" lon="15.627537">
        <ele>188.339405</ele>
      </trkpt>
      <trkpt lat="48.405346" lon="15.629053">
        <ele>188.490005</ele>
      </trkpt>
      <trkpt lat="48.405191" lon="15.630601">
        <ele>188.893499</ele>
      </trkpt>
      <trkpt lat="48.404981" lon="15.632056">
        <ele>189.188843</ele>
      </trkpt>
      <trkpt lat="48.404616" lon="15.634236">
        <ele>189.586683</ele>
      </trkpt>
      <trkpt lat="48.404329" lon="15.635855">
        <ele>190.106596</ele>
      </trkpt>
      <trkpt lat="48.404187" lon="15.636494">
        <ele>190.319405</ele>
      </trkpt>
      <trkpt lat="48.404044" lon="15.637136">
        <ele>190.880692</ele>
      </trkpt>
      <trkpt lat="48.404212" lon="15.636883">
        <ele>191.177293</ele>
      </trkpt>
      <trkpt lat="48.404236" lon="15.637091">
        <ele>191.352282</ele>
      </trkpt>
      <trkpt lat="48.404255" lon="15.637303">
        <ele>191.529596</ele>
      </trkpt>
      <trkpt lat="48.404279" lon="15.637445">
        <ele>191.651050</ele>
      </trkpt>
      <trkpt lat="48.404319" lon="15.637501">
        <ele>191.719231</ele>
      </trkpt>
      <trkpt lat="48.404562" lon="15.637682">
        <ele>192.057691</ele>
      </trkpt>
      <trkpt lat="48.404583" lon="15.637696">
        <ele>192.086364</ele>
      </trkpt>
      <trkpt lat="48.404459" lon="15.638124">
        <ele>192.473428</ele>
      </trkpt>
      <trkpt lat="48.404450" lon="15.638335">
        <ele>192.596168</ele>
      </trkpt>
      <trkpt lat="48.404534" lon="15.638463">
        <ele>192.657898</ele>
      </trkpt>
      <trkpt lat="48.404777" lon="15.638683">
        <ele>192.804371</ele>
      </trkpt>
      <trkpt lat="48.404867" lon="15.638707">
        <ele>192.851592</ele>
      </trkpt>
      <trkpt lat="48.404962" lon="15.638673">
        <ele>192.902038</ele>
      </trkpt>
      <trkpt lat="48.405003" lon="15.638717">
        <ele>192.928046</ele>
      </trkpt>
      <trkpt lat="48.404901" lon="15.638991">
        <ele>193.035788</ele>
      </trkpt>
      <trkpt lat="48.405348" lon="15.639408">
        <ele>193.307425</ele>
      </trkpt>
      <trkpt lat="48.405521" lon="15.639559">
        <ele>193.410723</ele>
      </trkpt>
      <trkpt lat="48.406314" lon="15.640263">
        <ele>193.660831</ele>
      </trkpt>
      <trkpt lat="48.406343" lon="15.640289">
        <ele>193.668389</ele>
      </trkpt>
      <trkpt lat="48.406380" lon="15.640321">
        <ele>193.677943</ele>
      </trkpt>
      <trkpt lat="48.406424" lon="15.640361">
        <ele>193.689452</ele>
      </trkpt>
      <trkpt lat="48.406544" lon="15.640468">
        <ele>193.720680</ele>
      </trkpt>
      <trkpt lat="48.407001" lon="15.640855">
        <ele>193.838084</ele>
      </trkpt>
      <trkpt lat="48.407134" lon="15.640971">
        <ele>193.872500</ele>
      </trkpt>
      <trkpt lat="48.407264" lon="15.641086">
        <ele>193.916670</ele>
      </trkpt>
      <trkpt lat="48.407365" lon="15.641177">
        <ele>193.961165</ele>
      </trkpt>
      <trkpt lat="48.407632" lon="15.641396">
        <ele>194.076104</ele>
      </trkpt>
      <trkpt lat="48.404884" lon="15.648398">
        <ele>196.471297</ele>
      </trkpt>
      <trkpt lat="48.404814" lon="15.648622">
        <ele>196.642827</ele>
      </trkpt>
      <trkpt lat="48.404809" lon="15.649709">
        <ele>197.395957</ele>
      </trkpt>
      <trkpt lat="48.404618" lon="15.650264">
        <ele>197.829077</ele>
      </trkpt>
      <trkpt lat="48.404475" lon="15.650463">
        <ele>197.992426</ele>
      </trkpt>
      <trkpt lat="48.403140" lon="15.650412">
        <ele>199.106366</ele>
      </trkpt>
      <trkpt lat="48.403445" lon="15.647025">
        <ele>198.336513</ele>
      </trkpt>
      <trkpt lat="48.402492" lon="15.647310">
        <ele>197.004916</ele>
      </trkpt>
      <trkpt lat="48.402389" lon="15.647535">
        <ele>196.756242</ele>
      </trkpt>
      <trkpt lat="48.402185" lon="15.647591">
        <ele>196.472051</ele>
      </trkpt>
      <trkpt lat="48.402075" lon="15.647702">
        <ele>196.290590</ele>
      </trkpt>
      <trkpt lat="48.401761" lon="15.647827">
        <ele>195.905313</ele>
      </trkpt>
      <trkpt lat="48.401726" lon="15.647916">
        <ele>195.830185</ele>
      </trkpt>
      <trkpt lat="48.401502" lon="15.648017">
        <ele>195.574393</ele>
      </trkpt>
      <trkpt lat="48.400247" lon="15.649140">
        <ele>194.003793</ele>
      </trkpt>
      <trkpt lat="48.398832" lon="15.650531">
        <ele>192.439459</ele>
      </trkpt>
      <trkpt lat="48.398547" lon="15.650811">
        <ele>192.294140</ele>
      </trkpt>
      <trkpt lat="48.398480" lon="15.650861">
        <ele>192.262207</ele>
      </trkpt>
      <trkpt lat="48.398028" lon="15.651254">
        <ele>192.039317</ele>
      </trkpt>
      <trkpt lat="48.397444" lon="15.651686">
        <ele>191.761453</ele>
      </trkpt>
      <trkpt lat="48.397402" lon="15.651714">
        <ele>191.741838</ele>
      </trkpt>
      <trkpt lat="48.397217" lon="15.651838">
        <ele>191.795604</ele>
      </trkpt>
      <trkpt lat="48.397048" lon="15.652025">
        <ele>191.977255</ele>
      </trkpt>
      <trkpt lat="48.396868" lon="15.652101">
        <ele>192.139184</ele>
      </trkpt>
      <trkpt lat="48.394301" lon="15.654211">
        <ele>194.925581</ele>
      </trkpt>
      <trkpt lat="48.393502" lon="15.654971">
        <ele>195.074689</ele>
      </trkpt>
      <trkpt lat="48.386878" lon="15.662108">
        <ele>194.680499</ele>
      </trkpt>
      <trkpt lat="48.386417" lon="15.662679">
        <ele>194.533954</ele>
      </trkpt>
      <trkpt lat="48.385469" lon="15.664033">
        <ele>194.185450</ele>
      </trkpt>
      <trkpt lat="48.384910" lon="15.664988">
        <ele>193.817008</ele>
      </trkpt>
      <trkpt lat="48.384222" lon="15.666356">
        <ele>193.308659</ele>
      </trkpt>
      <trkpt lat="48.383608" lon="15.667813">
        <ele>192.748408</ele>
      </trkpt>
      <trkpt lat="48.383327" lon="15.668655">
        <ele>192.573403</ele>
      </trkpt>
      <trkpt lat="48.383149" lon="15.669391">
        <ele>192.671273</ele>
      </trkpt>
      <trkpt lat="48.383008" lon="15.669973">
        <ele>192.748681</ele>
      </trkpt>
      <trkpt lat="48.382802" lon="15.671297">
        <ele>193.106610</ele>
      </trkpt>
      <trkpt lat="48.382686" lon="15.673060">
        <ele>194.291578</ele>
      </trkpt>
      <trkpt lat="48.382664" lon="15.674908">
        <ele>194.102372</ele>
      </trkpt>
      <trkpt lat="48.382682" lon="15.675150">
        <ele>193.989194</ele>
      </trkpt>
      <trkpt lat="48.382684" lon="15.675422">
        <ele>193.862768</ele>
      </trkpt>
      <trkpt lat="48.382711" lon="15.675935">
        <ele>193.623592</ele>
      </trkpt>
      <trkpt lat="48.382827" lon="15.676251">
        <ele>193.455783</ele>
      </trkpt>
      <trkpt lat="48.382798" lon="15.677087">
        <ele>192.439508</ele>
      </trkpt>
      <trkpt lat="48.383018" lon="15.678775">
        <ele>190.252500</ele>
      </trkpt>
      <trkpt lat="48.383256" lon="15.680154">
        <ele>189.570398</ele>
      </trkpt>
      <trkpt lat="48.383617" lon="15.681633">
        <ele>189.069168</ele>
      </trkpt>
      <trkpt lat="48.384059" lon="15.683141">
        <ele>189.245275</ele>
      </trkpt>
      <trkpt lat="48.384685" lon="15.684820">
        <ele>189.407833</ele>
      </trkpt>
      <trkpt lat="48.387441" lon="15.690920">
        <ele>189.780006</ele>
      </trkpt>
      <trkpt lat="48.388202" lon="15.692768">
        <ele>189.882640</ele>
      </trkpt>
      <trkpt lat="48.388498" lon="15.693518">
        <ele>190.096381</ele>
      </trkpt>
      <trkpt lat="48.388568" lon="15.693711">
        <ele>190.177207</ele>
      </trkpt>
      <trkpt lat="48.388911" lon="15.693839">
        <ele>190.372788</ele>
      </trkpt>
      <trkpt lat="48.389173" lon="15.694028">
        <ele>190.533575</ele>
      </trkpt>
      <trkpt lat="48.389350" lon="15.694324">
        <ele>190.679973</ele>
      </trkpt>
      <trkpt lat="48.389565" lon="15.695037">
        <ele>190.908191</ele>
      </trkpt>
      <trkpt lat="48.389653" lon="15.695482">
        <ele>190.941238</ele>
      </trkpt>
      <trkpt lat="48.389677" lon="15.695804">
        <ele>190.964299</ele>
      </trkpt>
      <trkpt lat="48.389691" lon="15.696684">
        <ele>191.026950</ele>
      </trkpt>
      <trkpt lat="48.389882" lon="15.706387">
        <ele>189.987282</ele>
      </trkpt>
      <trkpt lat="48.389896" lon="15.706563">
        <ele>189.979538</ele>
      </trkpt>
      <trkpt lat="48.390012" lon="15.706871">
        <ele>189.964068</ele>
      </trkpt>
      <trkpt lat="48.390063" lon="15.706932">
        <ele>189.959783</ele>
      </trkpt>
      <trkpt lat="48.390073" lon="15.707480">
        <ele>189.935833</ele>
      </trkpt>
      <trkpt lat="48.389929" lon="15.707899">
        <ele>189.915222</ele>
      </trkpt>
      <trkpt lat="48.389977" lon="15.709728">
        <ele>189.809122</ele>
      </trkpt>
      <trkpt lat="48.389949" lon="15.710306">
        <ele>189.773800</ele>
      </trkpt>
      <trkpt lat="48.389830" lon="15.711366">
        <ele>189.781161</ele>
      </trkpt>
      <trkpt lat="48.389662" lon="15.712078">
        <ele>189.854835</ele>
      </trkpt>
      <trkpt lat="48.387980" lon="15.717881">
        <ele>190.567484</ele>
      </trkpt>
      <trkpt lat="48.387605" lon="15.718987">
        <ele>190.721424</ele>
      </trkpt>
      <trkpt lat="48.387048" lon="15.720323">
        <ele>190.891852</ele>
      </trkpt>
      <trkpt lat="48.386633" lon="15.721182">
        <ele>190.753805</ele>
      </trkpt>
      <trkpt lat="48.386247" lon="15.721894">
        <ele>190.462475</ele>
      </trkpt>
      <trkpt lat="48.385582" lon="15.723049">
        <ele>189.975013</ele>
      </trkpt>
      <trkpt lat="48.383356" lon="15.726892">
        <ele>188.485634</ele>
      </trkpt>
      <trkpt lat="48.382577" lon="15.728418">
        <ele>188.563867</ele>
      </trkpt>
      <trkpt lat="48.382200" lon="15.729302">
        <ele>188.675574</ele>
      </trkpt>
      <trkpt lat="48.382147" lon="15.729447">
        <ele>188.722510</ele>
      </trkpt>
      <trkpt lat="48.381977" lon="15.729913">
        <ele>188.873286</ele>
      </trkpt>
      <trkpt lat="48.381346" lon="15.731691">
        <ele>189.292552</ele>
      </trkpt>
      <trkpt lat="48.381303" lon="15.731790">
        <ele>189.263706</ele>
      </trkpt>
      <trkpt lat="48.381046" lon="15.732372">
        <ele>189.093277</ele>
      </trkpt>
      <trkpt lat="48.380759" lon="15.732953">
        <ele>188.916706</ele>
      </trkpt>
      <trkpt lat="48.380363" lon="15.733598">
        <ele>188.702534</ele>
      </trkpt>
      <trkpt lat="48.380204" lon="15.733835">
        <ele>188.635329</ele>
      </trkpt>
      <trkpt lat="48.379755" lon="15.734507">
        <ele>188.445164</ele>
      </trkpt>
      <trkpt lat="48.378803" lon="15.735931">
        <ele>188.114184</ele>
      </trkpt>
      <trkpt lat="48.376916" lon="15.738886">
        <ele>187.755104</ele>
      </trkpt>
      <trkpt lat="48.376793" lon="15.739001">
        <ele>187.734243</ele>
      </trkpt>
      <trkpt lat="48.376157" lon="15.739701">
        <ele>187.689362</ele>
      </trkpt>
      <trkpt lat="48.375431" lon="15.740499">
        <ele>187.694382</ele>
      </trkpt>
      <trkpt lat="48.375050" lon="15.740990">
        <ele>187.700677</ele>
      </trkpt>
      <trkpt lat="48.374697" lon="15.741589">
        <ele>187.734441</ele>
      </trkpt>
      <trkpt lat="48.374359" lon="15.742327">
        <ele>187.772240</ele>
      </trkpt>
      <trkpt lat="48.374197" lon="15.742761">
        <ele>187.793231</ele>
      </trkpt>
      <trkpt lat="48.373803" lon="15.744030">
        <ele>187.644117</ele>
      </trkpt>
      <trkpt lat="48.373500" lon="15.745326">
        <ele>187.409861</ele>
      </trkpt>
      <trkpt lat="48.373327" lon="15.746486">
        <ele>187.235367</ele>
      </trkpt>
      <trkpt lat="48.373240" lon="15.747642">
        <ele>187.076359</ele>
      </trkpt>
      <trkpt lat="48.373251" lon="15.749965">
        <ele>186.880051</ele>
      </trkpt>
      <trkpt lat="48.373337" lon="15.751372">
        <ele>186.797426</ele>
      </trkpt>
      <trkpt lat="48.373416" lon="15.752181">
        <ele>186.758197</ele>
      </trkpt>
      <trkpt lat="48.374620" lon="15.762106">
        <ele>186.292225</ele>
      </trkpt>
      <trkpt lat="48.374788" lon="15.763382">
        <ele>186.235896</ele>
      </trkpt>
      <trkpt lat="48.375019" lon="15.764762">
        <ele>186.174499</ele>
      </trkpt>
      <trkpt lat="48.375364" lon="15.766391">
        <ele>186.101418</ele>
      </trkpt>
      <trkpt lat="48.375865" lon="15.768582">
        <ele>185.988655</ele>
      </trkpt>
      <trkpt lat="48.377408" lon="15.774626">
        <ele>185.575163</ele>
      </trkpt>
      <trkpt lat="48.378491" lon="15.778138">
        <ele>185.155277</ele>
      </trkpt>
      <trkpt lat="48.379083" lon="15.779813">
        <ele>185.026133</ele>
      </trkpt>
      <trkpt lat="48.379555" lon="15.780974">
        <ele>185.010486</ele>
      </trkpt>
      <trkpt lat="48.380985" lon="15.784245">
        <ele>185.000000</ele>
      </trkpt>
      <trkpt lat="48.381587" lon="15.785877">
        <ele>185.000000</ele>
      </trkpt>
      <trkpt lat="48.382136" lon="15.787733">
        <ele>185.003634</ele>
      </trkpt>
      <trkpt lat="48.382531" lon="15.789492">
        <ele>185.026939</ele>
      </trkpt>
      <trkpt lat="48.382765" lon="15.790891">
        <ele>185.073116</ele>
      </trkpt>
      <trkpt lat="48.382956" lon="15.792571">
        <ele>185.095959</ele>
      </trkpt>
      <trkpt lat="48.383140" lon="15.795605">
        <ele>185.083408</ele>
      </trkpt>
      <trkpt lat="48.383169" lon="15.796782">
        <ele>185.069569</ele>
      </trkpt>
      <trkpt lat="48.383154" lon="15.798003">
        <ele>185.040413</ele>
      </trkpt>
      <trkpt lat="48.383140" lon="15.798744">
        <ele>185.021750</ele>
      </trkpt>
      <trkpt lat="48.383110" lon="15.800334">
        <ele>185.000000</ele>
      </trkpt>
      <trkpt lat="48.383048" lon="15.801444">
        <ele>185.000000</ele>
      </trkpt>
      <trkpt lat="48.382947" lon="15.802520">
        <ele>185.000000</ele>
      </trkpt>
      <trkpt lat="48.381532" lon="15.811427">
        <ele>185.002573</ele>
      </trkpt>
      <trkpt lat="48.381450" lon="15.812054">
        <ele>185.003885</ele>
      </trkpt>
      <trkpt lat="48.381325" lon="15.813517">
        <ele>185.026223</ele>
      </trkpt>
      <trkpt lat="48.381300" lon="15.815121">
        <ele>185.076537</ele>
      </trkpt>
      <trkpt lat="48.381329" lon="15.817241">
        <ele>185.064687</ele>
      </trkpt>
      <trkpt lat="48.381442" lon="15.819121">
        <ele>185.058806</ele>
      </trkpt>
      <trkpt lat="48.381682" lon="15.821318">
        <ele>185.092662</ele>
      </trkpt>
      <trkpt lat="48.382167" lon="15.824614">
        <ele>185.180685</ele>
      </trkpt>
      <trkpt lat="48.382474" lon="15.827721">
        <ele>185.143349</ele>
      </trkpt>
      <trkpt lat="48.382549" lon="15.829008">
        <ele>185.093887</ele>
      </trkpt>
      <trkpt lat="48.382583" lon="15.829846">
        <ele>185.064175</ele>
      </trkpt>
      <trkpt lat="48.382668" lon="15.832923">
        <ele>185.091491</ele>
      </trkpt>
      <trkpt lat="48.382667" lon="15.834181">
        <ele>185.182064</ele>
      </trkpt>
      <trkpt lat="48.382612" lon="15.836821">
        <ele>185.851403</ele>
      </trkpt>
      <trkpt lat="48.382430" lon="15.839746">
        <ele>186.895812</ele>
      </trkpt>
      <trkpt lat="48.382368" lon="15.840589">
        <ele>187.220173</ele>
      </trkpt>
      <trkpt lat="48.382239" lon="15.841795">
        <ele>187.687831</ele>
      </trkpt>
      <trkpt lat="48.381831" lon="15.844429">
        <ele>188.737554</ele>
      </trkpt>
      <trkpt lat="48.381436" lon="15.846398">
        <ele>189.608390</ele>
      </trkpt>
      <trkpt lat="48.381072" lon="15.847891">
        <ele>190.226362</ele>
      </trkpt>
      <trkpt lat="48.380361" lon="15.850327">
        <ele>190.480951</ele>
      </trkpt>
      <trkpt lat="48.379578" lon="15.853290">
        <ele>188.700064</ele>
      </trkpt>
      <trkpt lat="48.378355" lon="15.857594">
        <ele>184.465747</ele>
      </trkpt>
      <trkpt lat="48.378312" lon="15.857840">
        <ele>184.291475</ele>
      </trkpt>
      <trkpt lat="48.378261" lon="15.858014">
        <ele>184.165977</ele>
      </trkpt>
      <trkpt lat="48.378184" lon="15.858265">
        <ele>183.983541</ele>
      </trkpt>
      <trkpt lat="48.378094" lon="15.858364">
        <ele>183.872808</ele>
      </trkpt>
      <trkpt lat="48.377998" lon="15.858394">
        <ele>183.775404</ele>
      </trkpt>
      <trkpt lat="48.377845" lon="15.858364">
        <ele>183.622122</ele>
      </trkpt>
      <trkpt lat="48.377755" lon="15.858312">
        <ele>183.526354</ele>
      </trkpt>
      <trkpt lat="48.376979" lon="15.857728">
        <ele>182.664484</ele>
      </trkpt>
      <trkpt lat="48.375273" lon="15.856423">
        <ele>184.158316</ele>
      </trkpt>
      <trkpt lat="48.373700" lon="15.855221">
        <ele>187.379198</ele>
      </trkpt>
      <trkpt lat="48.373610" lon="15.855161">
        <ele>187.411967</ele>
      </trkpt>
      <trkpt lat="48.373187" lon="15.854869">
        <ele>187.566891</ele>
      </trkpt>
      <trkpt lat="48.372895" lon="15.854646">
        <ele>187.675898</ele>
      </trkpt>
      <trkpt lat="48.372813" lon="15.854583">
        <ele>187.706547</ele>
      </trkpt>
      <trkpt lat="48.372555" lon="15.854475">
        <ele>187.795698</ele>
      </trkpt>
      <trkpt lat="48.372309" lon="15.854394">
        <ele>187.879533</ele>
      </trkpt>
      <trkpt lat="48.371965" lon="15.854435">
        <ele>187.719354</ele>
      </trkpt>
      <trkpt lat="48.371277" lon="15.854585">
        <ele>186.397735</ele>
      </trkpt>
      <trkpt lat="48.371112" lon="15.854621">
        <ele>186.080773</ele>
      </trkpt>
      <trkpt lat="48.370546" lon="15.854748">
        <ele>184.992850</ele>
      </trkpt>
      <trkpt lat="48.370400" lon="15.854759">
        <ele>184.714939</ele>
      </trkpt>
      <trkpt lat="48.369972" lon="15.854788">
        <ele>184.344271</ele>
      </trkpt>
      <trkpt lat="48.368619" lon="15.854918">
        <ele>183.572460</ele>
      </trkpt>
      <trkpt lat="48.368606" lon="15.855053">
        <ele>183.520870</ele>
      </trkpt>
      <trkpt lat="48.368617" lon="15.855163">
        <ele>183.476381</ele>
      </trkpt>
      <trkpt lat="48.368701" lon="15.855211">
        <ele>183.421271</ele>
      </trkpt>
      <trkpt lat="48.369021" lon="15.855257">
        <ele>183.224102</ele>
      </trkpt>
      <trkpt lat="48.369119" lon="15.855371">
        <ele>183.148135</ele>
      </trkpt>
      <trkpt lat="48.369317" lon="15.857106">
        <ele>182.430814</ele>
      </trkpt>
      <trkpt lat="48.369544" lon="15.858531">
        <ele>181.757448</ele>
      </trkpt>
      <trkpt lat="48.369814" lon="15.859697">
        <ele>181.187354</ele>
      </trkpt>
      <trkpt lat="48.370128" lon="15.860836">
        <ele>181.444314</ele>
      </trkpt>
      <trkpt lat="48.371477" lon="15.864577">
        <ele>182.968389</ele>
      </trkpt>
      <trkpt lat="48.371577" lon="15.864997">
        <ele>182.861117</ele>
      </trkpt>
      <trkpt lat="48.371628" lon="15.865487">
        <ele>182.741869</ele>
      </trkpt>
      <trkpt lat="48.371573" lon="15.866084">
        <ele>182.596957</ele>
      </trkpt>
      <trkpt lat="48.371441" lon="15.866828">
        <ele>182.411806</ele>
      </trkpt>
      <trkpt lat="48.371271" lon="15.867546">
        <ele>182.107558</ele>
      </trkpt>
      <trkpt lat="48.370994" lon="15.868329">
        <ele>181.610462</ele>
      </trkpt>
      <trkpt lat="48.370570" lon="15.869254">
        <ele>180.980711</ele>
      </trkpt>
      <trkpt lat="48.369853" lon="15.870576">
        <ele>180.586861</ele>
      </trkpt>
      <trkpt lat="48.369003" lon="15.871978">
        <ele>180.308148</ele>
      </trkpt>
      <trkpt lat="48.368114" lon="15.873267">
        <ele>180.070591</ele>
      </trkpt>
      <trkpt lat="48.367547" lon="15.874022">
        <ele>180.243209</ele>
      </trkpt>
      <trkpt lat="48.366404" lon="15.875372">
        <ele>181.056451</ele>
      </trkpt>
      <trkpt lat="48.366035" lon="15.875736">
        <ele>181.770791</ele>
      </trkpt>
      <trkpt lat="48.365932" lon="15.875694">
        <ele>181.943574</ele>
      </trkpt>
      <trkpt lat="48.365820" lon="15.875468">
        <ele>182.246871</ele>
      </trkpt>
      <trkpt lat="48.365590" lon="15.874923">
        <ele>182.941416</ele>
      </trkpt>
      <trkpt lat="48.365543" lon="15.874821">
        <ele>183.074947</ele>
      </trkpt>
      <trkpt lat="48.365468" lon="15.874693">
        <ele>183.258539</ele>
      </trkpt>
      <trkpt lat="48.365363" lon="15.874568">
        <ele>183.475298</ele>
      </trkpt>
      <trkpt lat="48.365250" lon="15.874615">
        <ele>183.640036</ele>
      </trkpt>
      <trkpt lat="48.365089" lon="15.874858">
        <ele>183.879035</ele>
      </trkpt>
      <trkpt lat="48.364419" lon="15.875596">
        <ele>184.749325</ele>
      </trkpt>
      <trkpt lat="48.364362" lon="15.875595">
        <ele>184.809078</ele>
      </trkpt>
      <trkpt lat="48.364280" lon="15.875464">
        <ele>184.934424</ele>
      </trkpt>
      <trkpt lat="48.364241" lon="15.874066">
        <ele>185.280041</ele>
      </trkpt>
      <trkpt lat="48.364003" lon="15.873193">
        <ele>184.975057</ele>
      </trkpt>
      <trkpt lat="48.363535" lon="15.872313">
        <ele>184.610744</ele>
      </trkpt>
      <trkpt lat="48.363318" lon="15.871829">
        <ele>184.583379</ele>
      </trkpt>
      <trkpt lat="48.363200" lon="15.871701">
        <ele>184.575221</ele>
      </trkpt>
      <trkpt lat="48.363041" lon="15.871763">
        <ele>184.566009</ele>
      </trkpt>
      <trkpt lat="48.362963" lon="15.871906">
        <ele>184.559114</ele>
      </trkpt>
      <trkpt lat="48.362884" lon="15.872270">
        <ele>184.544844</ele>
      </trkpt>
      <trkpt lat="48.362822" lon="15.872516">
        <ele>184.535039</ele>
      </trkpt>
      <trkpt lat="48.362775" lon="15.872717">
        <ele>184.527099</ele>
      </trkpt>
      <trkpt lat="48.362748" lon="15.872963">
        <ele>184.517807</ele>
      </trkpt>
      <trkpt lat="48.362845" lon="15.873215">
        <ele>184.506954</ele>
      </trkpt>
      <trkpt lat="48.362851" lon="15.873386">
        <ele>184.545910</ele>
      </trkpt>
      <trkpt lat="48.362802" lon="15.873659">
        <ele>184.697193</ele>
      </trkpt>
      <trkpt lat="48.362380" lon="15.874377">
        <ele>185.210026</ele>
      </trkpt>
      <trkpt lat="48.362174" lon="15.874928">
        <ele>185.548261</ele>
      </trkpt>
      <trkpt lat="48.362106" lon="15.875110">
        <ele>185.659967</ele>
      </trkpt>
      <trkpt lat="48.361728" lon="15.875598">
        <ele>185.969353</ele>
      </trkpt>
      <trkpt lat="48.361505" lon="15.876142">
        <ele>186.024442</ele>
      </trkpt>
      <trkpt lat="48.361292" lon="15.877198">
        <ele>186.119555</ele>
      </trkpt>
      <trkpt lat="48.360968" lon="15.879296">
        <ele>186.071583</ele>
      </trkpt>
      <trkpt lat="48.360879" lon="15.879594">
        <ele>186.044980</ele>
      </trkpt>
      <trkpt lat="48.360745" lon="15.879642">
        <ele>186.028100</ele>
      </trkpt>
      <trkpt lat="48.360044" lon="15.879672">
        <ele>185.902287</ele>
      </trkpt>
      <trkpt lat="48.359657" lon="15.879769">
        <ele>185.768974</ele>
      </trkpt>
      <trkpt lat="48.359212" lon="15.879698">
        <ele>185.616916</ele>
      </trkpt>
      <trkpt lat="48.358874" lon="15.879814">
        <ele>185.499115</ele>
      </trkpt>
      <trkpt lat="48.358542" lon="15.880283">
        <ele>185.330833</ele>
      </trkpt>
      <trkpt lat="48.358424" lon="15.880386">
        <ele>185.215327</ele>
      </trkpt>
      <trkpt lat="48.358134" lon="15.880502">
        <ele>184.961245</ele>
      </trkpt>
      <trkpt lat="48.357945" lon="15.880869">
        <ele>184.700000</ele>
      </trkpt>
      <trkpt lat="48.357923" lon="15.880951">
        <ele>184.650245</ele>
      </trkpt>
      <trkpt lat="48.357803" lon="15.881371">
        <ele>184.393016</ele>
      </trkpt>
      <trkpt lat="48.357554" lon="15.881983">
        <ele>183.989256</ele>
      </trkpt>
      <trkpt lat="48.357413" lon="15.882706">
        <ele>183.549079</ele>
      </trkpt>
      <trkpt lat="48.357217" lon="15.883323">
        <ele>183.140750</ele>
      </trkpt>
      <trkpt lat="48.356821" lon="15.884033">
        <ele>182.587283</ele>
      </trkpt>
      <trkpt lat="48.355910" lon="15.885458">
        <ele>181.966766</ele>
      </trkpt>
      <trkpt lat="48.355127" lon="15.886682">
        <ele>181.861007</ele>
      </trkpt>
      <trkpt lat="48.354882" lon="15.886872">
        <ele>182.031742</ele>
      </trkpt>
      <trkpt lat="48.354369" lon="15.887095">
        <ele>182.362519</ele>
      </trkpt>
      <trkpt lat="48.353984" lon="15.887748">
        <ele>182.721874</ele>
      </trkpt>
      <trkpt lat="48.353971" lon="15.887769">
        <ele>182.733688</ele>
      </trkpt>
      <trkpt lat="48.353842" lon="15.887988">
        <ele>182.828182</ele>
      </trkpt>
      <trkpt lat="48.353775" lon="15.888102">
        <ele>182.813230</ele>
      </trkpt>
      <trkpt lat="48.353906" lon="15.888360">
        <ele>182.781331</ele>
      </trkpt>
      <trkpt lat="48.353996" lon="15.888604">
        <ele>182.753914</ele>
      </trkpt>
      <trkpt lat="48.354031" lon="15.888886">
        <ele>182.725730</ele>
      </trkpt>
      <trkpt lat="48.353178" lon="15.890394">
        <ele>182.469265</ele>
      </trkpt>
      <trkpt lat="48.352493" lon="15.891710">
        <ele>182.023406</ele>
      </trkpt>
      <trkpt lat="48.352241" lon="15.892677">
        <ele>181.793299</ele>
      </trkpt>
      <trkpt lat="48.351651" lon="15.895369">
        <ele>181.364732</ele>
      </trkpt>
      <trkpt lat="48.351631" lon="15.895469">
        <ele>181.343615</ele>
      </trkpt>
      <trkpt lat="48.350956" lon="15.898811">
        <ele>180.655059</ele>
      </trkpt>
      <trkpt lat="48.350049" lon="15.901911">
        <ele>180.081631</ele>
      </trkpt>
      <trkpt lat="48.349765" lon="15.903554">
        <ele>180.062912</ele>
      </trkpt>
      <trkpt lat="48.349717" lon="15.903828">
        <ele>180.084462</ele>
      </trkpt>
      <trkpt lat="48.349675" lon="15.904077">
        <ele>180.104000</ele>
      </trkpt>
      <trkpt lat="48.349556" lon="15.904502">
        <ele>180.139075</ele>
      </trkpt>
      <trkpt lat="48.349527" lon="15.904693">
        <ele>180.153975</ele>
      </trkpt>
      <trkpt lat="48.348803" lon="15.907258">
        <ele>181.211956</ele>
      </trkpt>
      <trkpt lat="48.348015" lon="15.909308">
        <ele>181.463139</ele>
      </trkpt>
      <trkpt lat="48.347432" lon="15.910626">
        <ele>181.470934</ele>
      </trkpt>
      <trkpt lat="48.347124" lon="15.911572">
        <ele>181.441982</ele>
      </trkpt>
      <trkpt lat="48.346935" lon="15.911840">
        <ele>181.431242</ele>
      </trkpt>
      <trkpt lat="48.346950" lon="15.913717">
        <ele>182.302339</ele>
      </trkpt>
      <trkpt lat="48.346589" lon="15.917133">
        <ele>184.554905</ele>
      </trkpt>
      <trkpt lat="48.346233" lon="15.919683">
        <ele>184.939378</ele>
      </trkpt>
      <trkpt lat="48.346185" lon="15.919882">
        <ele>184.946245</ele>
      </trkpt>
      <trkpt lat="48.346103" lon="15.920252">
        <ele>184.934253</ele>
      </trkpt>
      <trkpt lat="48.345932" lon="15.920995">
        <ele>184.485375</ele>
      </trkpt>
      <trkpt lat="48.345173" lon="15.924116">
        <ele>182.793870</ele>
      </trkpt>
      <trkpt lat="48.344083" lon="15.923436">
        <ele>182.265531</ele>
      </trkpt>
      <trkpt lat="48.343938" lon="15.923510">
        <ele>182.271045</ele>
      </trkpt>
      <trkpt lat="48.343278" lon="15.926035">
        <ele>182.401010</ele>
      </trkpt>
      <trkpt lat="48.342020" lon="15.927472">
        <ele>182.600582</ele>
      </trkpt>
      <trkpt lat="48.340244" lon="15.933690">
        <ele>182.050156</ele>
      </trkpt>
      <trkpt lat="48.340132" lon="15.934071">
        <ele>181.966961</ele>
      </trkpt>
      <trkpt lat="48.339965" lon="15.934646">
        <ele>181.825635</ele>
      </trkpt>
      <trkpt lat="48.339879" lon="15.935106">
        <ele>181.663768</ele>
      </trkpt>
      <trkpt lat="48.339768" lon="15.935927">
        <ele>181.379968</ele>
      </trkpt>
      <trkpt lat="48.339365" lon="15.937464">
        <ele>180.876952</ele>
      </trkpt>
      <trkpt lat="48.339086" lon="15.938271">
        <ele>180.705487</ele>
      </trkpt>
      <trkpt lat="48.338435" lon="15.940315">
        <ele>180.240634</ele>
      </trkpt>
      <trkpt lat="48.338317" lon="15.940425">
        <ele>180.191999</ele>
      </trkpt>
      <trkpt lat="48.337915" lon="15.940215">
        <ele>180.042911</ele>
      </trkpt>
      <trkpt lat="48.337493" lon="15.940078">
        <ele>179.891661</ele>
      </trkpt>
      <trkpt lat="48.337272" lon="15.939927">
        <ele>179.807579</ele>
      </trkpt>
      <trkpt lat="48.337077" lon="15.939731">
        <ele>179.789416</ele>
      </trkpt>
      <trkpt lat="48.336701" lon="15.939318">
        <ele>179.753360</ele>
      </trkpt>
      <trkpt lat="48.336702" lon="15.939406">
        <ele>179.748829</ele>
      </trkpt>
      <trkpt lat="48.336452" lon="15.939669">
        <ele>179.725202</ele>
      </trkpt>
      <trkpt lat="48.336368" lon="15.939708">
        <ele>179.718394</ele>
      </trkpt>
      <trkpt lat="48.336317" lon="15.939745">
        <ele>179.714009</ele>
      </trkpt>
      <trkpt lat="48.335826" lon="15.940200">
        <ele>179.669346</ele>
      </trkpt>
      <trkpt lat="48.335779" lon="15.940255">
        <ele>179.685888</ele>
      </trkpt>
      <trkpt lat="48.335747" lon="15.940299">
        <ele>179.701140</ele>
      </trkpt>
      <trkpt lat="48.335730" lon="15.940323">
        <ele>179.709341</ele>
      </trkpt>
      <trkpt lat="48.334682" lon="15.941332">
        <ele>180.147064</ele>
      </trkpt>
      <trkpt lat="48.334249" lon="15.941891">
        <ele>180.324505</ele>
      </trkpt>
      <trkpt lat="48.333536" lon="15.942928">
        <ele>180.498652</ele>
      </trkpt>
      <trkpt lat="48.333167" lon="15.943539">
        <ele>180.595012</ele>
      </trkpt>
      <trkpt lat="48.332338" lon="15.944660">
        <ele>180.404687</ele>
      </trkpt>
      <trkpt lat="48.332126" lon="15.945053">
        <ele>180.332403</ele>
      </trkpt>
      <trkpt lat="48.332074" lon="15.945352">
        <ele>180.288261</ele>
      </trkpt>
      <trkpt lat="48.332068" lon="15.945427">
        <ele>180.277472</ele>
      </trkpt>
      <trkpt lat="48.332012" lon="15.945562">
        <ele>180.254745</ele>
      </trkpt>
      <trkpt lat="48.331945" lon="15.945817">
        <ele>180.222185</ele>
      </trkpt>
      <trkpt lat="48.331857" lon="15.945822">
        <ele>180.211524</ele>
      </trkpt>
      <trkpt lat="48.331747" lon="15.945806">
        <ele>180.198146</ele>
      </trkpt>
      <trkpt lat="48.331639" lon="15.945817">
        <ele>180.185042</ele>
      </trkpt>
      <trkpt lat="48.331490" lon="15.945985">
        <ele>180.162499</ele>
      </trkpt>
      <trkpt lat="48.330987" lon="15.946749">
        <ele>180.075963</ele>
      </trkpt>
      <trkpt lat="48.330820" lon="15.946949">
        <ele>180.050121</ele>
      </trkpt>
      <trkpt lat="48.330751" lon="15.947078">
        <ele>180.036795</ele>
      </trkpt>
      <trkpt lat="48.330802" lon="15.947841">
        <ele>179.968332</ele>
      </trkpt>
      <trkpt lat="48.330793" lon="15.948128">
        <ele>179.941092</ele>
      </trkpt>
      <trkpt lat="48.330730" lon="15.948510">
        <ele>179.903776</ele>
      </trkpt>
      <trkpt lat="48.330395" lon="15.949807">
        <ele>179.771853</ele>
      </trkpt>
      <trkpt lat="48.330432" lon="15.950367">
        <ele>179.769789</ele>
      </trkpt>
      <trkpt lat="48.330392" lon="15.950574">
        <ele>179.776960</ele>
      </trkpt>
      <trkpt lat="48.330035" lon="15.950971">
        <ele>179.799174</ele>
      </trkpt>
      <trkpt lat="48.329982" lon="15.951013">
        <ele>179.802171</ele>
      </trkpt>
      <trkpt lat="48.329932" lon="15.951149">
        <ele>179.807341</ele>
      </trkpt>
      <trkpt lat="48.329700" lon="15.952530">
        <ele>179.847009</ele>
      </trkpt>
      <trkpt lat="48.329668" lon="15.952728">
        <ele>179.847458</ele>
      </trkpt>
      <trkpt lat="48.329837" lon="15.952834">
        <ele>179.848066</ele>
      </trkpt>
      <trkpt lat="48.329948" lon="15.952909">
        <ele>179.848469</ele>
      </trkpt>
      <trkpt lat="48.330043" lon="15.953093">
        <ele>179.848983</ele>
      </trkpt>
      <trkpt lat="48.330066" lon="15.953877">
        <ele>179.850714</ele>
      </trkpt>
      <trkpt lat="48.330209" lon="15.954025">
        <ele>179.851290</ele>
      </trkpt>
      <trkpt lat="48.330924" lon="15.954440">
        <ele>179.714859</ele>
      </trkpt>
      <trkpt lat="48.331153" lon="15.954578">
        <ele>179.634694</ele>
      </trkpt>
      <trkpt lat="48.331157" lon="15.954770">
        <ele>179.593195</ele>
      </trkpt>
      <trkpt lat="48.331180" lon="15.954911">
        <ele>179.561830</ele>
      </trkpt>
      <trkpt lat="48.331194" lon="15.954983">
        <ele>179.545623</ele>
      </trkpt>
      <trkpt lat="48.331298" lon="15.955066">
        <ele>179.507366</ele>
      </trkpt>
      <trkpt lat="48.331433" lon="15.955114">
        <ele>179.462288</ele>
      </trkpt>
      <trkpt lat="48.331551" lon="15.955251">
        <ele>179.413849</ele>
      </trkpt>
      <trkpt lat="48.331613" lon="15.955448">
        <ele>179.366762</ele>
      </trkpt>
      <trkpt lat="48.331605" lon="15.955710">
        <ele>179.310101</ele>
      </trkpt>
      <trkpt lat="48.331536" lon="15.955817">
        <ele>179.277898</ele>
      </trkpt>
      <trkpt lat="48.331443" lon="15.955844">
        <ele>179.258285</ele>
      </trkpt>
      <trkpt lat="48.331332" lon="15.955807">
        <ele>179.241144</ele>
      </trkpt>
      <trkpt lat="48.331248" lon="15.955899">
        <ele>179.225478</ele>
      </trkpt>
      <trkpt lat="48.330705" lon="15.956371">
        <ele>179.130923</ele>
      </trkpt>
      <trkpt lat="48.330577" lon="15.956570">
        <ele>179.103169</ele>
      </trkpt>
      <trkpt lat="48.330532" lon="15.956913">
        <ele>179.068125</ele>
      </trkpt>
      <trkpt lat="48.330566" lon="15.957282">
        <ele>179.030785</ele>
      </trkpt>
      <trkpt lat="48.330877" lon="15.958168">
        <ele>178.941453</ele>
      </trkpt>
      <trkpt lat="48.331034" lon="15.958372">
        <ele>178.915398</ele>
      </trkpt>
      <trkpt lat="48.331536" lon="15.958682">
        <ele>178.847250</ele>
      </trkpt>
      <trkpt lat="48.331587" lon="15.958879">
        <ele>178.829600</ele>
      </trkpt>
      <trkpt lat="48.331536" lon="15.959085">
        <ele>178.811247</ele>
      </trkpt>
      <trkpt lat="48.330803" lon="15.959645">
        <ele>178.770612</ele>
      </trkpt>
      <trkpt lat="48.330652" lon="15.959849">
        <ele>178.770497</ele>
      </trkpt>
      <trkpt lat="48.330537" lon="15.960209">
        <ele>178.770346</ele>
      </trkpt>
      <trkpt lat="48.330532" lon="15.960664">
        <ele>178.770175</ele>
      </trkpt>
      <trkpt lat="48.330834" lon="15.961668">
        <ele>178.840899</ele>
      </trkpt>
      <trkpt lat="48.331040" lon="15.961952">
        <ele>178.937319</ele>
      </trkpt>
      <trkpt lat="48.331886" lon="15.962402">
        <ele>179.246944</ele>
      </trkpt>
      <trkpt lat="48.331981" lon="15.962561">
        <ele>179.295983</ele>
      </trkpt>
      <trkpt lat="48.331981" lon="15.962733">
        <ele>179.335439</ele>
      </trkpt>
      <trkpt lat="48.331194" lon="15.964879">
        <ele>179.516814</ele>
      </trkpt>
      <trkpt lat="48.330925" lon="15.965866">
        <ele>179.375763</ele>
      </trkpt>
      <trkpt lat="48.330607" lon="15.967722">
        <ele>178.808525</ele>
      </trkpt>
      <trkpt lat="48.330524" lon="15.968971">
        <ele>178.515603</ele>
      </trkpt>
      <trkpt lat="48.330591" lon="15.969487">
        <ele>178.399778</ele>
      </trkpt>
      <trkpt lat="48.330857" lon="15.970964">
        <ele>178.118660</ele>
      </trkpt>
      <trkpt lat="48.331194" lon="15.972217">
        <ele>178.015404</ele>
      </trkpt>
      <trkpt lat="48.331333" lon="15.972459">
        <ele>177.990973</ele>
      </trkpt>
      <trkpt lat="48.331405" lon="15.972775">
        <ele>177.965455</ele>
      </trkpt>
      <trkpt lat="48.331419" lon="15.973086">
        <ele>177.941775</ele>
      </trkpt>
      <trkpt lat="48.331320" lon="15.973751">
        <ele>177.991682</ele>
      </trkpt>
      <trkpt lat="48.331239" lon="15.974045">
        <ele>178.014989</ele>
      </trkpt>
      <trkpt lat="48.331124" lon="15.974241">
        <ele>178.034133</ele>
      </trkpt>
      <trkpt lat="48.330908" lon="15.974852">
        <ele>178.084812</ele>
      </trkpt>
      <trkpt lat="48.330629" lon="15.975605">
        <ele>178.146322</ele>
      </trkpt>
      <trkpt lat="48.330505" lon="15.976104">
        <ele>178.177525</ele>
      </trkpt>
      <trkpt lat="48.330518" lon="15.976205">
        <ele>178.183550</ele>
      </trkpt>
      <trkpt lat="48.330502" lon="15.976297">
        <ele>178.189120</ele>
      </trkpt>
      <trkpt lat="48.330454" lon="15.976584">
        <ele>178.206454</ele>
      </trkpt>
      <trkpt lat="48.330360" lon="15.977154">
        <ele>178.240853</ele>
      </trkpt>
      <trkpt lat="48.330243" lon="15.978463">
        <ele>178.277650</ele>
      </trkpt>
      <trkpt lat="48.330172" lon="15.979191">
        <ele>178.232937</ele>
      </trkpt>
      <trkpt lat="48.330152" lon="15.980027">
        <ele>178.182102</ele>
      </trkpt>
      <trkpt lat="48.330121" lon="15.980233">
        <ele>178.169267</ele>
      </trkpt>
      <trkpt lat="48.329757" lon="15.981351">
        <ele>177.945308</ele>
      </trkpt>
      <trkpt lat="48.329595" lon="15.981640">
        <ele>177.837765</ele>
      </trkpt>
      <trkpt lat="48.329493" lon="15.981897">
        <ele>177.752613</ele>
      </trkpt>
      <trkpt lat="48.329426" lon="15.982221">
        <ele>177.656081</ele>
      </trkpt>
      <trkpt lat="48.329184" lon="15.982746">
        <ele>177.474335</ele>
      </trkpt>
      <trkpt lat="48.328904" lon="15.983097">
        <ele>177.269444</ele>
      </trkpt>
      <trkpt lat="48.328694" lon="15.983495">
        <ele>176.970773</ele>
      </trkpt>
      <trkpt lat="48.328095" lon="15.984287">
        <ele>176.265647</ele>
      </trkpt>
      <trkpt lat="48.327647" lon="15.984726">
        <ele>175.792913</ele>
      </trkpt>
      <trkpt lat="48.327500" lon="15.984853">
        <ele>175.693298</ele>
      </trkpt>
      <trkpt lat="48.327617" lon="15.985263">
        <ele>175.531668</ele>
      </trkpt>
      <trkpt lat="48.327775" lon="15.985687">
        <ele>175.355589</ele>
      </trkpt>
      <trkpt lat="48.327954" lon="15.986197">
        <ele>175.146673</ele>
      </trkpt>
      <trkpt lat="48.328124" lon="15.986846">
        <ele>174.893979</ele>
      </trkpt>
      <trkpt lat="48.328106" lon="15.987344">
        <ele>174.854901</ele>
      </trkpt>
      <trkpt lat="48.328109" lon="15.987620">
        <ele>174.930338</ele>
      </trkpt>
      <trkpt lat="48.328107" lon="15.987712">
        <ele>174.955494</ele>
      </trkpt>
      <trkpt lat="48.328112" lon="15.988405">
        <ele>175.144893</ele>
      </trkpt>
      <trkpt lat="48.328198" lon="15.988679">
        <ele>175.227698</ele>
      </trkpt>
      <trkpt lat="48.328489" lon="15.989432">
        <ele>175.465720</ele>
      </trkpt>
      <trkpt lat="48.328654" lon="15.990619">
        <ele>175.916799</ele>
      </trkpt>
      <trkpt lat="48.328768" lon="15.990937">
        <ele>176.060325</ele>
      </trkpt>
      <trkpt lat="48.328997" lon="15.991203">
        <ele>176.233212</ele>
      </trkpt>
      <trkpt lat="48.329265" lon="15.991349">
        <ele>176.403528</ele>
      </trkpt>
      <trkpt lat="48.330275" lon="15.991675">
        <ele>176.748258</ele>
      </trkpt>
      <trkpt lat="48.330522" lon="15.991869">
        <ele>176.804817</ele>
      </trkpt>
      <trkpt lat="48.330926" lon="15.992288">
        <ele>176.904423</ele>
      </trkpt>
      <trkpt lat="48.331033" lon="15.992488">
        <ele>176.939065</ele>
      </trkpt>
      <trkpt lat="48.331057" lon="15.992962">
        <ele>176.968304</ele>
      </trkpt>
      <trkpt lat="48.330767" lon="15.995456">
        <ele>176.910988</ele>
      </trkpt>
      <trkpt lat="48.330738" lon="15.995671">
        <ele>176.896020</ele>
      </trkpt>
      <trkpt lat="48.330440" lon="15.996035">
        <ele>176.856624</ele>
      </trkpt>
      <trkpt lat="48.330118" lon="15.996323">
        <ele>176.818178</ele>
      </trkpt>
      <trkpt lat="48.329707" lon="15.996778">
        <ele>176.765807</ele>
      </trkpt>
      <trkpt lat="48.329359" lon="15.997362">
        <ele>176.643798</ele>
      </trkpt>
      <trkpt lat="48.329187" lon="15.998091">
        <ele>176.384006</ele>
      </trkpt>
      <trkpt lat="48.329162" lon="15.999597">
        <ele>175.878061</ele>
      </trkpt>
      <trkpt lat="48.329119" lon="15.999877">
        <ele>175.780246</ele>
      </trkpt>
      <trkpt lat="48.328834" lon="16.000589">
        <ele>175.491961</ele>
      </trkpt>
      <trkpt lat="48.327909" lon="16.002220">
        <ele>174.890598</ele>
      </trkpt>
      <trkpt lat="48.327595" lon="16.002897">
        <ele>174.907294</ele>
      </trkpt>
      <trkpt lat="48.327477" lon="16.003209">
        <ele>174.914555</ele>
      </trkpt>
      <trkpt lat="48.327435" lon="16.003321">
        <ele>174.917156</ele>
      </trkpt>
      <trkpt lat="48.327155" lon="16.004242">
        <ele>174.938956</ele>
      </trkpt>
      <trkpt lat="48.327079" lon="16.004655">
        <ele>175.018037</ele>
      </trkpt>
      <trkpt lat="48.327001" lon="16.005048">
        <ele>175.093724</ele>
      </trkpt>
      <trkpt lat="48.326971" lon="16.005225">
        <ele>175.127433</ele>
      </trkpt>
      <trkpt lat="48.326817" lon="16.006206">
        <ele>175.313446</ele>
      </trkpt>
      <trkpt lat="48.326651" lon="16.007574">
        <ele>175.427010</ele>
      </trkpt>
      <trkpt lat="48.326580" lon="16.008075">
        <ele>175.420139</ele>
      </trkpt>
      <trkpt lat="48.326575" lon="16.008110">
        <ele>175.419659</ele>
      </trkpt>
      <trkpt lat="48.326506" lon="16.008563">
        <ele>175.413425</ele>
      </trkpt>
      <trkpt lat="48.326462" lon="16.009192">
        <ele>175.404942</ele>
      </trkpt>
      <trkpt lat="48.326465" lon="16.010785">
        <ele>175.545531</ele>
      </trkpt>
      <trkpt lat="48.326477" lon="16.011199">
        <ele>175.593417</ele>
      </trkpt>
      <trkpt lat="48.326453" lon="16.011649">
        <ele>175.645585</ele>
      </trkpt>
      <trkpt lat="48.326211" lon="16.013630">
        <ele>175.806375</ele>
      </trkpt>
      <trkpt lat="48.326123" lon="16.014090">
        <ele>175.837609</ele>
      </trkpt>
      <trkpt lat="48.325809" lon="16.014657">
        <ele>175.885761</ele>
      </trkpt>
      <trkpt lat="48.325726" lon="16.014992">
        <ele>175.821873</ele>
      </trkpt>
      <trkpt lat="48.325684" lon="16.015346">
        <ele>175.740608</ele>
      </trkpt>
      <trkpt lat="48.325677" lon="16.016077">
        <ele>175.575391</ele>
      </trkpt>
      <trkpt lat="48.325882" lon="16.017517">
        <ele>175.273168</ele>
      </trkpt>
      <trkpt lat="48.325955" lon="16.018257">
        <ele>175.249251</ele>
      </trkpt>
      <trkpt lat="48.326155" lon="16.019089">
        <ele>175.220966</ele>
      </trkpt>
      <trkpt lat="48.326508" lon="16.020359">
        <ele>175.487090</ele>
      </trkpt>
      <trkpt lat="48.327412" lon="16.024023">
        <ele>177.575891</ele>
      </trkpt>
      <trkpt lat="48.327468" lon="16.024363">
        <ele>177.713450</ele>
      </trkpt>
      <trkpt lat="48.327483" lon="16.024704">
        <ele>177.847657</ele>
      </trkpt>
      <trkpt lat="48.327423" lon="16.025172">
        <ele>177.925062</ele>
      </trkpt>
      <trkpt lat="48.327178" lon="16.026835">
        <ele>177.134274</ele>
      </trkpt>
      <trkpt lat="48.327125" lon="16.027128">
        <ele>176.993302</ele>
      </trkpt>
      <trkpt lat="48.327071" lon="16.027101">
        <ele>176.953566</ele>
      </trkpt>
      <trkpt lat="48.326961" lon="16.027131">
        <ele>176.875505</ele>
      </trkpt>
      <trkpt lat="48.326887" lon="16.027258">
        <ele>176.797106</ele>
      </trkpt>
      <trkpt lat="48.326875" lon="16.027342">
        <ele>176.757218</ele>
      </trkpt>
      <trkpt lat="48.326880" lon="16.027413">
        <ele>176.731784</ele>
      </trkpt>
      <trkpt lat="48.326926" lon="16.027536">
        <ele>176.777817</ele>
      </trkpt>
      <trkpt lat="48.326964" lon="16.027579">
        <ele>176.801147</ele>
      </trkpt>
      <trkpt lat="48.326934" lon="16.027665">
        <ele>176.832826</ele>
      </trkpt>
      <trkpt lat="48.326799" lon="16.027933">
        <ele>176.942501</ele>
      </trkpt>
      <trkpt lat="48.326691" lon="16.028117">
        <ele>177.022562</ele>
      </trkpt>
      <trkpt lat="48.326720" lon="16.028151">
        <ele>177.040601</ele>
      </trkpt>
      <trkpt lat="48.326689" lon="16.028202">
        <ele>177.063141</ele>
      </trkpt>
      <trkpt lat="48.326346" lon="16.028766">
        <ele>177.312467</ele>
      </trkpt>
      <trkpt lat="48.326310" lon="16.028826">
        <ele>177.338829</ele>
      </trkpt>
      <trkpt lat="48.326404" lon="16.028870">
        <ele>177.387128</ele>
      </trkpt>
      <trkpt lat="48.326646" lon="16.029143">
        <ele>177.535539</ele>
      </trkpt>
      <trkpt lat="48.326687" lon="16.029192">
        <ele>177.561230</ele>
      </trkpt>
      <trkpt lat="48.326714" lon="16.029222">
        <ele>177.577699</ele>
      </trkpt>
      <trkpt lat="48.326960" lon="16.029442">
        <ele>177.881318</ele>
      </trkpt>
      <trkpt lat="48.328220" lon="16.029973">
        <ele>179.501627</ele>
      </trkpt>
      <trkpt lat="48.329062" lon="16.030155">
        <ele>179.996695</ele>
      </trkpt>
      <trkpt lat="48.331005" lon="16.030169">
        <ele>179.926810</ele>
      </trkpt>
      <trkpt lat="48.331493" lon="16.030268">
        <ele>179.651833</ele>
      </trkpt>
      <trkpt lat="48.331971" lon="16.030434">
        <ele>179.377887</ele>
      </trkpt>
      <trkpt lat="48.332480" lon="16.030701">
        <ele>178.990835</ele>
      </trkpt>
      <trkpt lat="48.332976" lon="16.031063">
        <ele>178.576784</ele>
      </trkpt>
      <trkpt lat="48.333096" lon="16.031171">
        <ele>178.471759</ele>
      </trkpt>
      <trkpt lat="48.333217" lon="16.031355">
        <ele>178.342536</ele>
      </trkpt>
      <trkpt lat="48.333274" lon="16.031603">
        <ele>178.211520</ele>
      </trkpt>
      <trkpt lat="48.333311" lon="16.033447">
        <ele>177.732531</ele>
      </trkpt>
      <trkpt lat="48.333368" lon="16.036066">
        <ele>177.232221</ele>
      </trkpt>
      <trkpt lat="48.333393" lon="16.036822">
        <ele>177.076796</ele>
      </trkpt>
      <trkpt lat="48.333455" lon="16.037123">
        <ele>177.012092</ele>
      </trkpt>
      <trkpt lat="48.333400" lon="16.037471">
        <ele>176.938331</ele>
      </trkpt>
      <trkpt lat="48.333452" lon="16.040484">
        <ele>176.287703</ele>
      </trkpt>
      <trkpt lat="48.333484" lon="16.042177">
        <ele>176.178140</ele>
      </trkpt>
      <trkpt lat="48.333535" lon="16.044880">
        <ele>176.162584</ele>
      </trkpt>
      <trkpt lat="48.333492" lon="16.045088">
        <ele>176.165750</ele>
      </trkpt>
      <trkpt lat="48.333356" lon="16.045331">
        <ele>176.170367</ele>
      </trkpt>
      <trkpt lat="48.333177" lon="16.045560">
        <ele>176.187838</ele>
      </trkpt>
      <trkpt lat="48.333108" lon="16.045743">
        <ele>176.204201</ele>
      </trkpt>
      <trkpt lat="48.333084" lon="16.045941">
        <ele>176.219855</ele>
      </trkpt>
      <trkpt lat="48.333102" lon="16.046236">
        <ele>176.242895</ele>
      </trkpt>
      <trkpt lat="48.333232" lon="16.047017">
        <ele>176.305515</ele>
      </trkpt>
      <trkpt lat="48.333264" lon="16.047545">
        <ele>176.346752</ele>
      </trkpt>
      <trkpt lat="48.333265" lon="16.047889">
        <ele>176.373507</ele>
      </trkpt>
      <trkpt lat="48.333242" lon="16.048431">
        <ele>176.578898</ele>
      </trkpt>
      <trkpt lat="48.333240" lon="16.048726">
        <ele>176.716511</ele>
      </trkpt>
      <trkpt lat="48.333257" lon="16.049195">
        <ele>176.935606</ele>
      </trkpt>
      <trkpt lat="48.333268" lon="16.049317">
        <ele>176.993035</ele>
      </trkpt>
      <trkpt lat="48.333316" lon="16.049602">
        <ele>177.130176</ele>
      </trkpt>
      <trkpt lat="48.333270" lon="16.049623">
        <ele>177.163906</ele>
      </trkpt>
      <trkpt lat="48.333316" lon="16.049602">
        <ele>177.197636</ele>
      </trkpt>
      <trkpt lat="48.333478" lon="16.050244">
        <ele>177.517950</ele>
      </trkpt>
      <trkpt lat="48.333530" lon="16.050514">
        <ele>177.647959</ele>
      </trkpt>
      <trkpt lat="48.333572" lon="16.050880">
        <ele>177.772236</ele>
      </trkpt>
      <trkpt lat="48.333590" lon="16.051131">
        <ele>177.856710</ele>
      </trkpt>
      <trkpt lat="48.333594" lon="16.051318">
        <ele>177.919313</ele>
      </trkpt>
      <trkpt lat="48.333601" lon="16.051637">
        <ele>178.026111</ele>
      </trkpt>
      <trkpt lat="48.333611" lon="16.051906">
        <ele>178.116260</ele>
      </trkpt>
      <trkpt lat="48.333620" lon="16.052161">
        <ele>178.201705</ele>
      </trkpt>
      <trkpt lat="48.333626" lon="16.052252">
        <ele>178.232304</ele>
      </trkpt>
      <trkpt lat="48.333635" lon="16.052444">
        <ele>178.296707</ele>
      </trkpt>
      <trkpt lat="48.333641" lon="16.052578">
        <ele>178.341646</ele>
      </trkpt>
      <trkpt lat="48.333643" lon="16.052635">
        <ele>178.360745</ele>
      </trkpt>
      <trkpt lat="48.333652" lon="16.052836">
        <ele>178.428153</ele>
      </trkpt>
      <trkpt lat="48.333652" lon="16.052851">
        <ele>178.433172</ele>
      </trkpt>
      <trkpt lat="48.333666" lon="16.053026">
        <ele>178.492151</ele>
      </trkpt>
      <trkpt lat="48.333677" lon="16.053152">
        <ele>178.534673</ele>
      </trkpt>
      <trkpt lat="48.333681" lon="16.053226">
        <ele>178.536504</ele>
      </trkpt>
      <trkpt lat="48.333687" lon="16.053411">
        <ele>178.441428</ele>
      </trkpt>
      <trkpt lat="48.333711" lon="16.053705">
        <ele>178.289380</ele>
      </trkpt>
      <trkpt lat="48.333757" lon="16.054131">
        <ele>178.067842</ele>
      </trkpt>
      <trkpt lat="48.333875" lon="16.054840">
        <ele>177.692671</ele>
      </trkpt>
      <trkpt lat="48.333921" lon="16.055077">
        <ele>177.565937</ele>
      </trkpt>
      <trkpt lat="48.333964" lon="16.055237">
        <ele>177.477350</ele>
      </trkpt>
      <trkpt lat="48.334007" lon="16.055421">
        <ele>177.377234</ele>
      </trkpt>
      <trkpt lat="48.334039" lon="16.055657">
        <ele>177.253599</ele>
      </trkpt>
      <trkpt lat="48.334092" lon="16.056186">
        <ele>177.070997</ele>
      </trkpt>
      <trkpt lat="48.334110" lon="16.056498">
        <ele>176.991227</ele>
      </trkpt>
      <trkpt lat="48.334113" lon="16.056579">
        <ele>176.970563</ele>
      </trkpt>
      <trkpt lat="48.334111" lon="16.056664">
        <ele>176.948899</ele>
      </trkpt>
      <trkpt lat="48.334108" lon="16.056992">
        <ele>176.865344</ele>
      </trkpt>
      <trkpt lat="48.334082" lon="16.057632">
        <ele>176.702022</ele>
      </trkpt>
      <trkpt lat="48.334054" lon="16.058228">
        <ele>176.549833</ele>
      </trkpt>
      <trkpt lat="48.333939" lon="16.058712">
        <ele>176.434607</ele>
      </trkpt>
      <trkpt lat="48.333890" lon="16.058902">
        <ele>176.397909</ele>
      </trkpt>
      <trkpt lat="48.333877" lon="16.059267">
        <ele>176.332090</ele>
      </trkpt>
      <trkpt lat="48.333918" lon="16.061140">
        <ele>175.994640</ele>
      </trkpt>
      <trkpt lat="48.333922" lon="16.061566">
        <ele>175.980700</ele>
      </trkpt>
      <trkpt lat="48.333939" lon="16.062059">
        <ele>175.974661</ele>
      </trkpt>
      <trkpt lat="48.333952" lon="16.062443">
        <ele>175.969958</ele>
      </trkpt>
      <trkpt lat="48.333961" lon="16.062740">
        <ele>175.966321</ele>
      </trkpt>
      <trkpt lat="48.334035" lon="16.065967">
        <ele>176.321851</ele>
      </trkpt>
      <trkpt lat="48.334029" lon="16.066135">
        <ele>176.351855</ele>
      </trkpt>
      <trkpt lat="48.333970" lon="16.066223">
        <ele>176.374145</ele>
      </trkpt>
      <trkpt lat="48.333204" lon="16.066472">
        <ele>176.480663</ele>
      </trkpt>
      <trkpt lat="48.333197" lon="16.066703">
        <ele>176.493327</ele>
      </trkpt>
      <trkpt lat="48.333256" lon="16.067208">
        <ele>176.521408</ele>
      </trkpt>
      <trkpt lat="48.333289" lon="16.067281">
        <ele>176.526242</ele>
      </trkpt>
      <trkpt lat="48.333268" lon="16.067463">
        <ele>176.536359</ele>
      </trkpt>
      <trkpt lat="48.333238" lon="16.067926">
        <ele>176.561836</ele>
      </trkpt>
      <trkpt lat="48.333207" lon="16.068244">
        <ele>176.579437</ele>
      </trkpt>
      <trkpt lat="48.333202" lon="16.068439">
        <ele>176.566296</ele>
      </trkpt>
      <trkpt lat="48.333199" lon="16.068586">
        <ele>176.547895</ele>
      </trkpt>
      <trkpt lat="48.333210" lon="16.069216">
        <ele>176.469042</ele>
      </trkpt>
      <trkpt lat="48.333253" lon="16.070186">
        <ele>176.347406</ele>
      </trkpt>
      <trkpt lat="48.333322" lon="16.072131">
        <ele>175.545533</ele>
      </trkpt>
      <trkpt lat="48.333306" lon="16.072297">
        <ele>175.441258</ele>
      </trkpt>
      <trkpt lat="48.333880" lon="16.075873">
        <ele>173.581261</ele>
      </trkpt>
      <trkpt lat="48.333905" lon="16.077919">
        <ele>174.625749</ele>
      </trkpt>
      <trkpt lat="48.333763" lon="16.080517">
        <ele>176.564958</ele>
      </trkpt>
      <trkpt lat="48.333602" lon="16.081744">
        <ele>177.418345</ele>
      </trkpt>
      <trkpt lat="48.333547" lon="16.082153">
        <ele>177.289592</ele>
      </trkpt>
      <trkpt lat="48.333658" lon="16.083094">
        <ele>176.994710</ele>
      </trkpt>
      <trkpt lat="48.333636" lon="16.083397">
        <ele>176.900663</ele>
      </trkpt>
      <trkpt lat="48.333531" lon="16.083593">
        <ele>176.822995</ele>
      </trkpt>
      <trkpt lat="48.333341" lon="16.084091">
        <ele>176.645830</ele>
      </trkpt>
      <trkpt lat="48.333295" lon="16.084345">
        <ele>176.555775</ele>
      </trkpt>
      <trkpt lat="48.333169" lon="16.085632">
        <ele>176.053192</ele>
      </trkpt>
      <trkpt lat="48.333186" lon="16.085924">
        <ele>175.939948</ele>
      </trkpt>
      <trkpt lat="48.333311" lon="16.086598">
        <ele>175.669612</ele>
      </trkpt>
      <trkpt lat="48.333010" lon="16.089735">
        <ele>175.346971</ele>
      </trkpt>
      <trkpt lat="48.332733" lon="16.093384">
        <ele>175.438934</ele>
      </trkpt>
      <trkpt lat="48.332566" lon="16.096009">
        <ele>175.457908</ele>
      </trkpt>
      <trkpt lat="48.332480" lon="16.097897">
        <ele>175.547316</ele>
      </trkpt>
      <trkpt lat="48.332460" lon="16.098410">
        <ele>175.676714</ele>
      </trkpt>
      <trkpt lat="48.332373" lon="16.100767">
        <ele>176.077238</ele>
      </trkpt>
      <trkpt lat="48.332344" lon="16.102467">
        <ele>175.720693</ele>
      </trkpt>
      <trkpt lat="48.332349" lon="16.103171">
        <ele>175.514376</ele>
      </trkpt>
      <trkpt lat="48.332347" lon="16.103470">
        <ele>175.304497</ele>
      </trkpt>
      <trkpt lat="48.332377" lon="16.104696">
        <ele>174.443382</ele>
      </trkpt>
      <trkpt lat="48.332494" lon="16.106756">
        <ele>173.438857</ele>
      </trkpt>
      <trkpt lat="48.332883" lon="16.111686">
        <ele>173.282593</ele>
      </trkpt>
      <trkpt lat="48.332961" lon="16.112706">
        <ele>173.676006</ele>
      </trkpt>
      <trkpt lat="48.332992" lon="16.113143">
        <ele>173.844403</ele>
      </trkpt>
      <trkpt lat="48.333088" lon="16.114086">
        <ele>174.099380</ele>
      </trkpt>
      <trkpt lat="48.333110" lon="16.114211">
        <ele>174.097001</ele>
      </trkpt>
      <trkpt lat="48.333141" lon="16.114345">
        <ele>174.094390</ele>
      </trkpt>
      <trkpt lat="48.333237" lon="16.114741">
        <ele>174.086633</ele>
      </trkpt>
      <trkpt lat="48.333339" lon="16.115103">
        <ele>174.079397</ele>
      </trkpt>
      <trkpt lat="48.333380" lon="16.115249">
        <ele>174.076481</ele>
      </trkpt>
      <trkpt lat="48.333604" lon="16.116417">
        <ele>174.039913</ele>
      </trkpt>
      <trkpt lat="48.333677" lon="16.117315">
        <ele>173.591745</ele>
      </trkpt>
      <trkpt lat="48.333630" lon="16.117402">
        <ele>173.536210</ele>
      </trkpt>
      <trkpt lat="48.333639" lon="16.117517">
        <ele>173.478848</ele>
      </trkpt>
      <trkpt lat="48.333644" lon="16.117640">
        <ele>173.417802</ele>
      </trkpt>
      <trkpt lat="48.333665" lon="16.117939">
        <ele>173.268858</ele>
      </trkpt>
      <trkpt lat="48.333792" lon="16.118692">
        <ele>172.884016</ele>
      </trkpt>
      <trkpt lat="48.334088" lon="16.122482">
        <ele>171.649447</ele>
      </trkpt>
      <trkpt lat="48.334152" lon="16.123235">
        <ele>171.525508</ele>
      </trkpt>
      <trkpt lat="48.334180" lon="16.123590">
        <ele>171.467143</ele>
      </trkpt>
      <trkpt lat="48.334264" lon="16.124707">
        <ele>171.314727</ele>
      </trkpt>
      <trkpt lat="48.334278" lon="16.124901">
        <ele>171.302896</ele>
      </trkpt>
      <trkpt lat="48.334543" lon="16.128224">
        <ele>171.190441</ele>
      </trkpt>
      <trkpt lat="48.334666" lon="16.129999">
        <ele>171.255794</ele>
      </trkpt>
      <trkpt lat="48.334856" lon="16.132603">
        <ele>171.690741</ele>
      </trkpt>
      <trkpt lat="48.335014" lon="16.134502">
        <ele>172.057868</ele>
      </trkpt>
      <trkpt lat="48.335324" lon="16.137866">
        <ele>172.779397</ele>
      </trkpt>
      <trkpt lat="48.335823" lon="16.142830">
        <ele>172.596334</ele>
      </trkpt>
      <trkpt lat="48.336750" lon="16.151496">
        <ele>173.604014</ele>
      </trkpt>
      <trkpt lat="48.336753" lon="16.152116">
        <ele>173.675067</ele>
      </trkpt>
      <trkpt lat="48.336583" lon="16.153358">
        <ele>173.820385</ele>
      </trkpt>
      <trkpt lat="48.336560" lon="16.153723">
        <ele>173.862401</ele>
      </trkpt>
      <trkpt lat="48.336843" lon="16.156431">
        <ele>173.727689</ele>
      </trkpt>
      <trkpt lat="48.336805" lon="16.156547">
        <ele>173.715399</ele>
      </trkpt>
      <trkpt lat="48.336453" lon="16.157049">
        <ele>173.434472</ele>
      </trkpt>
      <trkpt lat="48.336406" lon="16.157171">
        <ele>173.380182</ele>
      </trkpt>
      <trkpt lat="48.336368" lon="16.157363">
        <ele>173.303052</ele>
      </trkpt>
      <trkpt lat="48.336439" lon="16.158056">
        <ele>173.033086</ele>
      </trkpt>
      <trkpt lat="48.336445" lon="16.158408">
        <ele>172.897516</ele>
      </trkpt>
      <trkpt lat="48.336342" lon="16.159035">
        <ele>172.655197</ele>
      </trkpt>
      <trkpt lat="48.336331" lon="16.159352">
        <ele>172.558536</ele>
      </trkpt>
      <trkpt lat="48.336382" lon="16.159910">
        <ele>172.387021</ele>
      </trkpt>
      <trkpt lat="48.336619" lon="16.160492">
        <ele>172.179188</ele>
      </trkpt>
      <trkpt lat="48.336849" lon="16.160934">
        <ele>172.008263</ele>
      </trkpt>
      <trkpt lat="48.337101" lon="16.161438">
        <ele>171.852523</ele>
      </trkpt>
      <trkpt lat="48.337301" lon="16.161824">
        <ele>171.841974</ele>
      </trkpt>
      <trkpt lat="48.337517" lon="16.162348">
        <ele>171.828685</ele>
      </trkpt>
      <trkpt lat="48.337945" lon="16.164322">
        <ele>171.953767</ele>
      </trkpt>
      <trkpt lat="48.337987" lon="16.164983">
        <ele>172.125907</ele>
      </trkpt>
      <trkpt lat="48.337943" lon="16.165782">
        <ele>172.333751</ele>
      </trkpt>
      <trkpt lat="48.338094" lon="16.167171">
        <ele>172.920397</ele>
      </trkpt>
      <trkpt lat="48.338252" lon="16.168143">
        <ele>173.467174</ele>
      </trkpt>
      <trkpt lat="48.338578" lon="16.169364">
        <ele>174.200523</ele>
      </trkpt>
      <trkpt lat="48.338693" lon="16.170089">
        <ele>174.635753</ele>
      </trkpt>
      <trkpt lat="48.339004" lon="16.171573">
        <ele>175.544335</ele>
      </trkpt>
      <trkpt lat="48.338993" lon="16.171771">
        <ele>175.651451</ele>
      </trkpt>
      <trkpt lat="48.339080" lon="16.172146">
        <ele>175.863403</ele>
      </trkpt>
      <trkpt lat="48.339092" lon="16.172167">
        <ele>175.878181</ele>
      </trkpt>
      <trkpt lat="48.339235" lon="16.172433">
        <ele>176.060741</ele>
      </trkpt>
      <trkpt lat="48.339621" lon="16.174072">
        <ele>176.988640</ele>
      </trkpt>
      <trkpt lat="48.339614" lon="16.174301">
        <ele>177.064886</ele>
      </trkpt>
      <trkpt lat="48.339350" lon="16.174800">
        <ele>177.262721</ele>
      </trkpt>
      <trkpt lat="48.339344" lon="16.175021">
        <ele>177.331332</ele>
      </trkpt>
      <trkpt lat="48.340796" lon="16.180028">
        <ele>177.809290</ele>
      </trkpt>
      <trkpt lat="48.341552" lon="16.183180">
        <ele>176.121603</ele>
      </trkpt>
      <trkpt lat="48.341525" lon="16.183459">
        <ele>175.946735</ele>
      </trkpt>
      <trkpt lat="48.341248" lon="16.183840">
        <ele>175.596523</ele>
      </trkpt>
      <trkpt lat="48.341218" lon="16.184001">
        <ele>175.535873</ele>
      </trkpt>
      <trkpt lat="48.343394" lon="16.191578">
        <ele>175.660444</ele>
      </trkpt>
      <trkpt lat="48.343780" lon="16.193100">
        <ele>175.518688</ele>
      </trkpt>
      <trkpt lat="48.345258" lon="16.199858">
        <ele>173.925264</ele>
      </trkpt>
      <trkpt lat="48.346152" lon="16.204206">
        <ele>174.127119</ele>
      </trkpt>
      <trkpt lat="48.346635" lon="16.206513">
        <ele>174.504386</ele>
      </trkpt>
      <trkpt lat="48.347343" lon="16.209910">
        <ele>175.118537</ele>
      </trkpt>
      <trkpt lat="48.347353" lon="16.210071">
        <ele>175.152169</ele>
      </trkpt>
      <trkpt lat="48.347147" lon="16.211787">
        <ele>175.514860</ele>
      </trkpt>
      <trkpt lat="48.347145" lon="16.212130">
        <ele>175.591154</ele>
      </trkpt>
      <trkpt lat="48.347631" lon="16.214732">
        <ele>176.330047</ele>
      </trkpt>
      <trkpt lat="48.347705" lon="16.214942">
        <ele>176.406812</ele>
      </trkpt>
      <trkpt lat="48.347997" lon="16.215204">
        <ele>176.572019</ele>
      </trkpt>
      <trkpt lat="48.348310" lon="16.215392">
        <ele>176.735788</ele>
      </trkpt>
      <trkpt lat="48.348412" lon="16.215672">
        <ele>176.838908</ele>
      </trkpt>
      <trkpt lat="48.348701" lon="16.217355">
        <ele>177.007539</ele>
      </trkpt>
      <trkpt lat="48.348838" lon="16.218206">
        <ele>176.785630</ele>
      </trkpt>
      <trkpt lat="48.349034" lon="16.219705">
        <ele>176.463698</ele>
      </trkpt>
      <trkpt lat="48.349947" lon="16.225747">
        <ele>176.403615</ele>
      </trkpt>
      <trkpt lat="48.350633" lon="16.230951">
        <ele>176.774403</ele>
      </trkpt>
      <trkpt lat="48.351322" lon="16.237959">
        <ele>178.326759</ele>
      </trkpt>
      <trkpt lat="48.351387" lon="16.239195">
        <ele>178.606958</ele>
      </trkpt>
      <trkpt lat="48.351342" lon="16.240067">
        <ele>178.804617</ele>
      </trkpt>
      <trkpt lat="48.351300" lon="16.240774">
        <ele>178.859013</ele>
      </trkpt>
      <trkpt lat="48.351271" lon="16.241263">
        <ele>178.589621</ele>
      </trkpt>
      <trkpt lat="48.351181" lon="16.241312">
        <ele>178.510594</ele>
      </trkpt>
      <trkpt lat="48.351288" lon="16.243127">
        <ele>177.510750</ele>
      </trkpt>
      <trkpt lat="48.351307" lon="16.243196">
        <ele>177.469767</ele>
      </trkpt>
      <trkpt lat="48.351337" lon="16.243222">
        <ele>177.433574</ele>
      </trkpt>
      <trkpt lat="48.351376" lon="16.243229">
        <ele>177.369511</ele>
      </trkpt>
      <trkpt lat="48.351654" lon="16.243198">
        <ele>176.914824</ele>
      </trkpt>
      <trkpt lat="48.351667" lon="16.243166">
        <ele>176.874170</ele>
      </trkpt>
      <trkpt lat="48.351661" lon="16.243013">
        <ele>176.708037</ele>
      </trkpt>
      <trkpt lat="48.352471" lon="16.242903">
        <ele>175.381484</ele>
      </trkpt>
      <trkpt lat="48.356464" lon="16.242365">
        <ele>172.047090</ele>
      </trkpt>
      <trkpt lat="48.356592" lon="16.242351">
        <ele>171.986718</ele>
      </trkpt>
      <trkpt lat="48.356988" lon="16.242306">
        <ele>172.258913</ele>
      </trkpt>
      <trkpt lat="48.357073" lon="16.242262">
        <ele>172.320523</ele>
      </trkpt>
      <trkpt lat="48.357158" lon="16.242105">
        <ele>172.412757</ele>
      </trkpt>
      <trkpt lat="48.357331" lon="16.241824">
        <ele>172.587224</ele>
      </trkpt>
      <trkpt lat="48.357826" lon="16.241745">
        <ele>172.928404</ele>
      </trkpt>
      <trkpt lat="48.358266" lon="16.241706">
        <ele>173.218294</ele>
      </trkpt>
      <trkpt lat="48.358663" lon="16.241544">
        <ele>173.298950</ele>
      </trkpt>
      <trkpt lat="48.358784" lon="16.241333">
        <ele>173.335263</ele>
      </trkpt>
      <trkpt lat="48.359028" lon="16.240846">
        <ele>173.414731</ele>
      </trkpt>
      <trkpt lat="48.359161" lon="16.240548">
        <ele>173.461503</ele>
      </trkpt>
      <trkpt lat="48.359047" lon="16.241354">
        <ele>173.561856</ele>
      </trkpt>
      <trkpt lat="48.358960" lon="16.241876">
        <ele>173.455419</ele>
      </trkpt>
      <trkpt lat="48.358867" lon="16.242196">
        <ele>173.386342</ele>
      </trkpt>
      <trkpt lat="48.358625" lon="16.242848">
        <ele>173.238638</ele>
      </trkpt>
      <trkpt lat="48.358510" lon="16.243077">
        <ele>173.181868</ele>
      </trkpt>
      <trkpt lat="48.358120" lon="16.243617">
        <ele>173.005080</ele>
      </trkpt>
      <trkpt lat="48.357931" lon="16.243815">
        <ele>172.738517</ele>
      </trkpt>
      <trkpt lat="48.357659" lon="16.244017">
        <ele>172.387417</ele>
      </trkpt>
      <trkpt lat="48.357584" lon="16.244170">
        <ele>172.241178</ele>
      </trkpt>
      <trkpt lat="48.357381" lon="16.245057">
        <ele>171.519597</ele>
      </trkpt>
      <trkpt lat="48.357317" lon="16.245128">
        <ele>171.427561</ele>
      </trkpt>
      <trkpt lat="48.357031" lon="16.245181">
        <ele>171.094003</ele>
      </trkpt>
      <trkpt lat="48.356918" lon="16.245242">
        <ele>170.955041</ele>
      </trkpt>
      <trkpt lat="48.356769" lon="16.245495">
        <ele>170.683739</ele>
      </trkpt>
      <trkpt lat="48.356636" lon="16.246262">
        <ele>170.046942</ele>
      </trkpt>
      <trkpt lat="48.356364" lon="16.247373">
        <ele>169.095776</ele>
      </trkpt>
      <trkpt lat="48.356297" lon="16.248251">
        <ele>168.635812</ele>
      </trkpt>
      <trkpt lat="48.355612" lon="16.254267">
        <ele>167.296283</ele>
      </trkpt>
      <trkpt lat="48.355532" lon="16.254936">
        <ele>167.172019</ele>
      </trkpt>
      <trkpt lat="48.355440" lon="16.255772">
        <ele>167.017110</ele>
      </trkpt>
      <trkpt lat="48.355411" lon="16.256035">
        <ele>167.042022</ele>
      </trkpt>
      <trkpt lat="48.355253" lon="16.257639">
        <ele>167.203741</ele>
      </trkpt>
      <trkpt lat="48.354999" lon="16.261255">
        <ele>168.114993</ele>
      </trkpt>
      <trkpt lat="48.354903" lon="16.262630">
        <ele>168.154298</ele>
      </trkpt>
      <trkpt lat="48.354787" lon="16.264332">
        <ele>168.113418</ele>
      </trkpt>
      <trkpt lat="48.354416" lon="16.269724">
        <ele>167.300291</ele>
      </trkpt>
      <trkpt lat="48.354391" lon="16.270110">
        <ele>167.246900</ele>
      </trkpt>
      <trkpt lat="48.354370" lon="16.270513">
        <ele>167.191250</ele>
      </trkpt>
      <trkpt lat="48.354343" lon="16.270974">
        <ele>167.127539</ele>
      </trkpt>
      <trkpt lat="48.354282" lon="16.273651">
        <ele>166.814823</ele>
      </trkpt>
      <trkpt lat="48.354291" lon="16.273828">
        <ele>166.796149</ele>
      </trkpt>
      <trkpt lat="48.354332" lon="16.274540">
        <ele>166.720966</ele>
      </trkpt>
      <trkpt lat="48.354270" lon="16.276089">
        <ele>166.670274</ele>
      </trkpt>
      <trkpt lat="48.354160" lon="16.277515">
        <ele>166.658142</ele>
      </trkpt>
      <trkpt lat="48.354037" lon="16.280358">
        <ele>167.065102</ele>
      </trkpt>
      <trkpt lat="48.354014" lon="16.280634">
        <ele>167.152908</ele>
      </trkpt>
      <trkpt lat="48.353873" lon="16.281829">
        <ele>167.536028</ele>
      </trkpt>
      <trkpt lat="48.353639" lon="16.283264">
        <ele>168.018119</ele>
      </trkpt>
      <trkpt lat="48.353309" lon="16.284730">
        <ele>168.547329</ele>
      </trkpt>
      <trkpt lat="48.352951" lon="16.286006">
        <ele>168.662553</ele>
      </trkpt>
      <trkpt lat="48.352690" lon="16.286759">
        <ele>168.583381</ele>
      </trkpt>
      <trkpt lat="48.352377" lon="16.287579">
        <ele>168.495224</ele>
      </trkpt>
      <trkpt lat="48.351325" lon="16.290104">
        <ele>167.816207</ele>
      </trkpt>
      <trkpt lat="48.349180" lon="16.295118">
        <ele>167.747444</ele>
      </trkpt>
      <trkpt lat="48.348513" lon="16.296768">
        <ele>167.654531</ele>
      </trkpt>
      <trkpt lat="48.348241" lon="16.297428">
        <ele>167.443662</ele>
      </trkpt>
      <trkpt lat="48.347869" lon="16.298314">
        <ele>167.146543</ele>
      </trkpt>
      <trkpt lat="48.347680" lon="16.298861">
        <ele>166.971755</ele>
      </trkpt>
      <trkpt lat="48.346761" lon="16.300949">
        <ele>166.160037</ele>
      </trkpt>
      <trkpt lat="48.345301" lon="16.304450">
        <ele>165.610712</ele>
      </trkpt>
      <trkpt lat="48.344647" lon="16.305955">
        <ele>166.129546</ele>
      </trkpt>
      <trkpt lat="48.344714" lon="16.306379">
        <ele>166.474620</ele>
      </trkpt>
      <trkpt lat="48.344718" lon="16.307219">
        <ele>167.139734</ele>
      </trkpt>
      <trkpt lat="48.344684" lon="16.307500">
        <ele>167.365881</ele>
      </trkpt>
      <trkpt lat="48.344574" lon="16.307929">
        <ele>167.729957</ele>
      </trkpt>
      <trkpt lat="48.344455" lon="16.308258">
        <ele>168.026530</ele>
      </trkpt>
      <trkpt lat="48.344433" lon="16.308571">
        <ele>168.271753</ele>
      </trkpt>
      <trkpt lat="48.344486" lon="16.309034">
        <ele>168.530396</ele>
      </trkpt>
      <trkpt lat="48.344557" lon="16.309198">
        <ele>168.638145</ele>
      </trkpt>
      <trkpt lat="48.344737" lon="16.309677">
        <ele>168.941073</ele>
      </trkpt>
      <trkpt lat="48.344764" lon="16.309939">
        <ele>169.087032</ele>
      </trkpt>
      <trkpt lat="48.344795" lon="16.310120">
        <ele>169.189930</ele>
      </trkpt>
      <trkpt lat="48.344803" lon="16.310164">
        <ele>169.215043</ele>
      </trkpt>
      <trkpt lat="48.344936" lon="16.310763">
        <ele>169.562716</ele>
      </trkpt>
      <trkpt lat="48.344962" lon="16.310922">
        <ele>169.652858</ele>
      </trkpt>
      <trkpt lat="48.344683" lon="16.311120">
        <ele>169.774757</ele>
      </trkpt>
      <trkpt lat="48.344270" lon="16.311421">
        <ele>169.829156</ele>
      </trkpt>
      <trkpt lat="48.344112" lon="16.311819">
        <ele>169.865682</ele>
      </trkpt>
      <trkpt lat="48.343850" lon="16.312212">
        <ele>169.909538</ele>
      </trkpt>
      <trkpt lat="48.343660" lon="16.312414">
        <ele>169.937117</ele>
      </trkpt>
      <trkpt lat="48.343475" lon="16.312634">
        <ele>169.965070</ele>
      </trkpt>
      <trkpt lat="48.343185" lon="16.312936">
        <ele>169.594815</ele>
      </trkpt>
      <trkpt lat="48.343103" lon="16.313237">
        <ele>169.364246</ele>
      </trkpt>
      <trkpt lat="48.343152" lon="16.313444">
        <ele>169.208501</ele>
      </trkpt>
      <trkpt lat="48.343280" lon="16.313810">
        <ele>168.915367</ele>
      </trkpt>
      <trkpt lat="48.343612" lon="16.314494">
        <ele>168.315051</ele>
      </trkpt>
      <trkpt lat="48.343867" lon="16.315047">
        <ele>168.135553</ele>
      </trkpt>
      <trkpt lat="48.343926" lon="16.315217">
        <ele>168.192570</ele>
      </trkpt>
      <trkpt lat="48.344067" lon="16.315682">
        <ele>168.344524</ele>
      </trkpt>
      <trkpt lat="48.344105" lon="16.315807">
        <ele>168.385390</ele>
      </trkpt>
      <trkpt lat="48.344170" lon="16.316019">
        <ele>168.454801</ele>
      </trkpt>
      <trkpt lat="48.344332" lon="16.316852">
        <ele>168.712838</ele>
      </trkpt>
      <trkpt lat="48.344382" lon="16.316977">
        <ele>168.756211</ele>
      </trkpt>
      <trkpt lat="48.344614" lon="16.317562">
        <ele>168.881651</ele>
      </trkpt>
      <trkpt lat="48.344841" lon="16.318146">
        <ele>168.937294</ele>
      </trkpt>
      <trkpt lat="48.344905" lon="16.318331">
        <ele>168.954448</ele>
      </trkpt>
      <trkpt lat="48.344839" lon="16.318387">
        <ele>168.963824</ele>
      </trkpt>
      <trkpt lat="48.344503" lon="16.318594">
        <ele>169.008754</ele>
      </trkpt>
      <trkpt lat="48.344244" lon="16.318815">
        <ele>169.045600</ele>
      </trkpt>
      <trkpt lat="48.343879" lon="16.319335">
        <ele>168.670038</ele>
      </trkpt>
      <trkpt lat="48.343322" lon="16.320153">
        <ele>167.490945</ele>
      </trkpt>
      <trkpt lat="48.342311" lon="16.321627">
        <ele>165.877578</ele>
      </trkpt>
      <trkpt lat="48.341514" lon="16.322836">
        <ele>165.060726</ele>
      </trkpt>
      <trkpt lat="48.340874" lon="16.321861">
        <ele>164.811776</ele>
      </trkpt>
      <trkpt lat="48.340224" lon="16.322801">
        <ele>164.570879</ele>
      </trkpt>
      <trkpt lat="48.340144" lon="16.322627">
        <ele>164.540074</ele>
      </trkpt>
      <trkpt lat="48.339822" lon="16.322033">
        <ele>164.428470</ele>
      </trkpt>
      <trkpt lat="48.339696" lon="16.321911">
        <ele>164.395647</ele>
      </trkpt>
      <trkpt lat="48.339580" lon="16.321813">
        <ele>164.366504</ele>
      </trkpt>
      <trkpt lat="48.339357" lon="16.321706">
        <ele>164.315232</ele>
      </trkpt>
      <trkpt lat="48.339105" lon="16.321693">
        <ele>164.259998</ele>
      </trkpt>
      <trkpt lat="48.338473" lon="16.322100">
        <ele>164.214262</ele>
      </trkpt>
      <trkpt lat="48.338331" lon="16.322198">
        <ele>164.232932</ele>
      </trkpt>
      <trkpt lat="48.338289" lon="16.322226">
        <ele>164.238422</ele>
      </trkpt>
      <trkpt lat="48.338125" lon="16.322374">
        <ele>164.261277</ele>
      </trkpt>
      <trkpt lat="48.337909" lon="16.322777">
        <ele>164.302400</ele>
      </trkpt>
      <trkpt lat="48.337757" lon="16.323060">
        <ele>164.331303</ele>
      </trkpt>
      <trkpt lat="48.337648" lon="16.323289">
        <ele>164.353677</ele>
      </trkpt>
      <trkpt lat="48.337314" lon="16.324104">
        <ele>164.507762</ele>
      </trkpt>
      <trkpt lat="48.337109" lon="16.324592">
        <ele>164.648938</ele>
      </trkpt>
      <trkpt lat="48.336973" lon="16.324828">
        <ele>164.725321</ele>
      </trkpt>
      <trkpt lat="48.335868" lon="16.326910">
        <ele>165.531496</ele>
      </trkpt>
      <trkpt lat="48.335610" lon="16.327481">
        <ele>165.781184</ele>
      </trkpt>
      <trkpt lat="48.335552" lon="16.327683">
        <ele>165.860761</ele>
      </trkpt>
      <trkpt lat="48.335431" lon="16.327980">
        <ele>165.986739</ele>
      </trkpt>
      <trkpt lat="48.335147" lon="16.328613">
        <ele>165.928845</ele>
      </trkpt>
      <trkpt lat="48.334823" lon="16.329167">
        <ele>165.808943</ele>
      </trkpt>
      <trkpt lat="48.333809" lon="16.330338">
        <ele>165.360277</ele>
      </trkpt>
      <trkpt lat="48.333541" lon="16.330607">
        <ele>165.170143</ele>
      </trkpt>
      <trkpt lat="48.333407" lon="16.330776">
        <ele>165.066947</ele>
      </trkpt>
      <trkpt lat="48.333024" lon="16.331075">
        <ele>164.812297</ele>
      </trkpt>
      <trkpt lat="48.332932" lon="16.331160">
        <ele>164.748581</ele>
      </trkpt>
      <trkpt lat="48.332870" lon="16.331221">
        <ele>164.704861</ele>
      </trkpt>
      <trkpt lat="48.332717" lon="16.331354">
        <ele>164.600577</ele>
      </trkpt>
      <trkpt lat="48.332675" lon="16.331333">
        <ele>164.574457</ele>
      </trkpt>
      <trkpt lat="48.332601" lon="16.331424">
        <ele>164.522480</ele>
      </trkpt>
      <trkpt lat="48.332467" lon="16.331549">
        <ele>164.460515</ele>
      </trkpt>
      <trkpt lat="48.332421" lon="16.331560">
        <ele>164.442210</ele>
      </trkpt>
      <trkpt lat="48.332021" lon="16.331354">
        <ele>164.276054</ele>
      </trkpt>
      <trkpt lat="48.331734" lon="16.331332">
        <ele>164.163118</ele>
      </trkpt>
      <trkpt lat="48.331289" lon="16.331454">
        <ele>163.985354</ele>
      </trkpt>
      <trkpt lat="48.331161" lon="16.331554">
        <ele>163.928670</ele>
      </trkpt>
      <trkpt lat="48.331007" lon="16.331754">
        <ele>163.848712</ele>
      </trkpt>
      <trkpt lat="48.330983" lon="16.331771">
        <ele>163.838286</ele>
      </trkpt>
      <trkpt lat="48.330962" lon="16.331778">
        <ele>163.829833</ele>
      </trkpt>
      <trkpt lat="48.330908" lon="16.331774">
        <ele>163.798335</ele>
      </trkpt>
      <trkpt lat="48.330871" lon="16.331761">
        <ele>163.773756</ele>
      </trkpt>
      <trkpt lat="48.330800" lon="16.331721">
        <ele>163.724712</ele>
      </trkpt>
      <trkpt lat="48.330756" lon="16.331691">
        <ele>163.693462</ele>
      </trkpt>
      <trkpt lat="48.330720" lon="16.331674">
        <ele>163.669053</ele>
      </trkpt>
      <trkpt lat="48.330677" lon="16.331665">
        <ele>163.640970</ele>
      </trkpt>
      <trkpt lat="48.330581" lon="16.331678">
        <ele>163.578618</ele>
      </trkpt>
      <trkpt lat="48.330491" lon="16.331743">
        <ele>163.514036</ele>
      </trkpt>
      <trkpt lat="48.330485" lon="16.331800">
        <ele>163.489216</ele>
      </trkpt>
      <trkpt lat="48.330450" lon="16.331874">
        <ele>163.450160</ele>
      </trkpt>
      <trkpt lat="48.330041" lon="16.332247">
        <ele>163.140753</ele>
      </trkpt>
      <trkpt lat="48.329912" lon="16.332362">
        <ele>163.043750</ele>
      </trkpt>
      <trkpt lat="48.329772" lon="16.332493">
        <ele>162.937093</ele>
      </trkpt>
      <trkpt lat="48.328232" lon="16.333873">
        <ele>162.353334</ele>
      </trkpt>
      <trkpt lat="48.328212" lon="16.333839">
        <ele>162.346536</ele>
      </trkpt>
      <trkpt lat="48.328194" lon="16.333811">
        <ele>162.340703</ele>
      </trkpt>
      <trkpt lat="48.327874" lon="16.334172">
        <ele>162.261068</ele>
      </trkpt>
      <trkpt lat="48.327580" lon="16.334229">
        <ele>162.328270</ele>
      </trkpt>
      <trkpt lat="48.327422" lon="16.334311">
        <ele>162.366161</ele>
      </trkpt>
      <trkpt lat="48.327234" lon="16.334373">
        <ele>162.409793</ele>
      </trkpt>
      <trkpt lat="48.327134" lon="16.334388">
        <ele>162.432576</ele>
      </trkpt>
      <trkpt lat="48.326713" lon="16.334552">
        <ele>162.531167</ele>
      </trkpt>
      <trkpt lat="48.326161" lon="16.334979">
        <ele>162.683462</ele>
      </trkpt>
      <trkpt lat="48.324885" lon="16.335781">
        <ele>163.433497</ele>
      </trkpt>
      <trkpt lat="48.324629" lon="16.335980">
        <ele>163.589787</ele>
      </trkpt>
      <trkpt lat="48.324251" lon="16.336374">
        <ele>164.006165</ele>
      </trkpt>
      <trkpt lat="48.324177" lon="16.336423">
        <ele>164.086593</ele>
      </trkpt>
      <trkpt lat="48.323935" lon="16.336554">
        <ele>164.342434</ele>
      </trkpt>
      <trkpt lat="48.321826" lon="16.338015">
        <ele>166.231843</ele>
      </trkpt>
      <trkpt lat="48.321429" lon="16.338415">
        <ele>166.543946</ele>
      </trkpt>
      <trkpt lat="48.318812" lon="16.340103">
        <ele>165.831531</ele>
      </trkpt>
      <trkpt lat="48.317075" lon="16.341299">
        <ele>166.587164</ele>
      </trkpt>
      <trkpt lat="48.316183" lon="16.341932">
        <ele>167.084986</ele>
      </trkpt>
      <trkpt lat="48.316113" lon="16.341971">
        <ele>167.073412</ele>
      </trkpt>
      <trkpt lat="48.315912" lon="16.342106">
        <ele>167.039282</ele>
      </trkpt>
      <trkpt lat="48.315641" lon="16.342295">
        <ele>166.992966</ele>
      </trkpt>
      <trkpt lat="48.312998" lon="16.343619">
        <ele>164.679648</ele>
      </trkpt>
      <trkpt lat="48.311654" lon="16.344162">
        <ele>162.799636</ele>
      </trkpt>
      <trkpt lat="48.310045" lon="16.344635">
        <ele>161.589596</ele>
      </trkpt>
      <trkpt lat="48.309800" lon="16.344677">
        <ele>161.451160</ele>
      </trkpt>
      <trkpt lat="48.307533" lon="16.344686">
        <ele>160.938369</ele>
      </trkpt>
      <trkpt lat="48.306709" lon="16.344784">
        <ele>160.475413</ele>
      </trkpt>
      <trkpt lat="48.305884" lon="16.344968">
        <ele>160.012084</ele>
      </trkpt>
      <trkpt lat="48.305062" lon="16.345209">
        <ele>159.605592</ele>
      </trkpt>
      <trkpt lat="48.303884" lon="16.345718">
        <ele>159.207515</ele>
      </trkpt>
      <trkpt lat="48.302686" lon="16.346342">
        <ele>159.383375</ele>
      </trkpt>
      <trkpt lat="48.301821" lon="16.346890">
        <ele>159.576576</ele>
      </trkpt>
      <trkpt lat="48.301708" lon="16.346991">
        <ele>159.606262</ele>
      </trkpt>
      <trkpt lat="48.301395" lon="16.347292">
        <ele>159.690165</ele>
      </trkpt>
      <trkpt lat="48.301268" lon="16.347368">
        <ele>159.721031</ele>
      </trkpt>
      <trkpt lat="48.301048" lon="16.347368">
        <ele>159.770709</ele>
      </trkpt>
      <trkpt lat="48.300975" lon="16.347431">
        <ele>159.789716</ele>
      </trkpt>
      <trkpt lat="48.300937" lon="16.347624">
        <ele>159.819000</ele>
      </trkpt>
      <trkpt lat="48.300869" lon="16.347723">
        <ele>159.803726</ele>
      </trkpt>
      <trkpt lat="48.299402" lon="16.348873">
        <ele>159.536771</ele>
      </trkpt>
      <trkpt lat="48.299347" lon="16.349151">
        <ele>159.509554</ele>
      </trkpt>
      <trkpt lat="48.299097" lon="16.349431">
        <ele>159.467616</ele>
      </trkpt>
      <trkpt lat="48.298890" lon="16.349590">
        <ele>159.436345</ele>
      </trkpt>
      <trkpt lat="48.298831" lon="16.349416">
        <ele>159.418868</ele>
      </trkpt>
      <trkpt lat="48.298736" lon="16.349141">
        <ele>159.391138</ele>
      </trkpt>
      <trkpt lat="48.298028" lon="16.347221">
        <ele>160.201397</ele>
      </trkpt>
      <trkpt lat="48.298012" lon="16.347196">
        <ele>160.232065</ele>
      </trkpt>
      <trkpt lat="48.297949" lon="16.347097">
        <ele>160.353181</ele>
      </trkpt>
      <trkpt lat="48.297916" lon="16.347080">
        <ele>160.399538</ele>
      </trkpt>
      <trkpt lat="48.297864" lon="16.347066">
        <ele>160.469739</ele>
      </trkpt>
      <trkpt lat="48.297837" lon="16.347061">
        <ele>160.505890</ele>
      </trkpt>
      <trkpt lat="48.297513" lon="16.347151">
        <ele>160.943739</ele>
      </trkpt>
      <trkpt lat="48.296631" lon="16.347438">
        <ele>162.299187</ele>
      </trkpt>
      <trkpt lat="48.295872" lon="16.347722">
        <ele>163.687383</ele>
      </trkpt>
      <trkpt lat="48.295752" lon="16.347783">
        <ele>163.912210</ele>
      </trkpt>
      <trkpt lat="48.294898" lon="16.348479">
        <ele>165.030458</ele>
      </trkpt>
      <trkpt lat="48.294042" lon="16.349228">
        <ele>165.399108</ele>
      </trkpt>
      <trkpt lat="48.293300" lon="16.349990">
        <ele>165.426238</ele>
      </trkpt>
      <trkpt lat="48.291038" lon="16.351784">
        <ele>165.097866</ele>
      </trkpt>
      <trkpt lat="48.290922" lon="16.351866">
        <ele>165.092599</ele>
      </trkpt>
      <trkpt lat="48.290569" lon="16.352112">
        <ele>165.076623</ele>
      </trkpt>
      <trkpt lat="48.289879" lon="16.352249">
        <ele>165.139787</ele>
      </trkpt>
      <trkpt lat="48.289318" lon="16.352361">
        <ele>165.191148</ele>
      </trkpt>
      <trkpt lat="48.288893" lon="16.352537">
        <ele>165.231156</ele>
      </trkpt>
      <trkpt lat="48.284746" lon="16.355579">
        <ele>164.213885</ele>
      </trkpt>
      <trkpt lat="48.283994" lon="16.356130">
        <ele>163.881752</ele>
      </trkpt>
      <trkpt lat="48.282934" lon="16.357133">
        <ele>163.221177</ele>
      </trkpt>
      <trkpt lat="48.281945" lon="16.357859">
        <ele>162.910506</ele>
      </trkpt>
      <trkpt lat="48.281302" lon="16.358331">
        <ele>162.912133</ele>
      </trkpt>
      <trkpt lat="48.279078" lon="16.360133">
        <ele>163.575103</ele>
      </trkpt>
      <trkpt lat="48.278953" lon="16.360309">
        <ele>163.629789</ele>
      </trkpt>
      <trkpt lat="48.278144" lon="16.361793">
        <ele>164.037349</ele>
      </trkpt>
      <trkpt lat="48.277902" lon="16.361987">
        <ele>164.099632</ele>
      </trkpt>
      <trkpt lat="48.277175" lon="16.362314">
        <ele>164.110359</ele>
      </trkpt>
      <trkpt lat="48.276921" lon="16.362412">
        <ele>164.114066</ele>
      </trkpt>
      <trkpt lat="48.276513" lon="16.362697">
        <ele>164.120426</ele>
      </trkpt>
      <trkpt lat="48.274667" lon="16.364243">
        <ele>164.090799</ele>
      </trkpt>
      <trkpt lat="48.274376" lon="16.364588">
        <ele>164.042085</ele>
      </trkpt>
      <trkpt lat="48.274188" lon="16.364865">
        <ele>164.007481</ele>
      </trkpt>
      <trkpt lat="48.274036" lon="16.365128">
        <ele>163.977014</ele>
      </trkpt>
      <trkpt lat="48.273513" lon="16.366139">
        <ele>163.865015</ele>
      </trkpt>
      <trkpt lat="48.273340" lon="16.366475">
        <ele>163.779240</ele>
      </trkpt>
      <trkpt lat="48.272952" lon="16.366925">
        <ele>163.627268</ele>
      </trkpt>
      <trkpt lat="48.272605" lon="16.367226">
        <ele>163.503037</ele>
      </trkpt>
      <trkpt lat="48.272460" lon="16.367346">
        <ele>163.451711</ele>
      </trkpt>
      <trkpt lat="48.272262" lon="16.367511">
        <ele>163.381511</ele>
      </trkpt>
      <trkpt lat="48.270871" lon="16.368535">
        <ele>163.557628</ele>
      </trkpt>
      <trkpt lat="48.270699" lon="16.368677">
        <ele>163.595467</ele>
      </trkpt>
      <trkpt lat="48.268805" lon="16.370217">
        <ele>164.536532</ele>
      </trkpt>
      <trkpt lat="48.268459" lon="16.370479">
        <ele>164.390705</ele>
      </trkpt>
      <trkpt lat="48.268413" lon="16.370515">
        <ele>164.371184</ele>
      </trkpt>
      <trkpt lat="48.267680" lon="16.371093">
        <ele>164.059620</ele>
      </trkpt>
      <trkpt lat="48.267637" lon="16.371127">
        <ele>164.041332</ele>
      </trkpt>
      <trkpt lat="48.267450" lon="16.371244">
        <ele>163.965093</ele>
      </trkpt>
      <trkpt lat="48.267350" lon="16.371305">
        <ele>163.924472</ele>
      </trkpt>
      <trkpt lat="48.267248" lon="16.371322">
        <ele>163.885848</ele>
      </trkpt>
      <trkpt lat="48.267056" lon="16.371265">
        <ele>163.780268</ele>
      </trkpt>
      <trkpt lat="48.266190" lon="16.370979">
        <ele>163.292617</ele>
      </trkpt>
      <trkpt lat="48.266047" lon="16.370951">
        <ele>163.213306</ele>
      </trkpt>
      <trkpt lat="48.265830" lon="16.371038">
        <ele>163.089784</ele>
      </trkpt>
      <trkpt lat="48.265077" lon="16.371391">
        <ele>163.093400</ele>
      </trkpt>
      <trkpt lat="48.265039" lon="16.371412">
        <ele>163.112369</ele>
      </trkpt>
      <trkpt lat="48.264066" lon="16.372245">
        <ele>163.637030</ele>
      </trkpt>
      <trkpt lat="48.262278" lon="16.373620">
        <ele>165.058896</ele>
      </trkpt>
      <trkpt lat="48.260297" lon="16.375378">
        <ele>164.741551</ele>
      </trkpt>
      <trkpt lat="48.259298" lon="16.376217">
        <ele>164.225761</ele>
      </trkpt>
      <trkpt lat="48.259067" lon="16.376410">
        <ele>164.133660</ele>
      </trkpt>
      <trkpt lat="48.257788" lon="16.377453">
        <ele>163.823306</ele>
      </trkpt>
      <trkpt lat="48.257342" lon="16.377816">
        <ele>163.771763</ele>
      </trkpt>
      <trkpt lat="48.256822" lon="16.378381">
        <ele>163.765743</ele>
      </trkpt>
      <trkpt lat="48.256491" lon="16.378792">
        <ele>163.761714</ele>
      </trkpt>
      <trkpt lat="48.256412" lon="16.378890">
        <ele>163.760753</ele>
      </trkpt>
      <trkpt lat="48.256075" lon="16.379296">
        <ele>163.748614</ele>
      </trkpt>
      <trkpt lat="48.255317" lon="16.379986">
        <ele>163.655859</ele>
      </trkpt>
      <trkpt lat="48.254736" lon="16.380548">
        <ele>163.583540</ele>
      </trkpt>
      <trkpt lat="48.253806" lon="16.381446">
        <ele>162.957003</ele>
      </trkpt>
      <trkpt lat="48.253896" lon="16.381629">
        <ele>162.861317</ele>
      </trkpt>
      <trkpt lat="48.254019" lon="16.381760">
        <ele>162.766069</ele>
      </trkpt>
      <trkpt lat="48.254209" lon="16.381758">
        <ele>162.646049</ele>
      </trkpt>
      <trkpt lat="48.254741" lon="16.381543">
        <ele>162.221804</ele>
      </trkpt>
      <trkpt lat="48.254654" lon="16.380893">
        <ele>161.785569</ele>
      </trkpt>
      <trkpt lat="48.254580" lon="16.380496">
        <ele>161.514312</ele>
      </trkpt>
      <trkpt lat="48.254485" lon="16.380207">
        <ele>161.302247</ele>
      </trkpt>
      <trkpt lat="48.254385" lon="16.379944">
        <ele>161.102972</ele>
      </trkpt>
      <trkpt lat="48.252545" lon="16.375341">
        <ele>162.931325</ele>
      </trkpt>
      <trkpt lat="48.252512" lon="16.375223">
        <ele>163.005818</ele>
      </trkpt>
      <trkpt lat="48.252473" lon="16.374988">
        <ele>163.146782</ele>
      </trkpt>
      <trkpt lat="48.252469" lon="16.374809">
        <ele>163.251026</ele>
      </trkpt>
      <trkpt lat="48.252469" lon="16.374672">
        <ele>163.330765</ele>
      </trkpt>
      <trkpt lat="48.252421" lon="16.374460">
        <ele>163.405558</ele>
      </trkpt>
      <trkpt lat="48.252351" lon="16.374411">
        <ele>163.440302</ele>
      </trkpt>
      <trkpt lat="48.252241" lon="16.374435">
        <ele>163.490308</ele>
      </trkpt>
      <trkpt lat="48.252142" lon="16.374535">
        <ele>163.543982</ele>
      </trkpt>
      <trkpt lat="48.252032" lon="16.374608">
        <ele>163.598085</ele>
      </trkpt>
      <trkpt lat="48.251909" lon="16.374657">
        <ele>163.655333</ele>
      </trkpt>
      <trkpt lat="48.251346" lon="16.374465">
        <ele>163.915063</ele>
      </trkpt>
      <trkpt lat="48.250961" lon="16.374288">
        <ele>164.096199</ele>
      </trkpt>
      <trkpt lat="48.250771" lon="16.374109">
        <ele>164.101673</ele>
      </trkpt>
      <trkpt lat="48.250610" lon="16.373862">
        <ele>163.965787</ele>
      </trkpt>
      <trkpt lat="48.250512" lon="16.373688">
        <ele>163.876193</ele>
      </trkpt>
      <trkpt lat="48.250627" lon="16.373586">
        <ele>163.797339</ele>
      </trkpt>
      <trkpt lat="48.250710" lon="16.373463">
        <ele>163.728493</ele>
      </trkpt>
      <trkpt lat="48.250780" lon="16.373258">
        <ele>163.637921</ele>
      </trkpt>
      <trkpt lat="48.250836" lon="16.372904">
        <ele>163.494878</ele>
      </trkpt>
      <trkpt lat="48.250886" lon="16.372914">
        <ele>163.465097</ele>
      </trkpt>
      <trkpt lat="48.251388" lon="16.373069">
        <ele>163.162512</ele>
      </trkpt>
      <trkpt lat="48.251492" lon="16.373116">
        <ele>163.098390</ele>
      </trkpt>
      <trkpt lat="48.251651" lon="16.373052">
        <ele>162.973854</ele>
      </trkpt>
      <trkpt lat="48.251793" lon="16.372848">
        <ele>162.823606</ele>
      </trkpt>
      <trkpt lat="48.251764" lon="16.372673">
        <ele>162.731794</ele>
      </trkpt>
      <trkpt lat="48.251791" lon="16.372633">
        <ele>162.702796</ele>
      </trkpt>
      <trkpt lat="48.251981" lon="16.372564">
        <ele>162.553337</ele>
      </trkpt>
      <trkpt lat="48.251975" lon="16.372519">
        <ele>162.529972</ele>
      </trkpt>
      <trkpt lat="48.251785" lon="16.372535">
        <ele>162.384472</ele>
      </trkpt>
      <trkpt lat="48.251779" lon="16.372428">
        <ele>162.329804</ele>
      </trkpt>
      <trkpt lat="48.251749" lon="16.371951">
        <ele>162.085878</ele>
      </trkpt>
      <trkpt lat="48.251743" lon="16.371849">
        <ele>162.033747</ele>
      </trkpt>
      <trkpt lat="48.251928" lon="16.371811">
        <ele>161.890980</ele>
      </trkpt>
      <trkpt lat="48.251926" lon="16.371769">
        <ele>161.869543</ele>
      </trkpt>
      <trkpt lat="48.251722" lon="16.371762">
        <ele>161.714200</ele>
      </trkpt>
      <trkpt lat="48.251660" lon="16.371742">
        <ele>161.672060</ele>
      </trkpt>
      <trkpt lat="48.251434" lon="16.371761">
        <ele>161.521645</ele>
      </trkpt>
      <trkpt lat="48.251193" lon="16.371753">
        <ele>161.361458</ele>
      </trkpt>
      <trkpt lat="48.250747" lon="16.371756">
        <ele>161.065082</ele>
      </trkpt>
      <trkpt lat="48.250468" lon="16.371685">
        <ele>160.877040</ele>
      </trkpt>
      <trkpt lat="48.250187" lon="16.371571">
        <ele>160.683619</ele>
      </trkpt>
      <trkpt lat="48.248788" lon="16.370888">
        <ele>160.425103</ele>
      </trkpt>
      <trkpt lat="48.248188" lon="16.370489">
        <ele>160.432317</ele>
      </trkpt>
      <trkpt lat="48.247470" lon="16.369942">
        <ele>160.916502</ele>
      </trkpt>
      <trkpt lat="48.245830" lon="16.368395">
        <ele>161.899431</ele>
      </trkpt>
      <trkpt lat="48.245002" lon="16.367524">
        <ele>162.215766</ele>
      </trkpt>
      <trkpt lat="48.244556" lon="16.367066">
        <ele>162.193481</ele>
      </trkpt>
      <trkpt lat="48.243778" lon="16.366339">
        <ele>162.155687</ele>
      </trkpt>
      <trkpt lat="48.241985" lon="16.364872">
        <ele>161.629007</ele>
      </trkpt>
      <trkpt lat="48.239620" lon="16.363246">
        <ele>160.580854</ele>
      </trkpt>
      <trkpt lat="48.237689" lon="16.362138">
        <ele>159.878955</ele>
      </trkpt>
      <trkpt lat="48.236466" lon="16.361617">
        <ele>159.339559</ele>
      </trkpt>
      <trkpt lat="48.236241" lon="16.361571">
        <ele>159.231048</ele>
      </trkpt>
      <trkpt lat="48.236051" lon="16.361434">
        <ele>159.130326</ele>
      </trkpt>
      <trkpt lat="48.235778" lon="16.361321">
        <ele>158.995003</ele>
      </trkpt>
      <trkpt lat="48.235591" lon="16.361250">
        <ele>158.902830</ele>
      </trkpt>
      <trkpt lat="48.235494" lon="16.361209">
        <ele>158.854676</ele>
      </trkpt>
      <trkpt lat="48.235391" lon="16.361154">
        <ele>158.826288</ele>
      </trkpt>
      <trkpt lat="48.235316" lon="16.361141">
        <ele>158.924262</ele>
      </trkpt>
      <trkpt lat="48.234978" lon="16.361082">
        <ele>159.365843</ele>
      </trkpt>
      <trkpt lat="48.234468" lon="16.360970">
        <ele>160.034718</ele>
      </trkpt>
      <trkpt lat="48.233890" lon="16.360887">
        <ele>160.788218</ele>
      </trkpt>
      <trkpt lat="48.233819" lon="16.360896">
        <ele>160.880684</ele>
      </trkpt>
      <trkpt lat="48.233502" lon="16.360929">
        <ele>161.251004</ele>
      </trkpt>
      <trkpt lat="48.233266" lon="16.360969">
        <ele>161.472867</ele>
      </trkpt>
      <trkpt lat="48.233148" lon="16.360998">
        <ele>161.584566</ele>
      </trkpt>
      <trkpt lat="48.232667" lon="16.361210">
        <ele>162.052864</ele>
      </trkpt>
      <trkpt lat="48.231593" lon="16.361806">
        <ele>163.304773</ele>
      </trkpt>
      <trkpt lat="48.231220" lon="16.361862">
        <ele>163.868201</ele>
      </trkpt>
      <trkpt lat="48.230998" lon="16.361978">
        <ele>164.221509</ele>
      </trkpt>
      <trkpt lat="48.229743" lon="16.362658">
        <ele>166.155369</ele>
      </trkpt>
      <trkpt lat="48.229042" lon="16.363056">
        <ele>167.166740</ele>
      </trkpt>
      <trkpt lat="48.228727" lon="16.363303">
        <ele>167.646318</ele>
      </trkpt>
      <trkpt lat="48.228388" lon="16.363618">
        <ele>167.889171</ele>
      </trkpt>
      <trkpt lat="48.227808" lon="16.364196">
        <ele>167.625689</ele>
      </trkpt>
      <trkpt lat="48.227543" lon="16.364524">
        <ele>167.495697</ele>
      </trkpt>
      <trkpt lat="48.227423" lon="16.364708">
        <ele>167.430776</ele>
      </trkpt>
      <trkpt lat="48.227218" lon="16.365007">
        <ele>167.322596</ele>
      </trkpt>
      <trkpt lat="48.227016" lon="16.365285">
        <ele>167.042269</ele>
      </trkpt>
      <trkpt lat="48.226238" lon="16.366343">
        <ele>165.350568</ele>
      </trkpt>
      <trkpt lat="48.226054" lon="16.366603">
        <ele>164.943349</ele>
      </trkpt>
      <trkpt lat="48.225782" lon="16.366872">
        <ele>164.418450</ele>
      </trkpt>
      <trkpt lat="48.225670" lon="16.366933">
        <ele>164.161372</ele>
      </trkpt>
      <trkpt lat="48.225403" lon="16.367129">
        <ele>163.472066</ele>
      </trkpt>
      <trkpt lat="48.225114" lon="16.367327">
        <ele>162.735305</ele>
      </trkpt>
      <trkpt lat="48.224631" lon="16.367531">
        <ele>161.571637</ele>
      </trkpt>
      <trkpt lat="48.224211" lon="16.367655">
        <ele>160.578914</ele>
      </trkpt>
      <trkpt lat="48.223791" lon="16.367709">
        <ele>160.081523</ele>
      </trkpt>
      <trkpt lat="48.223654" lon="16.367709">
        <ele>160.017274</ele>
      </trkpt>
      <trkpt lat="48.223473" lon="16.367708">
        <ele>159.932391</ele>
      </trkpt>
      <trkpt lat="48.223381" lon="16.367713">
        <ele>159.889217</ele>
      </trkpt>
      <trkpt lat="48.223167" lon="16.367715">
        <ele>159.788856</ele>
      </trkpt>
      <trkpt lat="48.222556" lon="16.367736">
        <ele>159.502242</ele>
      </trkpt>
      <trkpt lat="48.222085" lon="16.367771">
        <ele>159.555860</ele>
      </trkpt>
      <trkpt lat="48.221504" lon="16.367828">
        <ele>160.236709</ele>
      </trkpt>
      <trkpt lat="48.220513" lon="16.368026">
        <ele>161.405769</ele>
      </trkpt>
      <trkpt lat="48.219988" lon="16.368257">
        <ele>161.593152</ele>
      </trkpt>
      <trkpt lat="48.219799" lon="16.368376">
        <ele>161.646699</ele>
      </trkpt>
      <trkpt lat="48.219538" lon="16.368583">
        <ele>161.723823</ele>
      </trkpt>
      <trkpt lat="48.219370" lon="16.368760">
        <ele>161.777450</ele>
      </trkpt>
      <trkpt lat="48.218665" lon="16.369708">
        <ele>161.782206</ele>
      </trkpt>
      <trkpt lat="48.218266" lon="16.370397">
        <ele>161.521401</ele>
      </trkpt>
      <trkpt lat="48.217862" lon="16.370935">
        <ele>161.289809</ele>
      </trkpt>
      <trkpt lat="48.217362" lon="16.371587">
        <ele>161.591624</ele>
      </trkpt>
      <trkpt lat="48.217235" lon="16.371753">
        <ele>161.790789</ele>
      </trkpt>
      <trkpt lat="48.216788" lon="16.372326">
        <ele>162.485991</ele>
      </trkpt>
      <trkpt lat="48.215911" lon="16.373260">
        <ele>163.980684</ele>
      </trkpt>
      <trkpt lat="48.215455" lon="16.373600">
        <ele>164.869101</ele>
      </trkpt>
      <trkpt lat="48.214532" lon="16.374252">
        <ele>166.559122</ele>
      </trkpt>
      <trkpt lat="48.214351" lon="16.374381">
        <ele>166.767127</ele>
      </trkpt>
      <trkpt lat="48.213924" lon="16.374723">
        <ele>167.269566</ele>
      </trkpt>
      <trkpt lat="48.213860" lon="16.374778">
        <ele>167.346126</ele>
      </trkpt>
      <trkpt lat="48.213479" lon="16.375134">
        <ele>167.812033</ele>
      </trkpt>
      <trkpt lat="48.213310" lon="16.375295">
        <ele>168.019833</ele>
      </trkpt>
      <trkpt lat="48.212799" lon="16.376027">
        <ele>168.854246</ele>
      </trkpt>
      <trkpt lat="48.212535" lon="16.376548">
        <ele>169.406714</ele>
      </trkpt>
      <trkpt lat="48.212481" lon="16.376573">
        <ele>169.478296</ele>
      </trkpt>
      <trkpt lat="48.212273" lon="16.377097">
        <ele>169.993123</ele>
      </trkpt>
      <trkpt lat="48.212146" lon="16.377343">
        <ele>170.255793</ele>
      </trkpt>
      <trkpt lat="48.211962" lon="16.377998">
        <ele>170.735582</ele>
      </trkpt>
      <trkpt lat="48.211799" lon="16.379046">
        <ele>171.258510</ele>
      </trkpt>
      <trkpt lat="48.211781" lon="16.379300">
        <ele>171.382629</ele>
      </trkpt>
      <trkpt lat="48.211688" lon="16.380131">
        <ele>171.792082</ele>
      </trkpt>
      <trkpt lat="48.211661" lon="16.380635">
        <ele>171.605740</ele>
      </trkpt>
      <trkpt lat="48.211640" lon="16.381046">
        <ele>171.243085</ele>
      </trkpt>
      <trkpt lat="48.211632" lon="16.381267">
        <ele>171.048364</ele>
      </trkpt>
      <trkpt lat="48.211621" lon="16.381987">
        <ele>170.414749</ele>
      </trkpt>
      <trkpt lat="48.211652" lon="16.382683">
        <ele>169.801049</ele>
      </trkpt>
      <trkpt lat="48.211703" lon="16.383229">
        <ele>169.393437</ele>
      </trkpt>
      <trkpt lat="48.211657" lon="16.383357">
        <ele>169.316727</ele>
      </trkpt>
      <trkpt lat="48.211690" lon="16.383632">
        <ele>169.169335</ele>
      </trkpt>
      <trkpt lat="48.211713" lon="16.383869">
        <ele>169.043003</ele>
      </trkpt>
      <trkpt lat="48.211711" lon="16.384030">
        <ele>168.958064</ele>
      </trkpt>
      <trkpt lat="48.211647" lon="16.384252">
        <ele>168.830474</ele>
      </trkpt>
      <trkpt lat="48.211533" lon="16.384381">
        <ele>168.717455</ele>
      </trkpt>
      <trkpt lat="48.211415" lon="16.384384">
        <ele>168.624037</ele>
      </trkpt>
      <trkpt lat="48.211369" lon="16.384372">
        <ele>168.587079</ele>
      </trkpt>
      <trkpt lat="48.211364" lon="16.384432">
        <ele>168.555183</ele>
      </trkpt>
      <trkpt lat="48.211359" lon="16.384484">
        <ele>168.527470</ele>
      </trkpt>
      <trkpt lat="48.211328" lon="16.384889">
        <ele>168.312433</ele>
      </trkpt>
      <trkpt lat="48.211326" lon="16.384936">
        <ele>168.287591</ele>
      </trkpt>
      <trkpt lat="48.211335" lon="16.384997">
        <ele>168.254635</ele>
      </trkpt>
      <trkpt lat="48.211352" lon="16.385055">
        <ele>168.221212</ele>
      </trkpt>
      <trkpt lat="48.211277" lon="16.385141">
        <ele>168.146497</ele>
      </trkpt>
      <trkpt lat="48.211238" lon="16.385208">
        <ele>168.099570</ele>
      </trkpt>
      <trkpt lat="48.211235" lon="16.385266">
        <ele>168.119264</ele>
      </trkpt>
      <trkpt lat="48.211234" lon="16.385322">
        <ele>168.178489</ele>
      </trkpt>
      <trkpt lat="48.211232" lon="16.385434">
        <ele>168.296939</ele>
      </trkpt>
      <trkpt lat="48.211202" lon="16.385409">
        <ele>168.351380</ele>
      </trkpt>
      <trkpt lat="48.211187" lon="16.385403">
        <ele>168.376009</ele>
      </trkpt>
      <trkpt lat="48.211176" lon="16.385400">
        <ele>168.393746</ele>
      </trkpt>
      <trkpt lat="48.211144" lon="16.385390">
        <ele>168.445603</ele>
      </trkpt>
      <trkpt lat="48.211115" lon="16.385381">
        <ele>168.492584</ele>
      </trkpt>
      <trkpt lat="48.211086" lon="16.385230">
        <ele>168.658721</ele>
      </trkpt>
      <trkpt lat="48.211079" lon="16.385174">
        <ele>168.718958</ele>
      </trkpt>
      <trkpt lat="48.211056" lon="16.384988">
        <ele>168.918957</ele>
      </trkpt>
      <trkpt lat="48.211039" lon="16.384896">
        <ele>169.019891</ele>
      </trkpt>
      <trkpt lat="48.210414" lon="16.384775">
        <ele>170.019664</ele>
      </trkpt>
      <trkpt lat="48.209784" lon="16.384646">
        <ele>170.971022</ele>
      </trkpt>
      <trkpt lat="48.209410" lon="16.384576">
        <ele>171.184397</ele>
      </trkpt>
      <trkpt lat="48.208991" lon="16.384377">
        <ele>171.433206</ele>
      </trkpt>
      <trkpt lat="48.208421" lon="16.383960">
        <ele>171.792211</ele>
      </trkpt>
      <trkpt lat="48.208331" lon="16.383893">
        <ele>171.849089</ele>
      </trkpt>
      <trkpt lat="48.208287" lon="16.384015">
        <ele>171.901427</ele>
      </trkpt>
      <trkpt lat="48.208240" lon="16.384152">
        <ele>171.957319</ele>
      </trkpt>
      <trkpt lat="48.208204" lon="16.384256">
        <ele>171.954496</ele>
      </trkpt>
      <trkpt lat="48.207967" lon="16.384956">
        <ele>171.935584</ele>
      </trkpt>
      <trkpt lat="48.207929" lon="16.385065">
        <ele>171.932621</ele>
      </trkpt>
      <trkpt lat="48.207786" lon="16.385484">
        <ele>171.921282</ele>
      </trkpt>
      <trkpt lat="48.207755" lon="16.385575">
        <ele>171.918820</ele>
      </trkpt>
      <trkpt lat="48.207457" lon="16.386461">
        <ele>171.894914</ele>
      </trkpt>
      <trkpt lat="48.207407" lon="16.386605">
        <ele>171.892443</ele>
      </trkpt>
      <trkpt lat="48.207328" lon="16.386524">
        <ele>171.892443</ele>
      </trkpt>
      <trkpt lat="48.207059" lon="16.386349">
        <ele>171.892443</ele>
      </trkpt>
      <trkpt lat="48.206867" lon="16.386202">
        <ele>171.892443</ele>
      </trkpt>
      <trkpt lat="48.206850" lon="16.386190">
        <ele>171.892443</ele>
      </trkpt>
      <trkpt lat="48.206816" lon="16.386166">
        <ele>171.892443</ele>
      </trkpt>
      <trkpt lat="48.206327" lon="16.385867">
        <ele>171.892443</ele>
      </trkpt>
      <trkpt lat="48.206135" lon="16.385670">
        <ele>171.892443</ele>
      </trkpt>
      <trkpt lat="48.205916" lon="16.385519">
        <ele>171.892443</ele>
      </trkpt>
      <trkpt lat="48.205929" lon="16.385454">
        <ele>171.892443</ele>
      </trkpt>
      <trkpt lat="48.205931" lon="16.385416">
        <ele>171.892443</ele>
      </trkpt>
      <trkpt lat="48.205983" lon="16.385250">
        <ele>171.892443</ele>
      </trkpt>
      <trkpt lat="48.206016" lon="16.385274">
        <ele>171.892443</ele>
      </trkpt>
      <trkpt lat="48.206067" lon="16.385332">
        <ele>171.892443</ele>
      </trkpt>
      <trkpt lat="48.205955" lon="16.385248">
        <ele>171.892443</ele>
      </trkpt>
      <trkpt lat="48.205907" lon="16.385215">
        <ele>171.892443</ele>
      </trkpt>
      <trkpt lat="48.205964" lon="16.385039">
        <ele>171.892443</ele>
      </trkpt>
      <trkpt lat="48.205956" lon="16.384915">
        <ele>171.892443</ele>
      </trkpt>
      <trkpt lat="48.205967" lon="16.384883">
        <ele>171.892443</ele>
      </trkpt>
    </trkseg>
  </trk>
</gpx>
